rank,english,pos,count,example,proposed,origin,from_or_base,alt1,alt2,alt3,decision,note
1,say,VERB,51414,"Once upon a time, in a warm and sunny place, there was a big pit. A little boy named Tom liked to play near the pit. One",kviz,invented,,zhuzk,strish,dush,,
2,day,NOUN,43741,"Once upon a time, in a warm and sunny place, there was a big pit. A little boy named Tom liked to play near the pit. One",zeng,invented,,glel,frush,glorn,,sound check v0
3,play,VERB,43274,"Once upon a time, in a warm and sunny place, there was a big pit. A little boy named Tom liked to play near the pit. One",khalg,invented,,brirl,ging,dwush,,
4,big,ADJ,36060,"Once upon a time, in a warm and sunny place, there was a big pit. A little boy named Tom liked to play near the pit. One",gorz,invented,,glul,zosh,dezk,,sound check v0
5,see,VERB,34428,"Once upon a time, in a warm and sunny place, there was a big pit. A little boy named Tom liked to play near the pit. One",thiz,invented,,strish,zhuzk,smor,,sound check v0
6,go,VERB,30340,"Once upon a time, in a warm and sunny place, there was a big pit. A little boy named Tom liked to play near the pit. One",truk,invented,,zhulg,zish,brurz,,sound check v0
7,friend,NOUN,29339,"u don't have to be scared of the loud dog, I'll protect you"". The mole felt so safe with the little girl. She was very k",grum,invented,,dworm,brilk,glul,,
8,happy,ADJ,28141,Tom and Lily were playing with their toys in the living room. They liked to build towers and bridges with their blocks a,dant,invented,,khrurm,khreg,dezk,,
9,mom,NOUN,24479,Once upon a time there was a little girl named Lucy. She loved to go to the store to buy sweets with her mom and dad. On,kard,invented,,frend,kveth,wush,,
10,little,ADJ,24077,"u don't have to be scared of the loud dog, I'll protect you"". The mole felt so safe with the little girl. She was very k",glaz,invented,,trolg,lorg,glorm,,
11,time,NOUN,22161,"Once upon a time, in a warm and sunny place, there was a big pit. A little boy named Tom liked to play near the pit. One",stram,invented,,khruzk,kvet,slud,,
12,name,VERB,21087,"Once upon a time, in a warm and sunny place, there was a big pit. A little boy named Tom liked to play near the pit. One",dwel,invented,,kvonk,dosh,glash,,
13,bird,NOUN,18788,"Lily and Max were playing in the park with their mom. They liked to slide, swing, and run on the grass. They also liked ",strer,invented,,zham,stresh,glash,,
14,look,VERB,17959,"Once upon a time, in a warm and sunny place, there was a big pit. A little boy named Tom liked to play near the pit. One",grezk,invented,,mif,strukh,glul,,
15,find,VERB,17719,"u don't have to be scared of the loud dog, I'll protect you"". The mole felt so safe with the little girl. She was very k",flim,invented,,nint,stold,vif,,
16,make,VERB,17093,Tom and Lily were playing with their toys in the living room. They liked to build towers and bridges with their blocks a,drand,invented,,dush,glul,kvant,,sound check v0
17,toy,NOUN,15730,Tom and Lily were playing with their toys in the living room. They liked to build towers and bridges with their blocks a,skrum,invented,,strush,glolg,khrurg,,
18,together,ADV,14868,Tom and Lily were playing with their toys in the living room. They liked to build towers and bridges with their blocks a,skrok,invented,,khreg,zish,glash,,
19,help,VERB,14428,"Once upon a time, in a warm and sunny place, there was a big pit. A little boy named Tom liked to play near the pit. One",sloz,invented,,kveth,glarl,wush,,
20,like,VERB,14230,"Once upon a time, in a warm and sunny place, there was a big pit. A little boy named Tom liked to play near the pit. One",klal,invented,,strush,klirl,glel,,
21,dog,NOUN,13423,"u don't have to be scared of the loud dog, I'll protect you"". The mole felt so safe with the little girl. She was very k",glang,invented,,klirl,zhuzk,khreg,,
22,good,ADJ,13024,"u don't have to be scared of the loud dog, I'll protect you"". The mole felt so safe with the little girl. She was very k",kleg,invented,,strush,brilk,zirm,,
23,come,VERB,12837,"u don't have to be scared of the loud dog, I'll protect you"". The mole felt so safe with the little girl. She was very k",vun,invented,,krern,nint,slolk,,sound check v0
24,cat,NOUN,12700,"One morning, a cat named Tom woke up. He felt happy because the sun was shining. Tom wanted to start his day, so he did ",flan,invented,,trurm,nint,glorm,,
25,feel,VERB,12522,"u don't have to be scared of the loud dog, I'll protect you"". The mole felt so safe with the little girl. She was very k",droz,invented,,dush,glul,zham,,
26,love,VERB,12517,Tom and Lily were playing with their toys in the living room. They liked to build towers and bridges with their blocks a,lus,invented,,kvant,nint,zhuzk,,
27,girl,NOUN,12478,"u don't have to be scared of the loud dog, I'll protect you"". The mole felt so safe with the little girl. She was very k",dhrog,invented,,zhuzk,ging,glul,,
28,tree,NOUN,12074,"Lily and Max were playing in the park with their mom. They liked to slide, swing, and run on the grass. They also liked ",skik,invented,,khruzk,bruld,brilk,,
29,ball,NOUN,11856,"Once upon a time, in a warm and sunny place, there was a big pit. A little boy named Tom liked to play near the pit. One",zhun,invented,,glel,shulg,brurz,,
30,boy,NOUN,11327,"Once upon a time, in a warm and sunny place, there was a big pit. A little boy named Tom liked to play near the pit. One",skorg,invented,,dhrolk,gish,dezk,,
31,too,ADV,11322,"Once upon a time, in a warm and sunny place, there was a big pit. A little boy named Tom liked to play near the pit. One",dhrang,invented,,klunt,dwurk,stold,,
32,sad,ADJ,11263,"Once upon a time, in a warm and sunny place, there was a big pit. A little boy named Tom liked to play near the pit. One",grer,invented,,khruzk,kvut,slun,,
33,get,VERB,10912,"Once upon a time, in a warm and sunny place, there was a big pit. A little boy named Tom liked to play near the pit. One",khrat,invented,,zush,glul,shuf,,
34,take,VERB,10835,"Lily and Tom were twins who liked to decorate things. They had a big box of crayons, stickers, and glitter. One day, the",glind,invented,,trurm,smath,khreg,,
35,run,VERB,10502,Tom and Lily were playing with their toys in the living room. They liked to build towers and bridges with their blocks a,guzk,invented,,duth,dosh,zish,,
36,know,VERB,10339,"One morning, a cat named Tom woke up. He felt happy because the sun was shining. Tom wanted to start his day, so he did ",zork,invented,,khreg,glul,thild,,sound check v0
37,ask,VERB,10176,"Once upon a time, in a warm and sunny place, there was a big pit. A little boy named Tom liked to play near the pit. One",zink,invented,,strush,bilk,smof,,
38,fun,NOUN,9887,"One morning, a cat named Tom woke up. He felt happy because the sun was shining. Tom wanted to start his day, so he did ",weg,invented,,khrurm,trolg,tirn,,
39,park,NOUN,9194,"Lily and Max were playing in the park with their mom. They liked to slide, swing, and run on the grass. They also liked ",khalgaz,derived,@play/VERB+PLACE,,,,,khalg+PLACE
40,smile,VERB,8935,Tom and Lily were playing with their toys in the living room. They liked to build towers and bridges with their blocks a,thring,invented,,freb,smos,glarl,,
41,start,VERB,8932,"One morning, a cat named Tom woke up. He felt happy because the sun was shining. Tom wanted to start his day, so he did ",stut,invented,,glul,zush,derm,,
42,try,VERB,8745,"Once upon a time, in a warm and sunny place, there was a big pit. A little boy named Tom liked to play near the pit. One",skat,invented,,smath,strazh,frush,,
43,think,VERB,8407,"Once upon a time, in a warm and sunny place, there was a big pit. A little boy named Tom liked to play near the pit. One",gril,invented,,zush,ging,glash,,
44,new,ADJ,8164,"Once upon a time, in a small house, there lived a little boy named Tim. Tim was an intelligent boy who loved to learn ne",smin,invented,,yark,mirm,nush,,
45,small,ADJ,7887,"Once upon a time, there was a little girl named Lily. She lived in a small, tidy house with her mom, dad, and her dog, M",shak,invented,,frend,glard,dosh,,
46,thing,NOUN,7234,"Lily and Tom were twins who liked to decorate things. They had a big box of crayons, stickers, and glitter. One day, the",kruth,invented,,glel,duth,wush,,
47,put,VERB,6943,Tom and Lily were playing with their toys in the living room. They liked to build towers and bridges with their blocks a,grarz,invented,,trurm,glul,dush,,
48,live,VERB,6843,"Once upon a time, there was a little girl named Lily. She lived in a small, tidy house with her mom, dad, and her dog, M",threb,invented,,trolg,zhulg,dhrolk,,
49,give,VERB,6765,Tom and Lily were playing with their toys in the living room. They liked to build towers and bridges with their blocks a,klond,invented,,frend,glel,trir,,
50,car,NOUN,6755,Tom and Lily were playing with their toys in the living room. They liked to build towers and bridges with their blocks a,kvold,invented,,krern,stalg,sish,,
51,scare,VERB,6633,"Once upon a time, there was a brave little cat named Tiny. Tiny lived in a small house with his best friend, a big armch",flarm,invented,,klunt,zhuzk,wush,,
52,again,ADV,6527,"Lily and Tom were twins who liked to decorate things. They had a big box of crayons, stickers, and glitter. One day, the",throsh,invented,,brurm,glel,trurg,,
53,thank,VERB,6510,Tom and Lily were playing with their toys in the living room. They liked to build towers and bridges with their blocks a,dhrin,invented,,khreg,glel,gish,,
54,eat,VERB,6265,"Once upon a time, there was a little girl called Bella. She was so excited to go to the market with her mum to buy some ",grosh,invented,,khreg,zhulg,brirl,,
55,house,NOUN,6197,Tom and Lily were playing with their toys in the living room. They liked to build towers and bridges with their blocks a,wazk,invented,,khruzk,thord,ging,,
56,learn,VERB,6106,Tom and Lily were playing with their toys in the living room. They liked to build towers and bridges with their blocks a,stroth,invented,,strush,wush,glel,,
57,box,NOUN,6072,"Lily and Tom were twins who liked to decorate things. They had a big box of crayons, stickers, and glitter. One day, the",krild,invented,,khrurm,strush,glul,,
58,laugh,VERB,5948,"Lily and Max were playing in the park with their mom. They liked to slide, swing, and run on the grass. They also liked ",zond,invented,,frend,smath,khruzk,,
59,fly,VERB,5546,"Lily and Tom were playing in the park. They liked to slide, swing and run. Lily had a red hat that her mom gave her. She",zhald,invented,,trazh,glul,ging,,
60,lot,NOUN,5308,"One morning, a cat named Tom woke up. He felt happy because the sun was shining. Tom wanted to start his day, so he did ",briz,invented,,glul,zhab,skrukh,,
61,walk,VERB,5291,"Lily and Max were playing in the park with their mom. They liked to slide, swing, and run on the grass. They also liked ",nug,invented,,dwirk,strush,kveth,,
62,tell,VERB,5256,Once upon a time there was a little girl named Lucy. She loved to go to the store to buy sweets with her mom and dad. On,milg,invented,,glash,trir,glul,,
63,man,NOUN,5255,"Once upon a time, there was a big bow. The bow was very strong and reliable. It was the best bow in the town. Everyone l",umgi,borrowed,"Khazalid umgi 'humans, manlings'",,,,,
64,become,VERB,4946,Once upon a time there was a little girl named Lucy. She loved to go to the store to buy sweets with her mom and dad. On,drarg,invented,,zhuzk,khruzk,klunt,,
65,red,ADJ,4761,"Once upon a time, in a warm and sunny place, there was a big pit. A little boy named Tom liked to play near the pit. One",zurl,invented,,dhrolk,brurm,glul,,
66,share,VERB,4746,Tom and Lily were playing with their toys in the living room. They liked to build towers and bridges with their blocks a,bazh,invented,,zhuzk,kvont,glel,,
67,decide,VERB,4640,Tom and Lily were playing with their toys in the living room. They liked to build towers and bridges with their blocks a,skrir,invented,,glolg,stresh,dilk,,
68,home,ADV,4578,"Lily and Tom were twins who liked to decorate things. They had a big box of crayons, stickers, and glitter. One day, the",skuz,invented,,zish,glalk,dhorl,,
69,room,NOUN,4498,Tom and Lily were playing with their toys in the living room. They liked to build towers and bridges with their blocks a,krab,invented,,dezk,ging,dhrern,,
70,water,NOUN,4490,"Once upon a time, there was a king. He was a big and strong king who ruled over his kingdom. One day, he wanted to take ",dhrard,invented,,kvonk,ging,dezk,,
71,excite,VERB,4367,"Once upon a time, in a small house, there lived a curious cat named Tom. Tom was always looking for new things to play w",runt,invented,,slizk,stith,dwurl,,
72,long,ADJ,4190,"Once upon a time, there was a king. He was a big and strong king who ruled over his kingdom. One day, he wanted to take ",nurk,invented,,yark,dosh,glul,,
73,nice,ADJ,4189,Tom and Lily were playing with their toys in the living room. They liked to build towers and bridges with their blocks a,smab,invented,,nint,strush,zhaf,,
74,just,ADJ,4163,Molly and Jake were playing in the park. Molly was laughing and smiling while Jake was being really rude. Jake was pushi,fle,invented,,khruzk,dosh,glel,,
75,fun,ADJ,4102,"Once upon a time, there was a gray cat named Tom. Tom lived in a big house with his best friend, a little boy named Tim.",weg,shared,@fun/NOUN,,,,,same word as fun/NOUN
76,fast,ADJ,4098,"Once upon a time, there was a big race. All the animals wanted to win the race. The prize was a soft mattress. The mattr",drirm,invented,,dirl,zush,ging,,
77,hear,VERB,4050,"Once upon a time, in a warm and sunny place, there was a big pit. A little boy named Tom liked to play near the pit. One",sonk,invented,,kvant,dhrolk,slord,,
78,open,VERB,4022,"Lily and Tom were twins who liked to decorate things. They had a big box of crayons, stickers, and glitter. One day, the",mizk,invented,,khruzk,khreg,smorl,,
79,show,VERB,3956,"Once upon a time, in a small house, there lived a little boy named Tim. Tim was an intelligent boy who loved to learn ne",verk,invented,,khrer,zish,sirl,,
80,jump,VERB,3951,"One day, a little cricket was in the garden. He liked to jump and play. The sun was shining and the sky was blue. The cr",bozk,invented,,khruzk,brirl,strakh,,
81,pretty,ADJ,3835,"Lily and Tom were twins who liked to decorate things. They had a big box of crayons, stickers, and glitter. One day, the",dord,invented,,glarl,dush,ging,,
82,happen,VERB,3758,"Once upon a time, there was a little girl called Bella. She was so excited to go to the market with her mum to buy some ",grord,invented,,strish,khreg,krern,,
83,pick,VERB,3743,"Once upon a time, in a small house, there lived a little boy named Tim. Tim was an intelligent boy who loved to learn ne",dhrunk,invented,,stulg,glul,trurm,,
84,old,ADJ,3721,"Lily and Max were playing in the park with their mom. They liked to slide, swing, and run on the grass. They also liked ",dhal,invented,,khruzk,khink,glul,,sound check v0
85,animal,NOUN,3720,"Once upon a time, in a big forest, there was a wise old owl. This owl had a long neck and knew many things. He lived in ",skazh,invented,,khrerk,zish,kvent,,
86,sun,NOUN,3625,"One morning, a cat named Tom woke up. He felt happy because the sun was shining. Tom wanted to start his day, so he did ",zhank,invented,,smath,stosh,dush,,
87,dad,NOUN,3593,Once upon a time there was a little girl named Lucy. She loved to go to the store to buy sweets with her mom and dad. On,nong,invented,,sker,dosh,zham,,
88,careful,ADJ,3589,"Lily and Tom were twins who liked to decorate things. They had a big box of crayons, stickers, and glitter. One day, the",shadankashrak,derived,@care/VERB+LIKE,,,,,shadankash+LIKE
89,sorry,ADJ,3471,Tom and Lily were playing with their toys in the living room. They liked to build towers and bridges with their blocks a,smez,invented,,frend,klirg,glash,,
90,keep,VERB,3428,"u don't have to be scared of the loud dog, I'll protect you"". The mole felt so safe with the little girl. She was very k",vash,invented,,krern,dush,glel,,
91,stop,VERB,3404,"Once upon a time, there was a big bow. The bow was very strong and reliable. It was the best bow in the town. Everyone l",brot,invented,,glul,glash,zosh,,
92,need,VERB,3353,"Lily and Max were playing in the park with their mom. They liked to slide, swing, and run on the grass. They also liked ",vald,invented,,strush,zhulg,khrurm,,
93,fish,NOUN,3316,"Once upon a time, there was a gray cat named Tom. Tom lived in a big house with his best friend, a little boy named Tim.",varz,invented,,brurm,klunt,zeld,,
94,rock,NOUN,3299,Once there was a boy who loved playing in the mine. Every day he would fill up his bucket with dirt and rocks. Then he w,kurm,shared,@stone/NOUN,,,,,synonym of stone
95,sit,VERB,3214,"Once upon a time, there was a little girl called Bella. She was so excited to go to the market with her mum to buy some ",dwar,invented,,smath,glul,nush,,
96,use,VERB,3128,"Once upon a time, there was a big bow. The bow was very strong and reliable. It was the best bow in the town. Everyone l",dwald,invented,,dosh,glard,dild,,
97,food,NOUN,3127,"Once upon a time, there was a little girl called Bella. She was so excited to go to the market with her mum to buy some ",stuzk,invented,,trazh,brirl,zhuzk,,
98,sky,NOUN,3122,"Lily and Max were playing in the park with their mom. They liked to slide, swing, and run on the grass. They also liked ",thrand,invented,,strazh,smath,smos,,
99,hello,INTJ,3120,"One day, a little boy named Tim went to play outside. It was a wet day, and there were many puddles on the ground. Tim l",skrel,invented,,klolg,trolg,zhulg,,
100,watch,VERB,3115,"Once upon a time, there was a big race. All the animals wanted to win the race. The prize was a soft mattress. The mattr",khand,invented,,zhulg,fint,besh,,
101,idea,NOUN,3109,Tom and Lily were playing with their toys in the living room. They liked to build towers and bridges with their blocks a,trink,invented,,grakorn,gamrog,balgut,,
102,listen,VERB,3104,"Lily and Max were playing in the park with their mom. They liked to slide, swing, and run on the grass. They also liked ",gakig,invented,,uran,klazkug,khruzk,,
103,flower,NOUN,3102,"One day, a little boy named Tim went to play outside. It was a wet day, and there were many puddles on the ground. Tim l",damil,invented,,dokiz,thribkut,bangok,,
104,hug,VERB,3072,Tom and Lily were playing with their toys in the living room. They liked to build towers and bridges with their blocks a,thralg,invented,,gonek,galand,grukun,,
105,hand,NOUN,3058,Once upon a time there was a very brilliant girl named Sofia. Sofia was only three years old but she was already very sm,dhruz,invented,,ginant,grendon,galbe,,
106,high,ADJ,2964,"Once upon a time, in a warm and sunny place, there was a big pit. A little boy named Tom liked to play near the pit. One",garn,invented,,strish,zhuzk,glard,,
107,cake,NOUN,2930,Tom and Lily were playing with their toys in the living room. They liked to build towers and bridges with their blocks a,tharoz,invented,,kolgan,sengthrug,trungril,,
108,special,ADJ,2897,Once upon a time there was a little girl named Lucy. She loved to go to the store to buy sweets with her mom and dad. On,kokflu,invented,,vumbar,dangrod,vengal,,
109,anymore,ADV,2798,Sara and Tom were having lunch with their mom. They liked to eat pasta with cheese and tomato sauce. Mom gave them each ,khrazh,invented,,smorl,kvant,smos,,
110,sudden,ADJ,2795,Once upon a time there was a very brilliant girl named Sofia. Sofia was only three years old but she was already very sm,dwong,invented,,vagun,afdal,drene,,
111,even,ADJ,2791,Once there was a little girl named Lucy. She was only three years old and she loved to laugh. One day she was playing in,drazhel,invented,,dasar,anro,vafta,,
112,bug,NOUN,2776,"Once upon a time, there was a little worm named Wiggly. Wiggly lived in a big garden with many plants and flowers. Wiggl",skrash,invented,,krern,derm,zhas,,
113,safe,ADJ,2754,"u don't have to be scared of the loud dog, I'll protect you"". The mole felt so safe with the little girl. She was very k",dabur,invented,,kankag,mazard,kvonk,,
114,people,NOUN,2746,"Once upon a time, in a small town, there was a tall hero named Tom. Tom was very strong and always helped people. One da",vind,invented,,khreg,glard,zham,,
115,hard,ADJ,2737,"Lily and Max were playing in the park with their mom. They liked to slide, swing, and run on the grass. They also liked ",shunk,invented,,frend,freb,klurl,,
116,okay,INTJ,2715,"One day, a boy named Tim went to the doctor with his mom. The doctor said he needed an x-ray. Tim was scared, but his mo",renok,invented,,gugrag,skuborl,trolg,,
117,cry,VERB,2671,Tom and Lily were playing with their toys in the living room. They liked to build towers and bridges with their blocks a,dwuz,invented,,andon,konrun,skozaf,,
118,bad,ADJ,2657,"Once upon a time, there was a big race. All the animals wanted to win the race. The prize was a soft mattress. The mattr",erkuk,invented,,adiz,lingand,dontenk,,
119,soon,ADV,2651,"u don't have to be scared of the loud dog, I'll protect you"". The mole felt so safe with the little girl. She was very k",dinda,invented,,buraz,grangrem,thrunduz,,
120,talk,VERB,2648,"One day, a little boy named Tim found a soft, small board. He picked it up and saw a tiny ant on it. Tim said, ""Hi, litt",kend,shared,@speak/VERB,,,,,synonym of speak
121,game,NOUN,2645,"Once upon a time, there was a little girl called Bella. She was so excited to go to the market with her mum to buy some ",brard,invented,,dongenk,unkal,varar,,
122,home,NOUN,2620,"One morning, a cat named Tom woke up. He felt happy because the sun was shining. Tom wanted to start his day, so he did ",skuz,shared,@home/ADV,,,,,same word as home/ADV
123,fall,VERB,2614,"Once upon a time, in a warm and sunny place, there was a big pit. A little boy named Tom liked to play near the pit. One",stro,invented,,glalk,stel,glard,,
124,surprise,VERB,2584,"Steve wanted to surprise his friend Marie, so he went out and bought her a nice folder. When he saw her, Steve happily o",gakram,invented,,zaril,khrorkhag,kangash,,
125,work,VERB,2578,"Once upon a time, in a big forest, there was a wise old owl. This owl had a long neck and knew many things. He lived in ",krez,invented,,klunt,glel,freld,,sound check v0
126,ground,NOUN,2561,"Once upon a time, there was a wealthy man named Tom. He had a big house near a cliff. Tom liked to sort his many toys in",warnark,invented,,kloraz,kiruz,yark,,
127,break,VERB,2550,Tom and Lily were playing with their toys in the living room. They liked to build towers and bridges with their blocks a,grelg,invented,,zush,glul,dwesh,,
128,shiny,ADJ,2545,"Lily and Tom were twins who liked to decorate things. They had a big box of crayons, stickers, and glitter. One day, the",kvak,invented,,frend,glel,ging,,
129,proud,ADJ,2534,Tom and Lily were playing with their toys in the living room. They liked to build towers and bridges with their blocks a,dronk,invented,,trurm,strush,duth,,
130,door,NOUN,2530,"Lily and Tom were twins who liked to decorate things. They had a big box of crayons, stickers, and glitter. One day, the",gizag,shared,@gate/NOUN,,,,,synonym of gate
131,hurt,VERB,2476,Tom and Lily were playing with their toys in the living room. They liked to build towers and bridges with their blocks a,trant,invented,,zundhran,ambak,kizok,,
132,climb,VERB,2475,"Once upon a time, in a small town, there was a tall hero named Tom. Tom was very strong and always helped people. One da",smang,invented,,razez,azkald,grunez,,
133,way,NOUN,2471,"Once upon a time, there was a little girl named Sue. Sue was very thoughtful. She always helped her mom and dad. One day",dulg,invented,,krular,londash,ginim,,
134,story,NOUN,2469,Once upon a time there was a very brilliant girl named Sofia. Sofia was only three years old but she was already very sm,benk,invented,,bablin,khushklaz,randan,,
135,wait,VERB,2467,"Emily was very excited. She was going to the office to paint. She loved painting, and she had heard the office was very ",khrun,invented,,thranreng,kokrorl,zegor,,
136,unexpected,ADJ,2446,"One day, a little boy named Tim went to play outside. It was a wet day, and there were many puddles on the ground. Tim l",galg,invented,,dworm,trazh,glul,,
137,end,NOUN,2420,Once upon a time there was a little girl named Lucy. She loved to go to the store to buy sweets with her mom and dad. On,vith,invented,,grungaz,nunol,izkan,,
138,well,ADJ,2410,"Once upon a time, there was a little girl named Lily. She lived in a small, tidy house with her mom, dad, and her dog, M",skoth,invented,,khrurm,strish,shum,,
139,call,VERB,2392,"Once upon a time, in a warm and sunny place, there was a big pit. A little boy named Tom liked to play near the pit. One",treng,invented,,graton,zezun,dumthaf,,
140,bear,NOUN,2384,"Once upon a time, in a big forest, there was a fearful little dog named Spot. Spot was always scared of everything. One ",glunk,invented,,dhrazdaz,dolthriz,drezkom,,
141,garden,NOUN,2367,Tom and Lily were playing with their toys in the living room. They liked to build towers and bridges with their blocks a,komathaz,derived,@grow/VERB+PLACE,,,,,komath+PLACE
142,loud,ADJ,2364,"u don't have to be scared of the loud dog, I'll protect you"". The mole felt so safe with the little girl. She was very k",wazkath,invented,,anmaz,badath,nontok,,
143,still,ADV,2331,"Lily and Tom were twins who liked to decorate things. They had a big box of crayons, stickers, and glitter. One day, the",gading,invented,,zengik,thrazarz,bedran,,
144,place,NOUN,2305,"Once upon a time, in a warm and sunny place, there was a big pit. A little boy named Tom liked to play near the pit. One",dugin,invented,,borurn,afdand,strush,,
145,help,NOUN,2303,"Once upon a time, in a warm and sunny place, there was a big pit. A little boy named Tom liked to play near the pit. One",sloz,shared,@help/VERB,,,,,same word as help/VERB
146,family,NOUN,2302,Tom and Lily were playing with their toys in the living room. They liked to build towers and bridges with their blocks a,threnk,invented,,kvonk,glarl,glul,,
147,blue,ADJ,2289,"Lily and Max were playing in the park with their mom. They liked to slide, swing, and run on the grass. They also liked ",budroz,invented,,klodal,krazhul,zobek,,
148,kind,ADJ,2239,"u don't have to be scared of the loud dog, I'll protect you"". The mole felt so safe with the little girl. She was very k",sonkhruz,invented,,zazda,thruleg,amgaz,,
149,kid,NOUN,2235,Tom and Lily were playing with their toys in the living room. They liked to build towers and bridges with their blocks a,kvingit,derived,@child/NOUN+DIM,,,,,kving+DIM
150,stay,VERB,2221,"Once upon a time, in a small house, there was a deep hole. The hole was so deep that no one could see the bottom. A fami",stril,invented,,zhulg,drowe,skroba,,
151,book,NOUN,2217,"Once upon a time, in a small house, there lived a little boy named Tim. Tim was an intelligent boy who loved to learn ne",kron,borrowed,"Khazalid kron 'book, record'",,,,,
152,meet,VERB,2174,"Once upon a time, in a small house, there lived a little boy named Tim. Tim was an intelligent boy who loved to learn ne",brunk,invented,,zhulg,brurm,dosh,,
153,strong,ADJ,2170,"Once upon a time, there was a king. He was a big and strong king who ruled over his kingdom. One day, he wanted to take ",krang,invented,,strazh,frend,klunt,,sound check v0
154,forest,NOUN,2164,"Once upon a time, in a big forest, there was a wise old owl. This owl had a long neck and knew many things. He lived in ",skikaz,derived,@tree/NOUN+PLACE,,,,,skik+PLACE
155,great,ADJ,2145,Once upon a time there was a little girl named Lucy. She loved to go to the store to buy sweets with her mom and dad. On,gendu,invented,,bragu,tranga,khreg,,
156,boat,NOUN,2127,"Once upon a time, there was a gray cat named Tom. Tom lived in a big house with his best friend, a little boy named Tim.",bolak,invented,,bobam,zangas,khreg,,
157,noise,NOUN,2093,"Lily and Max were playing in the park with their mom. They liked to slide, swing, and run on the grass. They also liked ",gekun,invented,,wanag,kamin,kolash,,
158,reach,VERB,2064,Tom and Lily were playing with their toys in the living room. They liked to build towers and bridges with their blocks a,grurl,invented,,brurm,khrurg,dezk,,
159,move,VERB,2049,"Once upon a time, there was a friendly dog named Bob. Bob liked to run and play all day. One day, Bob saw a big billboar",sazon,invented,,grurun,skukal,brurm,,
160,picture,NOUN,2048,"Emily was very excited. She was going to the office to paint. She loved painting, and she had heard the office was very ",grozbon,invented,,glurag,utund,dworku,,
161,lose,VERB,2047,"Once upon a time, in a warm and sunny place, there was a big pit. A little boy named Tom liked to play near the pit. One",treth,invented,,vezuk,lezang,antaz,,
162,beautiful,ADJ,2044,"Once upon a time, there was a happy girl named May. She loved to play in the park and swing on the swings. One day, May ",nangan,invented,,strawoz,drunga,hakraz,,
163,sing,VERB,2028,"Lily and Max were playing in the park with their mom. They liked to slide, swing, and run on the grass. They also liked ",izash,derived,@song/NOUN+VBZ,,,,,iza+VBZ
164,hop,VERB,2009,"Lily and Tom were twins who liked to decorate things. They had a big box of crayons, stickers, and glitter. One day, the",flizol,invented,,kengrok,gufral,mazand,,
165,please,INTJ,2002,"Lily and Tom were twins who liked to decorate things. They had a big box of crayons, stickers, and glitter. One day, the",glaraz,invented,,strazud,vatak,bazkon,,
166,frog,NOUN,1983,"One day, a little boy named Tim went to play outside. It was a wet day, and there were many puddles on the ground. Tim l",rikas,invented,,khindriz,gangnar,roral,,
167,hold,VERB,1972,"Lily and Tom were playing in the park. They liked to slide, swing and run. Lily had a red hat that her mom gave her. She",khazon,invented,,wuluk,ritrod,kvokrul,,
168,soft,ADJ,1954,"Once upon a time, there was a big race. All the animals wanted to win the race. The prize was a soft mattress. The mattr",skilg,invented,,zangro,kikak,tadrin,,
169,do,VERB,1949,"One ordinary day, the sun was shining brightly. Suddenly, a loud noise was heard! A little boy, Jimmy, went outside to i",huzh,invented,,grahung,durdreg,runglam,,
170,town,NOUN,1945,"Once upon a time, there was a big bow. The bow was very strong and reliable. It was the best bow in the town. Everyone l",drarol,invented,,grinkong,kvegrul,karking,,
171,close,ADJ,1939,"Once upon a time, there was a little worm named Wiggly. Wiggly lived in a big garden with many plants and flowers. Wiggl",klin,invented,,mazek,kotrak,malgu,,
172,leaf,NOUN,1925,"Once upon a time, in a big forest, there was a wise old owl. This owl had a long neck and knew many things. He lived in ",thrurk,invented,,krern,trurg,sish,,
173,hat,NOUN,1915,"Lily and Tom were playing in the park. They liked to slide, swing and run. Lily had a red hat that her mom gave her. She",lublank,invented,,throran,koka,khalan,,
174,catch,VERB,1911,"One day, a little girl named Lily went to the park. She saw a pretty angel playing. The angel had big wings and a nice s",vazarg,invented,,banglirn,zazek,gingun,,
175,yummy,ADJ,1905,"Once upon a time, there was a little girl named Lily. She lived in a small, tidy house with her mom, dad, and her dog, M",grazkomrak,shared,@tasty/ADJ,,,,,synonym of tasty
176,angry,ADJ,1904,Tom and Lily were playing with their toys in the living room. They liked to build towers and bridges with their blocks a,zengna,invented,,zigdha,lakez,rakaz,,
177,mouse,NOUN,1879,"Once upon a time, there was a little boy named Tim. He loved to play in the park. One sunny day, Tim went to the park wi",tharn,invented,,zalung,gagurl,grokar,,
178,nod,VERB,1862,"Lily and Tom were twins who liked to decorate things. They had a big box of crayons, stickers, and glitter. One day, the",fluz,invented,,therbaz,thralkhu,wukflal,,
179,truck,NOUN,1851,Once there was a baby. His name was unknown. Each day he would sit in the marketplace. He was trying to sell his toy tru,daraf,invented,,kunbam,thangul,dutur,,
180,doll,NOUN,1839,Tom and Lily were playing with their toys in the living room. They liked to build towers and bridges with their blocks a,zangut,invented,,grurun,wagrol,dikuz,,
181,rabbit,NOUN,1839,"Once upon a time, there was a big race. All the animals wanted to win the race. The prize was a soft mattress. The mattr",baga,invented,,krintol,nongang,abug,,
182,wind,NOUN,1831,"Once upon a time, in a big forest, there was a wise old owl. This owl had a long neck and knew many things. He lived in ",khash,invented,,nint,smath,khink,,
183,worry,VERB,1828,"Once upon a time, there was a little girl called Bella. She was so excited to go to the market with her mum to buy some ",dhrelg,invented,,ulthrum,thrimban,irthraz,,
184,hide,VERB,1812,"One day, a little cricket was in the garden. He liked to jump and play. The sun was shining and the sky was blue. The cr",brus,invented,,gingro,grukel,gadrath,,
185,stick,NOUN,1794,"Once upon a time, in a big forest, there was a wise old owl. This owl had a long neck and knew many things. He lived in ",frazk,invented,,bazka,dokaz,zugrash,,
186,brave,ADJ,1793,"Sara and Ben are friends. They like to play outside in the sun. But one day, the sky is not clear. It is dark and gray. ",zabniz,invented,,vugrank,birkuz,skrizhuk,,
187,hole,NOUN,1737,"Lily and Tom were playing in the park. They liked to slide, swing and run. Lily had a red hat that her mom gave her. She",krongnul,invented,,dendug,rurirk,tantil,,
188,warm,ADJ,1736,"Once upon a time, in a warm and sunny place, there was a big pit. A little boy named Tom liked to play near the pit. One",vorog,invented,,klorob,skrurig,dalyazk,,
189,face,NOUN,1724,"Once upon a time, there was a little girl called Bella. She was so excited to go to the market with her mum to buy some ",flork,invented,,ganda,flumand,drathduk,,
190,also,ADV,1703,"One morning, a cat named Tom woke up. He felt happy because the sun was shining. Tom wanted to start his day, so he did ",grith,invented,,grirdug,thangraz,sekur,,
191,magic,ADJ,1688,"One day, a little boy named Tim went to play outside. It was a wet day, and there were many puddles on the ground. Tim l",thrizkol,invented,,yazak,engkazk,dongonk,,
192,swim,VERB,1681,"Once upon a time, there was a young fish named Fin. Fin liked to swim and play with his friends in the water. One day, F",dwengurn,invented,,glarok,thromrung,khruka,,
193,bunny,NOUN,1671,"Once upon a time, there was a little girl named Amy. She had a toy named Quick. Quick was a fast bunny that could run an",bagit,derived,@rabbit/NOUN+DIM,,,,,baga+DIM
194,push,VERB,1670,"Once upon a time, there was a little boat. The boat loved to speed on the water. One day, the boat saw a perfect island ",dangran,invented,,gramva,lurin,zhuza,,
195,fix,VERB,1662,"Once upon a time, in a big forest, there was a wise old owl. This owl had a long neck and knew many things. He lived in ",kalund,invented,,bazul,zinan,gramdim,,
196,sunny,ADJ,1648,"Once upon a time, in a warm and sunny place, there was a big pit. A little boy named Tom liked to play near the pit. One",zhankrak,derived,@sun/NOUN+LIKE,,,,,zhank+LIKE
197,turn,VERB,1648,"Once upon a time, there was a cool cat named Tom. Tom loved to go for a jog in the park. Every day, he would put on his ",brantaz,invented,,rarin,grardaf,dwuzkal,,
198,green,ADJ,1630,"Once upon a time, there was a little girl named Sally. Sally was adventurous. She loved to explore and find new things. ",wern,invented,,khreg,drabuz,skarwam,,
199,slide,NOUN,1628,"Once upon a time, in a small park, there was a big slide. All the kids loved to play on the slide. But one day, a stubbo",kongunk,invented,,glazkuz,nunag,brurm,,
200,dance,VERB,1626,"Once upon a time, there was a little dog named Spot. Spot was a dirty dog because he liked to play in the mud. One day, ",dhrarkha,invented,,zulthong,ondun,khrokul,,
201,apple,NOUN,1598,"Once upon a time, there was a little boy named Tim. Tim was a very obedient boy. He always listened to his mom and dad. ",kangril,invented,,grorer,gonal,krern,,
202,clean,VERB,1588,Tom and Lily were playing with their toys in the living room. They liked to build towers and bridges with their blocks a,drizk,invented,,barne,washum,urkhash,,
203,walk,NOUN,1582,"Once upon a time, there was a little girl named Sally. Sally was adventurous. She loved to explore and find new things. ",nug,shared,@walk/VERB,,,,,same word as walk/VERB
204,funny,ADJ,1581,"Lily and Max were playing in the park with their mom. They liked to slide, swing, and run on the grass. They also liked ",droth,invented,,hagorz,zalonk,sildan,,
205,store,NOUN,1567,Once upon a time there was a little girl named Lucy. She loved to go to the store to buy sweets with her mom and dad. On,hormaz,derived,@buy/VERB+PLACE,,,,,horm+PLACE
206,squirrel,NOUN,1564,It was a sunny day and two friends decided to travel. They were so happy to be able to take a journey together. One had ,kronurn,invented,,drozkok,gitkhrum,hizok,,
207,wear,VERB,1552,Once upon a time there was a very brilliant girl named Sofia. Sofia was only three years old but she was already very sm,lamkhrun,invented,,drirdaz,dakrin,kangorz,,
208,tire,VERB,1551,"Once there was a helpful little girl. She was always willing to help her mom with chores. One day, her mom asked her to ",strun,invented,,khreg,khink,glel,,
209,touch,VERB,1545,"Lily and Tom were twins who liked to decorate things. They had a big box of crayons, stickers, and glitter. One day, the",grizu,invented,,ontan,kezaz,azung,,
210,eye,NOUN,1543,"Lily and Max were playing in the park with their mom. They liked to slide, swing, and run on the grass. They also liked ",bonda,invented,,grondoz,grehum,braza,,
211,bed,NOUN,1534,"Lily and Tom were twins who liked to decorate things. They had a big box of crayons, stickers, and glitter. One day, the",klebak,invented,,grugral,homrun,dazgor,,
212,maybe,ADV,1529,"Lily and Max were playing in the park with their mom. They liked to slide, swing, and run on the grass. They also liked ",gunom,invented,,dhruzash,zangkhruf,vokfliz,,
213,mommy,NOUN,1526,"Once upon a time, there was a little girl named Lily. She had a birdcage with a pretty bird inside. Every day, Lily woul",kardit,derived,@mom/NOUN+DIM,,,,,kard+DIM
214,remember,VERB,1521,"Once upon a time, there was a little girl named Lily. She lived in a small, tidy house with her mom, dad, and her dog, M",unguz,invented,,zhaf,wush,glul,,sound check v0
215,leave,VERB,1519,"Once upon a time, there was a little boy named Tim. Tim was a very obedient boy. He always listened to his mom and dad. ",briba,invented,,kozal,khazaz,khreg,,
216,party,NOUN,1511,"Once upon a time, there was a young fish named Fin. Fin liked to swim and play with his friends in the water. One day, F",drurel,invented,,kizkak,drathan,griko,,
217,pull,VERB,1500,Tom and Lily were playing with their toys in the living room. They liked to build towers and bridges with their blocks a,kurbold,invented,,olba,warkhaz,dwurk,,
218,spot,NOUN,1498,Once upon a time there was a poor girl who lived in a small house. Every day she would step out of her house carrying a ,grirn,invented,,klirl,gish,mif,,
219,pond,NOUN,1490,"Lily and Ben like to race. They race with their bikes, their feet, and their toys. One day, they find a big roll of pape",stong,invented,,grabal,beba,wakug,,
220,ice,NOUN,1486,Lily and Tom were playing in the garden. They liked to look at the flowers and the bugs. They saw a big yellow and black,skrakash,invented,,egrang,gagur,kengrim,,
221,kitchen,NOUN,1484,Tom and Lily were playing with their toys in the living room. They liked to build towers and bridges with their blocks a,dwergaz,derived,@cook/VERB+PLACE,,,,,dwerg+PLACE
222,color,NOUN,1469,"Emily was very excited. She was going to the office to paint. She loved painting, and she had heard the office was very ",klatash,invented,,ralkhrang,groshek,skongru,,
223,follow,VERB,1408,"Lily and Tom were twins who liked to decorate things. They had a big box of crayons, stickers, and glitter. One day, the",drerl,invented,,uraz,angag,ekthrot,,
224,throw,VERB,1404,Sara and Tom were having lunch with their mom. They liked to eat pasta with cheese and tomato sauce. Mom gave them each ,skramal,invented,,babun,nelkarm,strazh,,
225,final,ADJ,1394,Mum was carrying the blackboard. She looked very uncomfortable. She had been carrying the blackboard for what felt like ,throrg,invented,,glul,glerk,klirz,,
226,agree,VERB,1382,Once upon a time there was a little girl named Lucy. She loved to go to the store to buy sweets with her mom and dad. On,klish,invented,,donun,balgarz,zekung,,
227,head,NOUN,1382,"Lily and Tom were playing in the park. They liked to slide, swing and run. Lily had a red hat that her mom gave her. She",tarl,invented,,klolg,dworm,zhuzk,,
228,grow,VERB,1372,"One day, a little boy named Tim went to play outside. It was a wet day, and there were many puddles on the ground. Tim l",komath,invented,,trurand,grangel,krakut,,
229,wish,VERB,1365,"Once upon a time, in a small house, there lived a poor boy named Tim. Tim was sad because he had no friends to play with",kagam,invented,,britru,gardal,ogrash,,
230,enjoy,VERB,1362,"Once upon a time, there was a king. He was a big and strong king who ruled over his kingdom. One day, he wanted to take ",nukwal,invented,,kaman,skamat,andrar,,
231,right,ADJ,1362,Once upon a time there was a very brilliant girl named Sofia. Sofia was only three years old but she was already very sm,khrorl,invented,,tragaz,khukdral,irnak,,
232,real,ADJ,1353,"Once upon a time, there was a friendly dog named Bob. Bob liked to run and play all day. One day, Bob saw a big billboar",kluf,invented,,gasharn,grablab,obran,,
233,curious,ADJ,1351,Sara and Tom were having lunch with their mom. They liked to eat pasta with cheese and tomato sauce. Mom gave them each ,dhrond,invented,,kveth,throbel,onran,,
234,yard,NOUN,1338,"Once upon a time, there was a fierce cat named Tom. Tom liked to play with his friends outside. One day, Tom saw a big d",khul,invented,,nint,strush,wush,,
235,hill,NOUN,1331,It was a sunny day and two friends decided to travel. They were so happy to be able to take a journey together. One had ,dakal,invented,,drangiz,gardhrat,dambaf,,
236,smile,NOUN,1325,Once there was a boy who loved playing in the mine. Every day he would fill up his bucket with dirt and rocks. Then he w,thring,shared,@smile/VERB,,,,,same word as smile/VERB
237,begin,VERB,1320,"Once upon a time, there was a king. He was a big and strong king who ruled over his kingdom. One day, he wanted to take ",ungril,invented,,duzhut,grarul,flilunk,,
238,duck,NOUN,1320,Ben liked to sail his boat on the pond. He made the boat from a box and a stick. He tied a cloth to the stick for a sail,daharg,invented,,grovon,gralbil,krern,,
239,important,ADJ,1316,Tom and Lily were playing with their toys in the living room. They liked to build towers and bridges with their blocks a,gakflof,invented,,vozuk,gungal,nint,,
240,bright,ADJ,1304,"Emily was very excited. She was going to the office to paint. She loved painting, and she had heard the office was very ",nokflal,invented,,wukhstok,harnel,wizkak,,
241,grab,VERB,1303,"Once upon a time, there was a king. He was a big and strong king who ruled over his kingdom. One day, he wanted to take ",smuk,invented,,sker,dosh,dezk,,
242,favorite,ADJ,1303,"Once upon a time, in a small house, there lived a little boy named Tim. Tim was an intelligent boy who loved to learn ne",defraz,invented,,lordra,khakthrak,freb,,
243,wow,INTJ,1300,"Lily and Max were playing in the park with their mom. They liked to slide, swing, and run on the grass. They also liked ",kingdrol,invented,,azkalg,griraz,wahul,,
244,buy,VERB,1299,Once upon a time there was a little girl named Lucy. She loved to go to the store to buy sweets with her mom and dad. On,horm,invented,,dazrak,azkiz,drunral,,
245,tall,ADJ,1296,Tom and Lily were playing with their toys in the living room. They liked to build towers and bridges with their blocks a,grent,invented,,mazkha,kvekuz,raru,,
246,bring,VERB,1276,Peter was walking beside a wild river. All of a sudden he saw a bright mineral in the water and decided to reach for it.,drib,invented,,trazh,ging,glel,,
247,tail,NOUN,1273,"One morning, a cat named Tom woke up. He felt happy because the sun was shining. Tom wanted to start his day, so he did ",datrok,invented,,grifta,gralan,thramlu,,
248,moral,NOUN,1267,"Once upon a time, in a small park, there was a big slide. All the kids loved to play on the slide. But one day, a stubbo",thrim,invented,,grabzhu,velkhru,vingkaz,,
249,block,NOUN,1262,Tom and Lily were playing with their toys in the living room. They liked to build towers and bridges with their blocks a,skush,invented,,harar,kramang,vuzez,,
250,cookie,NOUN,1261,"Once upon a time, there was a little girl named Lily. She lived in a small, tidy house with her mom, dad, and her dog, M",umdhaz,invented,,nadeth,kludroz,angral,,
251,floor,NOUN,1258,Tom and Lily were playing with their toys in the living room. They liked to build towers and bridges with their blocks a,skarn,invented,,glul,zish,duth,,
252,top,NOUN,1258,"Once upon a time, there was a kind girl named Amy. She liked to help people a lot. One day, her friend Tom was going on ",kvuzk,invented,,nuzbun,krazkang,strarul,,
253,cold,ADJ,1255,Peter was walking beside a wild river. All of a sudden he saw a bright mineral in the water and decided to reach for it.,frirk,invented,,volgrin,rulkhrel,giba,,
254,cream,NOUN,1251,"Anna and Ben are twins. They like to play in the attic. The attic has many old things. Some things are toys, some things",irek,invented,,grabrok,dekruk,zhungral,,
255,lady,NOUN,1244,"Lily and Tom were playing in the park. They liked to slide, swing and run. Lily had a red hat that her mom gave her. She",stirk,invented,,kangrud,wunal,drangar,,
256,night,NOUN,1244,"Once upon a time, there was a little girl named Mia. Mia had a big, soft bed that she loved to sleep in. She would jump ",mulok,invented,,zungunk,frazgon,drokezk,,sound check v0
257,bag,NOUN,1242,"Mommy was busy packing. She was getting ready for a visit. She put her bags in the car and got in, ready to drive.  On t",trond,invented,,khreg,seld,ging,,
258,song,NOUN,1237,"Lily and Max were playing in the park with their mom. They liked to slide, swing, and run on the grass. They also liked ",iza,invented,,eruz,zarank,vondriz,,sound check v0
259,shout,VERB,1231,Sara was very excited. She was going outside to fly a kite. Her mom helped her prepare the kite. She had to tie string t,kvoral,invented,,barof,grugez,mitdrog,,
260,surprise,NOUN,1231,"Once upon a time, there was a young fish named Fin. Fin liked to swim and play with his friends in the water. One day, F",gakram,shared,@surprise/VERB,,,,,same word as surprise/VERB
261,table,NOUN,1227,Sara and Tom were having lunch with their mom. They liked to eat pasta with cheese and tomato sauce. Mom gave them each ,kvarg,invented,,brurm,nint,glard,,
262,swing,NOUN,1226,"Lily and Max were playing in the park with their mom. They liked to slide, swing, and run on the grass. They also liked ",solg,invented,,klalkhun,truskil,grazhful,,
263,draw,VERB,1223,"Lily and Tom were twins who liked to decorate things. They had a big box of crayons, stickers, and glitter. One day, the",staz,invented,,glel,zish,dhrish,,
264,grass,NOUN,1221,"Lily and Max were playing in the park with their mom. They liked to slide, swing, and run on the grass. They also liked ",sharl,invented,,khintul,darbin,dokon,,
265,voice,NOUN,1219,"Tom and Lily liked to play in the park. They liked to slide, swing and run. But their favorite thing was to go in the tu",grolk,invented,,gozruz,graral,zizon,,
266,far,ADJ,1212,"Once upon a time, there was a little boy called Jack. He was so adorable! He loved to draw, so he had lots of crayons. O",khralk,invented,,strazh,kvant,khreg,,
267,yellow,ADJ,1209,"Lily and Max were playing in the park with their mom. They liked to slide, swing, and run on the grass. They also liked ",skreng,invented,,khreg,glel,zush,,
268,different,ADJ,1201,"Once upon a time, there was a wealthy man named Tom. He had a big house near a cliff. Tom liked to sort his many toys in",klath,invented,,gratrush,kugaz,gralan,,
269,read,VERB,1198,"Once upon a time, in a small house, there lived a little boy named Tim. Tim was an intelligent boy who loved to learn ne",thrirna,invented,,ungrut,degan,ardal,,
270,paper,NOUN,1192,"Lily and Ben like to race. They race with their bikes, their feet, and their toys. One day, they find a big roll of pape",kokung,invented,,ruzguz,grodraz,dwalkaz,,
271,hungry,ADJ,1182,Sara and Tom were having lunch with their mom. They liked to eat pasta with cheese and tomato sauce. Mom gave them each ,dhreth,invented,,akut,glarun,hardo,,
272,explore,VERB,1179,Once upon a time there was a scared turtle named Turtle. He was scared because he didn't recognize the work he had to do,gratam,invented,,aliz,galdhrar,wartrar,,
273,adventure,NOUN,1176,"Once upon a time, there was a gray cat named Tom. Tom lived in a big house with his best friend, a little boy named Tim.",glakint,invented,,rubla,sugrul,akot,,
274,clean,ADJ,1153,"Once upon a time, there was a little girl named Lily. She lived in a small, tidy house with her mom, dad, and her dog, M",drizk,shared,@clean/VERB,,,,,same word as clean/VERB
275,blow,VERB,1149,"Once upon a time, in a big forest, there was a wise old owl. This owl had a long neck and knew many things. He lived in ",thrizk,invented,,frend,strazh,yark,,
276,lion,NOUN,1140,"One day, Tom and his mom went to the zoo. They saw many animals like a big lion, a long snake, and a funny monkey. Tom l",khriz,invented,,zharda,skrasas,ginga,,
277,friendly,ADJ,1129,"Once upon a time, in a small house, there lived a little boy named Tim. Tim was an intelligent boy who loved to learn ne",grumrak,derived,@friend/NOUN+LIKE,,,,,grum+LIKE
278,ready,ADJ,1128,"Once upon a time, there was a little girl called Bella. She was so excited to go to the market with her mum to buy some ",thazk,invented,,bezan,zirim,zhindrun,,
279,piece,NOUN,1125,"Once upon a time, in a small house, there lived a little boy named Tim. Tim was an intelligent boy who loved to learn ne",dunan,invented,,warlud,ungnar,ronrang,,
280,full,ADJ,1125,"Emily was very excited. She was going to the office to paint. She loved painting, and she had heard the office was very ",fram,invented,,dhrolk,khrurm,strazh,,
281,hot,ADJ,1121,"Once upon a time, there was a king. He was a big and strong king who ruled over his kingdom. One day, he wanted to take ",daslam,invented,,skruze,gomborn,thrikru,,
282,forget,VERB,1101,"Once upon a time, there was a little girl named Lily. She lived in a small, tidy house with her mom, dad, and her dog, M",azharm,invented,,nokwan,hokur,zonguz,,
283,train,NOUN,1095,"Sara and Tom are friends. They like to play with toys in Sara's room. Sara has many toys. She has dolls, cars, blocks an",mungrol,invented,,albon,gugarg,angrat,,
284,clap,VERB,1090,"Lily and Ben like to race. They race with their bikes, their feet, and their toys. One day, they find a big roll of pape",barm,invented,,khreg,steg,dosh,,
285,dress,NOUN,1087,"One day, a little girl named Lily was very excited. It was her birthday and she wanted to celebrate with her friends. Sh",gotrar,invented,,grirgag,viril,salkhru,,
286,stick,VERB,1084,"Once upon a time, in a warm and sunny place, there was a big pit. A little boy named Tom liked to play near the pit. One",hokthaz,invented,,drarak,lugag,grashul,,
287,wet,ADJ,1080,"Once upon a time, there was a gray cat named Tom. Tom lived in a big house with his best friend, a little boy named Tim.",glenaz,invented,,engkak,kulan,arkuz,,
288,sweet,ADJ,1072,Tom and Lily were playing with their toys in the living room. They liked to build towers and bridges with their blocks a,dhruld,invented,,strazh,bruld,kvonk,,
289,wood,NOUN,1065,"Once upon a time, there was a curious little boy named Tim. He liked to mind his mom and dad. One day, Tim saw a hunter ",dukar,invented,,kekar,grorokh,katma,,
290,only,ADJ,1058,Once there was a little girl named Lucy. She was only three years old and she loved to laugh. One day she was playing in,loth,invented,,stulg,duth,mish,,
291,goodbye,NOUN,1054,"One morning, a cat named Tom woke up. He felt happy because the sun was shining. Tom wanted to start his day, so he did ",vinal,invented,,skatil,wazal,barkuf,,
292,tiny,ADJ,1044,"One ordinary day, the sun was shining brightly. Suddenly, a loud noise was heard! A little boy, Jimmy, went outside to i",brorg,invented,,aror,skragak,grenrok,,
293,wave,VERB,1039,"Once upon a time, there was a gray cat named Tom. Tom lived in a big house with his best friend, a little boy named Tim.",dangruz,invented,,vikwan,vazril,mareth,,
294,win,VERB,1034,"Once upon a time, there was a big race. All the animals wanted to win the race. The prize was a soft mattress. The mattr",thrirl,invented,,strush,stulg,kvut,,
295,pretend,VERB,1032,"Once upon a time, there was a gray cat named Tom. Tom lived in a big house with his best friend, a little boy named Tim.",skald,invented,,klokaz,wabeg,rarluz,,
296,turn,NOUN,1029,Once upon a time there was a little girl named Lucy. She loved to go to the store to buy sweets with her mom and dad. On,brantaz,shared,@turn/VERB,,,,,same word as turn/VERB
297,dark,ADJ,1027,"Once upon a time, in a warm and sunny place, there was a big pit. A little boy named Tom liked to play near the pit. One",skom,invented,,glul,zish,kvet,,sound check v0
298,amaze,VERB,1023,"Once upon a time, there was a powerful octopus. His tentacles stretched for miles, and all the other creatures in the se",nuzak,invented,,krizhuk,drugag,arung,,
299,race,NOUN,1019,"Once upon a time, there was a big race. All the animals wanted to win the race. The prize was a soft mattress. The mattr",thragra,invented,,harkhag,skrino,khalful,,
300,rain,NOUN,1016,"One day, a little cricket was in the garden. He liked to jump and play. The sun was shining and the sky was blue. The cr",gruzh,invented,,thradaf,gubol,hanruk,,
301,sound,NOUN,1015,"Lily and Max were playing in the park with their mom. They liked to slide, swing, and run on the grass. They also liked ",zushukral,invented,,daboruz,draldolu,onkinda,,
302,baby,NOUN,1010,Lily was playing with her doll in her room. She liked to pretend that her doll was her baby and she was the mom. She wan,azoz,invented,,mariz,gruzon,kugan,,
303,wise,ADJ,1001,"Once upon a time, in a big forest, there was a wise old owl. This owl had a long neck and knew many things. He lived in ",angumska,invented,,brungaro,dimdangol,matarug,,
304,roll,VERB,997,It was a sunny day and two friends decided to travel. They were so happy to be able to take a journey together. One had ,unrug,invented,,grizok,khangag,rinkol,,
305,owl,NOUN,991,"Once upon a time, in a big forest, there was a wise old owl. This owl had a long neck and knew many things. He lived in ",gebund,invented,,rongral,zazus,uraz,,
306,star,NOUN,989,"Lily and Max were playing in the park with their mom. They liked to slide, swing, and run on the grass. They also liked ",krashal,invented,,ulgru,varda,hangrol,,
307,slow,ADJ,986,"Once upon a time, there was a big race. All the animals wanted to win the race. The prize was a soft mattress. The mattr",grald,invented,,ongkaz,gardark,kirkuk,,
308,glad,ADJ,986,Once upon a time there was a very special girl named Grace. She loved to try new things. One day she saw a big rock in t,nozhanrok,invented,,dhreratar,banunral,manrarez,,
309,fruit,NOUN,982,Lily was playing with her doll in her room. She liked to pretend that her doll was her baby and she was the mom. She wan,krulg,invented,,zham,lorg,dosh,,
310,mess,NOUN,979,"Lily and Tom were twins who liked to decorate things. They had a big box of crayons, stickers, and glitter. One day, the",grintaz,invented,,frurik,erag,thrurozk,,
311,moment,NOUN,979,"Once upon a time, in a small village, there was a boy named Tom. Tom had a toy spear. He loved to play with his spear al",onuldral,invented,,kuntabo,grarirak,grungrubom,,
312,notice,VERB,972,Once upon a time there was a little girl named Lucy. She loved to go to the store to buy sweets with her mom and dad. On,vokthra,invented,,vorgrur,dazaz,strula,,
313,sleep,VERB,972,"One morning, a cat named Tom woke up. He felt happy because the sun was shining. Tom wanted to start his day, so he did ",khrush,invented,,dush,glul,zham,,
314,promise,VERB,967,"Once upon a time, there was a powerful elephant. He lived in the forest, and he was very proud of how big and strong he ",ikatok,invented,,grobazut,gankazrol,boginba,,
315,shake,VERB,963,"Sara and Tom are friends. They like to play with toys in Sara's room. Sara has many toys. She has dolls, cars, blocks an",bunkarozh,invented,,morungur,vengbargu,grungalze,,
316,name,NOUN,961,"Lily and Max were playing in the park with their mom. They liked to slide, swing, and run on the grass. They also liked ",dwel,shared,@name/VERB,,,,,same word as name/VERB
317,join,VERB,958,Sara and Tom were having lunch with their mom. They liked to eat pasta with cheese and tomato sauce. Mom gave them each ,drazat,invented,,stranag,dintan,entuz,,
318,hug,NOUN,953,"Lily and Max were playing in the park with their mom. They liked to slide, swing, and run on the grass. They also liked ",thralg,shared,@hug/VERB,,,,,same word as hug/VERB
319,oh,INTJ,951,"Once upon a time, there was a little girl called Bella. She was so excited to go to the market with her mum to buy some ",hatan,invented,,glarin,dita,grangin,,
320,window,NOUN,949,"Lily and Tom were twins who liked to decorate things. They had a big box of crayons, stickers, and glitter. One day, the",korin,invented,,gurba,grumor,akhskal,,
321,finish,VERB,946,"Once upon a time, there was a king. He was a big and strong king who ruled over his kingdom. One day, he wanted to take ",vogwa,invented,,gogum,zilgut,anin,,
322,nest,NOUN,932,"Once upon a time, in a big forest, there was a wise old owl. This owl had a long neck and knew many things. He lived in ",thint,invented,,akrong,voban,brorok,,
323,scary,ADJ,930,"Once upon a time, in a warm and sunny place, there was a big pit. A little boy named Tom liked to play near the pit. One",flarmarak,derived,@scare/VERB+LIKE,,,,,flarm+LIKE
324,fight,VERB,924,"One day, a girl named Lucy went to play outside. It was cold and icy. She saw a big purple box. She wanted to see what w",skraf,invented,,kugabol,ongrugro,kadarat,,sound check v0
325,reply,VERB,922,"Once upon a time, there was a little girl called Bella. She was so excited to go to the market with her mum to buy some ",uzdok,invented,,zazar,gutrun,trangar,,
326,quick,ADJ,916,"Lily and Max are twins who like to do exercise. They have a big ball that they can roll on the grass. One day, they deci",azan,invented,,grekru,dozang,dhranbang,,
327,branch,NOUN,913,"Once upon a time, there was a clumsy dog named Spot. Spot liked to play with a big, red square toy. He would run and jum",thrarm,invented,,lokdak,bagul,dhruzan,,
328,child,NOUN,912,Once there was a little girl named Tina. She was only three and liked to try new things. Her mum told her she could go t,kving,invented,,kveth,strush,glarl,,
329,cloud,NOUN,907,"Lily and Max were playing in the park with their mom. They liked to slide, swing, and run on the grass. They also liked ",grezol,invented,,stromuf,ilgaz,grongend,,
330,dirty,ADJ,907,"Once upon a time, there was a little girl named Lily. She lived in a small, tidy house with her mom, dad, and her dog, M",wurerandrak,derived,@dirt/NOUN+LIKE,,,,,wurerand+LIKE
331,year,NOUN,903,Once upon a time there was a very brilliant girl named Sofia. Sofia was only three years old but she was already very sm,grahuk,invented,,balgra,zonat,sankil,,
332,lily,ADV,901,"Lily and Ben like to race. They race with their bikes, their feet, and their toys. One day, they find a big roll of pape",braron,invented,,vutan,bruguk,kibung,,
333,kind,NOUN,896,"Once upon a time, there was an incredible goose. He used to fly up high in the sky and check out the world below. One da",dunrak,invented,,shazal,danruk,khromban,,
334,sure,ADJ,893,"Once upon a time, there was a little girl named Sue. Sue was very thoughtful. She always helped her mom and dad. One day",driganroz,invented,,dhrangastu,zuzolgoz,ugundruz,,
335,colorful,ADJ,890,"Lily and Tom were twins who liked to decorate things. They had a big box of crayons, stickers, and glitter. One day, the",klatashrak,derived,@color/NOUN+LIKE,,,,,klatash+LIKE
336,butterfly,NOUN,888,"Tom and Lily liked to play in the park. They liked to slide, swing and run. But their favorite thing was to go in the tu",lanalan,invented,,gatangu,vuzdharbak,griligung,,
337,fill,VERB,881,"Once upon a time, there was a king. He was a big and strong king who ruled over his kingdom. One day, he wanted to take ",stard,invented,,rekom,vangdraz,badran,,
338,shine,VERB,881,"One ordinary day, the sun was shining brightly. Suddenly, a loud noise was heard! A little boy, Jimmy, went outside to i",brind,invented,,zuzba,alkug,gruzrin,,
339,chair,NOUN,880,"Once upon a time, there was a little girl named Sue. Sue was very thoughtful. She always helped her mom and dad. One day",grobuz,invented,,minkam,dwungil,zadil,,
340,understand,VERB,871,"Once upon a time, there was a cat named Tom. Tom was a successful cat. He was good at catching mice and was loved by his",brorururz,invented,,vuraku,valuka,vakdrazun,,
341,build,VERB,869,Tom and Lily were playing with their toys in the living room. They liked to build towers and bridges with their blocks a,dhriruz,invented,,gondang,ondrel,glul,,
342,wall,NOUN,868,"Lily and Tom were twins who liked to decorate things. They had a big box of crayons, stickers, and glitter. One day, the",kunra,invented,,dazdarg,kaldan,klokaz,,
343,job,NOUN,862,Once upon a time there were two mice called Sue and Nick who were very best friends. But Sue was a bit older than Nick s,nold,invented,,stingol,zagan,zazdon,,
344,tower,NOUN,861,Tom and Lily were playing with their toys in the living room. They liked to build towers and bridges with their blocks a,zeza,invented,,vitrut,dwashu,dralid,,
345,pink,ADJ,858,Billy was walking through the park. He was looking for something special. He noticed a mug on the ground. It was a prett,grangru,invented,,thringrek,dhrawash,gagdhand,,
346,treat,NOUN,857,Tom and Lily were playing with their toys in the living room. They liked to build towers and bridges with their blocks a,wazizkolg,invented,,khanglendin,dundakgan,butrozku,,
347,today,NOUN,855,"Once upon a time, there was a lively little girl named Lucy. Every day, she would go to the park with her mommy. On this",smazhuk,invented,,harkha,rukut,gozkal,,
348,hair,NOUN,854,"Once upon a time, there was a barber. He cut hair with big scissors. People liked him because he made them look nice. Bu",khrazengnon,invented,,gagralal,kukaskar,bazkadran,,
349,castle,NOUN,848,"Tom and Mia went to the park with Mom. They saw a big slide that looked like a shark. It had a mouth, teeth, eyes and a ",ozdob,invented,,ibun,bazat,shuf,,
350,drive,VERB,847,"Mommy was busy packing. She was getting ready for a visit. She put her bags in the car and got in, ready to drive.  On t",geran,invented,,ekarz,glarom,walgrel,,
351,mean,ADJ,844,"Once upon a time, there was a fierce cat named Tom. Tom liked to play with his friends outside. One day, Tom saw a big d",dhruzkazoz,invented,,kilaka,antazund,ararant,,
352,balloon,NOUN,839,"Once upon a time, there was a young fish named Fin. Fin liked to swim and play with his friends in the water. One day, F",kharm,invented,,kvonk,glash,glul,,
353,lesson,NOUN,838,Once upon a time there was a little girl named Lucy. She loved to go to the store to buy sweets with her mom and dad. On,goliz,invented,,nuntiz,dumdro,khrerk,,
354,sand,NOUN,836,"One day, a boy named Tom went to the beach with his mom. They had a lot of fun playing in the sand and the water. Tom li",zharz,invented,,kvant,amam,kingan,,
355,mouth,NOUN,829,Sara and Tom were having lunch with their mom. They liked to eat pasta with cheese and tomato sauce. Mom gave them each ,klazk,invented,,ungnozkal,frandungo,vandrezir,,
356,mean,VERB,825,Tom and Lily were playing with their toys in the living room. They liked to build towers and bridges with their blocks a,omdalkhu,invented,,klandungat,korena,zagizil,,
357,alone,ADJ,821,"Once upon a time, a little boy named Tim was feeling troubled. He was sad because he had no friends to play with. One da",skreth,invented,,slold,glul,mirm,,
358,cool,ADJ,818,"Once upon a time, there was a cool cat named Tom. Tom loved to go for a jog in the park. Every day, he would put on his ",grodhunk,invented,,grukish,gritat,smath,,
359,heavy,ADJ,817,"One day, an adventurous little boy named Tim wanted to go on a big bus. He asked his mom, ""Can I go on the bus, please?""",dunkul,invented,,morbuzk,zungaz,kharant,,
360,brother,NOUN,813,Sara and Tom were having lunch with their mom. They liked to eat pasta with cheese and tomato sauce. Mom gave them each ,zaka,invented,,golkhunun,trozkaza,kunokdan,,sound check v0
361,wing,NOUN,810,"One day, a little girl named Lily went to the park. She saw a pretty angel playing. The angel had big wings and a nice s",dhrurik,invented,,fluzag,hashbron,dhrablu,,
362,close,VERB,807,"Lily and Max were playing in the park with their mom. They liked to slide, swing, and run on the grass. They also liked ",dwungka,invented,,voban,gramthaf,khruzba,,
363,sea,NOUN,802,Once upon a time there was a little girl. She lived in a pretty house by the sea. The little girl was sad. She was so sa,orbez,invented,,mazud,dundril,vinrank,,
364,air,NOUN,800,"Lily and Ben like to race. They race with their bikes, their feet, and their toys. One day, they find a big roll of pape",zonung,invented,,malon,threraz,umbiz,,
365,gentle,ADJ,792,Lily was playing with her doll in her room. She liked to pretend that her doll was her baby and she was the mom. She wan,dunakda,invented,,skolungon,kazokud,kangralard,,
366,tight,ADJ,792,"One day, a boy named Tim and his dog, Spot, went to play in the attic. The attic was a tight space with many old things.",skazku,invented,,dangros,dhranan,angiz,,
367,word,NOUN,791,Once there was a boy who loved playing in the mine. Every day he would fill up his bucket with dirt and rocks. Then he w,klazandof,invented,,denkura,izkatalg,uzozdash,,
368,deep,ADJ,785,"Once upon a time, in a warm and sunny place, there was a big pit. A little boy named Tom liked to play near the pit. One",orn,invented,,khruzk,smos,klirl,,sound check v0
369,shoe,NOUN,785,"One day, a little girl named Sue found a light shoe. It was very pretty and shiny. Sue put the shoe on her foot and it f",grorokik,invented,,azunil,oruroz,manuluz,,
370,plant,NOUN,776,"Once upon a time, there was a little worm named Wiggly. Wiggly lived in a big garden with many plants and flowers. Wiggl",drezh,invented,,agdhrek,zazdhrak,zhumunk,,
371,bee,NOUN,775,"Once upon a time, there was a polite bee named Bob. Bob lived in a big hive with all his bee friends. The hive was in a ",zaskar,invented,,dundrosh,zingak,hazaz,,
372,white,ADJ,772,"Once upon a time, there was a musician who played a big white drum. He lived in a small house near the park. Every day, ",fleng,invented,,klolg,zhuzk,kherakfla,,
373,world,NOUN,764,Once upon a time there was a scared turtle named Turtle. He was scared because he didn't recognize the work he had to do,dwath,invented,,nint,krern,zoral,,
374,save,VERB,760,"Once upon a time, there was a little girl named Lily. She lived in a small, tidy house with her mom, dad, and her dog, M",thath,invented,,glarek,ushkruf,drarkus,,
375,clothes,NOUN,758,"Lila and Ben are friends. They like to play together. Today, they go to the park with their moms. They see a big stage. ",gunkunog,invented,,althrara,vabunkam,dumbozak,,
376,bark,VERB,751,"Once upon a time, there was a big palace. In the palace, there lived a king, a queen, and their little girl. The little ",druluz,invented,,virul,troril,vima,,
377,wrong,ADJ,750,"Once upon a time, in a small village, there was a boy named Tom. Tom had a toy spear. He loved to play with his spear al",grotaz,invented,,ekthrol,drumbiz,babram,,
378,button,NOUN,748,"Once upon a time, there was a big red alarm. The alarm had a loud voice. It always said ""Beep, beep!"" to tell people whe",skabra,invented,,riguz,uruzk,goresh,,
379,bit,NOUN,743,"One day, a little boy named Tim went to the store with his mom. Tim was a bit scared because he had never been to the st",zerbud,invented,,gingku,kumduk,mita,,
380,wag,VERB,743,Tom and Anna are playing in the park. They like to run and jump and slide. They see a big automobile on the road. It is ,angnez,invented,,skrago,wizak,donkhrik,,
381,fire,NOUN,740,Lily was playing with her doll in her room. She liked to pretend that her doll was her baby and she was the mom. She wan,dhrak,invented,,akrof,daskol,bragat,,sound check v0
382,hit,VERB,739,"Once upon a time, in a small house, there lived a curious cat named Tom. Tom was always looking for new things to play w",nurar,invented,,donkand,zuran,ranun,,
383,quiet,ADJ,734,"Once upon a time, there was a young fish named Fin. Fin liked to swim and play with his friends in the water. One day, F",irkal,invented,,skamthaz,zazum,kindink,,
384,later,ADJ,734,"Once there was a little girl named Alice. She was three years old and so excited to learn new things. One day, her paren",krorm,invented,,trurm,khreg,dwirk,,
385,cut,VERB,733,"Once upon a time, there was a little girl called Bella. She was so excited to go to the market with her mum to buy some ",dwint,invented,,sokram,uran,kvayar,,
386,wake,VERB,731,"One morning, a cat named Tom woke up. He felt happy because the sun was shining. Tom wanted to start his day, so he did ",klizor,invented,,kangkaf,dhraldog,vorkhug,,
387,ant,NOUN,730,"One day, a little boy named Tim found a soft, small board. He picked it up and saw a tiny ant on it. Tim said, ""Hi, litt",tuborak,invented,,grozatek,shazkagdha,zangkungang,,
388,parent,NOUN,729,Tom and Lily were playing with their toys in the living room. They liked to build towers and bridges with their blocks a,kregaz,invented,,grurur,klalin,grantat,,
389,teach,VERB,729,"One day, a little girl named Mia found a basket. It was a big basket with a lid. Mia was very curious. She wanted to ope",klarururg,invented,,lenaran,wutudal,azutok,,
390,carry,VERB,721,Once upon a time there was a poor girl who lived in a small house. Every day she would step out of her house carrying a ,zamdug,invented,,orshund,nashdhruk,zakflar,,
391,field,NOUN,721,"One day, a big, hairy bull was in a field. He was very happy. The sun was shining, and the birds were singing. The bull ",frakras,invented,,kuzer,rizkak,gakuk,,
392,stand,VERB,718,"Once upon a time, there was a little girl named Sue. Sue was very thoughtful. She always helped her mom and dad. One day",grinboz,invented,,halgalg,nokwag,korlok,,
393,drink,VERB,718,Sara and Tom were having lunch with their mom. They liked to eat pasta with cheese and tomato sauce. Mom gave them each ,glok,invented,,skrungam,grumvol,kraza,,sound check v0
394,stone,NOUN,717,"One day, a little girl named Mia went to the park. She saw a yellow bird. The bird said, ""Help me collect silver stones,",kurm,invented,,zham,glash,zeld,,sound check v0
395,drop,VERB,713,"Once upon a time, in a small house, there lived a little boy named Tim. Tim was an intelligent boy who loved to learn ne",borild,invented,,laluk,klaban,zethgan,,
396,key,NOUN,708,"One day, Tom and his mom went to the zoo. They saw many animals like a big lion, a long snake, and a funny monkey. Tom l",skint,invented,,dwush,glard,nint,,
397,gift,NOUN,705,"Once upon a time, in a small house, there lived a little girl named Lily. Lily had a big, scary toy that she did not lik",taska,invented,,vurkhunk,tangram,arkhu,,
398,snack,NOUN,702,"Tom and Lily liked to play in the park. They liked to slide, swing and run. But their favorite thing was to go in the tu",smark,invented,,khruzk,nongra,kizkag,,
399,paint,VERB,700,"Emily was very excited. She was going to the office to paint. She loved painting, and she had heard the office was very ",weth,invented,,kvonk,hakflol,agrig,,
400,beach,NOUN,696,"One day, a boy and his dad were at the beach. The boy was happy and he ran around looking for things to explore. He saw ",griburkhar,invented,,grukanaf,morila,enongan,,
401,leg,NOUN,693,"One morning, a cat named Tom woke up. He felt happy because the sun was shining. Tom wanted to start his day, so he did ",frug,invented,,krern,klunt,dosh,,
402,chase,VERB,692,"Tom and Mia are friends. They like to play with toys. One day, they find a new object in the park. It is shiny and round",dhrirk,invented,,zhuzk,nint,shuf,,
403,sister,NOUN,691,Tom and Lily were playing with their toys in the living room. They liked to build towers and bridges with their blocks a,dorkazil,invented,,rukarak,hotrakdan,ardukuk,,
404,cup,NOUN,688,"Once upon a time, there was a cat named Tom. Tom was a successful cat. He was good at catching mice and was loved by his",griskag,invented,,mumbok,ramor,gruzuth,,
405,monster,NOUN,684,"Once upon a time, in a small house, there was a dependable cat named Tom. He loved to help his family. One day, a monste",klenk,invented,,nulbol,ganrez,moru,,
406,river,NOUN,681,Peter was walking beside a wild river. All of a sudden he saw a bright mineral in the water and decided to reach for it.,trark,invented,,nint,dekan,klulak,,
407,dinner,NOUN,679,"Once upon a time, there was a little girl called Bella. She was so excited to go to the market with her mum to buy some ",skulk,invented,,khreg,glel,mif,,
408,round,ADJ,677,"Once upon a time, in a small house, there lived a little boy named Tim. Tim was an intelligent boy who loved to learn ne",rongdran,invented,,dumdhak,nordra,dakud,,
409,bike,NOUN,675,"Lily and Ben like to race. They race with their bikes, their feet, and their toys. One day, they find a big roll of pape",stid,invented,,trolg,vokum,dazkuz,,
410,smart,ADJ,671,"Lily and Max were playing in the park with their mom. They liked to slide, swing, and run on the grass. They also liked ",izulgre,invented,,kuzorord,adozdaz,vubungror,,
411,bottle,NOUN,668,"Once upon a time, there was a broken toy car. It was very sad because it could not play with the other toys. The toy car",dununk,invented,,iraz,grozkor,boling,,
412,own,ADJ,662,Tom and Lily were playing with their toys in the living room. They liked to build towers and bridges with their blocks a,rindromo,invented,,gruguduk,kozuzan,strutizoz,,
413,play,NOUN,661,"Once upon a time, in a small town, the people wanted to have a big festival. They wanted it to be perfect. They worked h",khalg,shared,@play/VERB,,,,,same word as play/VERB
414,farm,NOUN,660,"Once upon a time, there was a brave cow named Bessie. Bessie loved to skip and play in the big green field. She had many",andrakash,invented,,dwuzdokan,khubkolul,khazgunglag,,
415,king,NOUN,659,"Once upon a time, there was a king. He was a big and strong king who ruled over his kingdom. One day, he wanted to take ",rik,borrowed,"Khazalid rik 'king, lord'",,,,,
416,monkey,NOUN,657,"Once upon a time, there was a little leopard named Leo. Leo lived in a big forest with his family. He had a lot of frien",bingnel,invented,,zuzkil,irbaz,grulgaz,,
417,miss,VERB,656,"Once upon a time, there was a little girl named Amy. She had a toy named Quick. Quick was a fast bunny that could run an",nanrik,invented,,skufdig,dukthruk,voka,,
418,dragon,NOUN,656,Once upon a time there was a little girl named Sarah. She was playing outside when she saw something terrible in the sky,drakk,borrowed,Khazalid drakk 'dragon',,,,,
419,count,VERB,654,"Once upon a time, there was a happy girl named May. She loved to play in the park and swing on the swings. One day, May ",dendak,invented,,skraron,grogru,wuru,,
420,realize,VERB,653,Tom and Lily were playing with their toys in the living room. They liked to build towers and bridges with their blocks a,frurn,invented,,trezbung,titral,zuzkok,,
421,fairy,NOUN,651,"Sara and Tom are friends. They like to play with toys in Sara's room. Sara has many toys. She has dolls, cars, blocks an",duzon,invented,,grarul,zangkank,grutring,,
422,kite,NOUN,648,Sara was very excited. She was going outside to fly a kite. Her mom helped her prepare the kite. She had to tie string t,kvirm,invented,,glorl,atag,hozak,,
423,write,VERB,645,"One day, a little girl named Sue found a pen on the floor. She picked it up and thought it was very special. Sue had an ",nalk,invented,,khrilg,bokargan,anratag,,
424,fox,NOUN,643,"Once upon a time there were two friends, a fox and a bear. They played together a lot and had great fun, but sometimes t",izingrin,invented,,orokut,alengam,dwazkale,,
425,sign,NOUN,642,"One day, a little girl named Sue found a pen on the floor. She picked it up and thought it was very special. Sue had an ",dhrarwang,invented,,dralang,hakdash,gragum,,
426,continue,VERB,642,"One day, a little boy named Tim went for a walk. He saw a stream with water that was flowing. Tim liked to play near the",drarut,invented,,daldra,ungran,dolkhaz,,
427,bowl,NOUN,641,"One day, a little girl named Mia was in the kitchen with her mom. Mia's mom was making pasta for dinner. Mia was very hu",dhrorarg,invented,,gruzoz,londrik,thrunglir,,
428,snake,NOUN,633,"One day, Tom and his mom went to the zoo. They saw many animals like a big lion, a long snake, and a funny monkey. Tom l",wangon,invented,,khankan,vukat,uzkind,,
429,work,NOUN,632,Tom and Lily were playing with their toys in the living room. They liked to build towers and bridges with their blocks a,krez,shared,@work/VERB,,,,,same word as work/VERB
430,silly,ADJ,631,"Sara and Ben are friends. They like to play outside in the sun. But one day, the sky is not clear. It is dark and gray. ",sland,invented,,varandrul,zongradash,akaril,,
431,care,VERB,630,Tom and Lily were playing with their toys in the living room. They liked to build towers and bridges with their blocks a,shadankash,invented,,kakushdwaz,zadruzot,rankurboz,,
432,swing,VERB,629,"Once upon a time, there was a happy girl named May. She loved to play in the park and swing on the swings. One day, May ",solg,shared,@swing/NOUN,,,,,same word as swing/NOUN
433,puddle,NOUN,626,"One day, a little boy named Tim went to play outside. It was a wet day, and there were many puddles on the ground. Tim l",zongiran,invented,,dunglabal,bezathgaz,runbigaz,,
434,ride,VERB,626,Tim and Sue were friends who liked to play with their bicycles. They rode fast and had fun on the sunny day. They saw a ,skazazal,invented,,kuwadrern,engaral,katara,,
435,arm,NOUN,622,"Once upon a time, in a small town, there was a tall hero named Tom. Tom was very strong and always helped people. One da",trorz,invented,,kvonk,dwirk,glel,,
436,brown,ADJ,622,"Once upon a time, there was a pretty flower. The flower lived in a big garden. One day, a little boy named Tim saw the f",shant,invented,,dwirk,smath,kiguz,,
437,plan,NOUN,620,"Once upon a time, there was a fierce cat named Tom. Tom liked to play with his friends outside. One day, Tom saw a big d",guzhrazk,invented,,askord,muzez,monkik,,
438,cow,NOUN,617,"Once upon a time, there was a brave cow named Bessie. Bessie loved to skip and play in the big green field. She had many",guzatal,invented,,anrado,threrudan,bunirkazk,,
439,mud,NOUN,612,"Once upon a time, there was a little dog named Spot. Spot was a dirty dog because he liked to play in the mud. One day, ",bulgrel,invented,,strilag,buno,zinkur,,
440,letter,NOUN,611,"Tom and Lily liked to play in the park. They liked to slide, swing and run. But their favorite thing was to go in the tu",kliku,invented,,dhagronk,dwantel,dugakflong,,
441,rope,NOUN,610,"Once upon a time, there was an adorable little dog named Max. Max loved to play with his gear. He had a ball, a bone, an",kunrud,invented,,gramlaz,shulan,dwakarn,,
442,road,NOUN,607,"One day, a popular cat named Tom went for a walk. He saw a jar on the side of the road. Tom was curious, so he stepped c",gont,invented,,strazh,duth,glold,,sound check v0
443,soup,NOUN,607,"Once upon a time, there was a little girl called Anna. She had a yellow house and an aunt who loved to stir things. Ever",grarazk,invented,,dorkhak,doram,gruzam,,
444,light,NOUN,606,"Once upon a time, there was a young fish named Fin. Fin liked to swim and play with his friends in the water. One day, F",rardrok,invented,,gralbob,vathfruk,gruzon,,
445,perfect,ADJ,605,"John was playing in the living room. He was having lots of fun, touching all his toys. Suddenly, his mom walked into the",razgak,invented,,gatot,tunul,thobind,,
446,instead,ADV,605,"One day, a little girl named Sue was playing in the park. She saw a big tree with many leaves. Sue wanted to resist clim",khronk,invented,,glul,strush,staduk,,
447,shape,NOUN,603,"Lily and Tom were twins who liked to decorate things. They had a big box of crayons, stickers, and glitter. One day, the",krurd,invented,,trazh,dwangleg,arwuzk,,
448,dream,NOUN,601,"Once upon a time, in a big zoo, there was a poor rhinoceros named Remy. He was sad because he wanted to play with the ot",denbal,invented,,utzik,drinok,balgend,,
449,egg,NOUN,601,"Once upon a time, in a large house, there lived a sausage named Sam. Sam was a happy sausage, but he felt lonely. He wan",atronbul,invented,,dokdazik,engrozez,gronankik,,
450,rest,VERB,598,"Once upon a time, there was a cool cat named Tom. Tom loved to go for a jog in the park. Every day, he would put on his ",grangok,invented,,gruzun,zongul,gomog,,
451,set,VERB,597,"Lily and Ben like to race. They race with their bikes, their feet, and their toys. One day, they find a big roll of pape",gruzkas,invented,,frozkal,marlaz,vamboz,,
452,plane,NOUN,594,"Lily and Ben like to race. They race with their bikes, their feet, and their toys. One day, they find a big roll of pape",krobul,invented,,gramhul,zakif,furiz,,
453,visit,VERB,594,"One day, a little boy named Tim went to visit his friend, Sue. Sue had a cool toy that Tim liked. It was a skeleton. The",skogruka,invented,,girezkag,afrukral,arnikul,,
454,candy,NOUN,590,"Once upon a time, in a small village, there was a boy named Tom. Tom had a toy spear. He loved to play with his spear al",dankan,invented,,zondel,kangol,skotintu,,
455,jar,NOUN,588,"One day, a popular cat named Tom went for a walk. He saw a jar on the side of the road. Tom was curious, so he stepped c",indung,invented,,zabag,lomba,kekan,,
456,side,NOUN,586,"Once upon a time, in a big forest, there was a fearful little dog named Spot. Spot was always scared of everything. One ",nuzhra,invented,,drorik,ulkhran,lugro,,
457,spin,VERB,586,"Once upon a time, there were two friends, Jack and Jill. They wanted to find a fun place to play. After searching and se",dwanga,invented,,kafton,dazhud,valdrol,,
458,mother,NOUN,583,"Once upon a time, there was a happy girl named May. She loved to play in the park and swing on the swings. One day, May ",ranraz,invented,,gragan,garbal,lanash,,
459,enough,ADJ,582,"Once upon a time, there was a little boy named Brian. He was only three years old. Brian really wanted a toy, but he did",skuruku,invented,,songruzil,zhuzadan,voribok,,
460,coin,NOUN,579,"One day, an adventurous little boy named Tim wanted to go on a big bus. He asked his mom, ""Can I go on the bus, please?""",rerba,invented,,zibdwan,dhrungol,basan,,
461,lie,VERB,578,"Once upon a time, there was a happy girl named May. She loved to play in the park and swing on the swings. One day, May ",kingdram,invented,,uzkof,drital,holkhak,,
462,dangerous,ADJ,577,"Sara and Ben are friends. They like to play outside in the sun. But one day, the sky is not clear. It is dark and gray. ",tharat,invented,,uzkug,kunkong,vamrag,,
463,splash,VERB,572,Peter was walking beside a wild river. All of a sudden he saw a bright mineral in the water and decided to reach for it.,unond,invented,,mingazk,kvinil,zabnek,,
464,strange,ADJ,572,"Tom and Lily liked to play in the park. They liked to slide, swing and run. But their favorite thing was to go in the tu",dibno,invented,,dengrol,morkhan,ringon,,
465,crab,NOUN,571,"One day, a little boy named Tim went to the shore with his mom. They saw a humble crab walking on the sand. Tim wanted t",dwenk,invented,,khreg,koldre,dridaz,,
466,tasty,ADJ,570,"Once upon a time, there was a little girl named Lily. She lived in a small, tidy house with her mom, dad, and her dog, M",grazkomrak,derived,@taste/VERB+LIKE,,,,,grazkom+LIKE
467,wash,VERB,568,"Once upon a time, there was a king. He was a big and strong king who ruled over his kingdom. One day, he wanted to take ",throld,invented,,khrurm,arashdhal,dunglaga,,
468,paw,NOUN,568,"One day, a little dog named Max was playing in the park. He saw a big red ball and wanted to play with it. Max ran to th",vulk,invented,,smath,zhuzk,mintu,,
469,cook,VERB,566,"Mommy was cooking dinner. She had a dish in her hands and was pouring blue liquid into it. Suddenly, she smiled and gave",dwerg,invented,,zhuzk,stalg,zhab,,
470,daddy,NOUN,560,Tom and Lily were playing with their toys in the living room. They liked to build towers and bridges with their blocks a,nongit,derived,@dad/NOUN+DIM,,,,,nong+DIM
471,owner,NOUN,557,"Tom and Lily liked to play in the park. They liked to slide, swing and run. But their favorite thing was to go in the tu",hargaki,derived,harg+AGT,,,,,harg+AGT
472,dry,ADJ,556,"Lily and Ben like to race. They race with their bikes, their feet, and their toys. One day, they find a big roll of pape",gudil,invented,,rergro,darnab,unmand,,
473,lonely,ADJ,554,"Sara and Tom are friends. They like to play with toys in Sara's room. Sara has many toys. She has dolls, cars, blocks an",threzh,invented,,freb,dwurk,dungkubin,,
474,farmer,NOUN,553,"Once upon a time, there was a farmer. He was a very serious man. He liked to cook food for his animals. The animals love",andrakashki,derived,@farm/NOUN+AGT,,,,,andrakash+AGT
475,believe,VERB,549,"Emily was very excited. She was going to the office to paint. She loved painting, and she had heard the office was very ",khrind,invented,,zhulg,zish,glul,,
476,pot,NOUN,548,"Lily and Tom were twins who liked to decorate things. They had a big box of crayons, stickers, and glitter. One day, the",grulfal,invented,,zharuk,nungro,driloz,,
477,morning,NOUN,543,"One morning, a cat named Tom woke up. He felt happy because the sun was shining. Tom wanted to start his day, so he did ",ongak,invented,,skamlum,randud,negrak,,
478,taste,VERB,543,Sara and Tom were having lunch with their mom. They liked to eat pasta with cheese and tomato sauce. Mom gave them each ,grazkom,invented,,womank,malard,wanthre,,
479,point,VERB,541,"Lily and Max were playing in the park with their mom. They liked to slide, swing, and run on the grass. They also liked ",glundam,invented,,kamung,thagul,nolgosh,,
480,sack,NOUN,541,"Once upon a time, in a small town, there was a square. In the square, there was a big sack. The sack was full of toys. I",grarirnu,invented,,azonkhul,kanakid,azare,,
481,dig,VERB,540,"Once upon a time, in a small house, there was a little girl named Sue. Sue was a restless girl. She liked to play and ru",flund,invented,,glorn,slun,khink,,
482,school,NOUN,539,"Lily and Max were playing in the park with their mom. They liked to slide, swing, and run on the grass. They also liked ",strothaz,derived,@learn/VERB+PLACE,,,,,stroth+PLACE
483,care,NOUN,535,"Sara and Tom are friends. They like to play with toys in Sara's room. Sara has many toys. She has dolls, cars, blocks an",shadankash,shared,@care/VERB,,,,,same word as care/VERB
484,black,ADJ,534,"Once upon a time, there was a gifted bird named Blue. Blue could whistle the best songs in the forest. All the other ani",zangdrul,invented,,nashul,skukend,razhruz,,
485,delicious,ADJ,533,Lily was playing with her doll in her room. She liked to pretend that her doll was her baby and she was the mom. She wan,grazkomrak,shared,@tasty/ADJ,,,,,synonym of tasty
486,grandma,NOUN,533,"Sara and Tom are friends. They like to play with toys in Sara's room. Sara has many toys. She has dolls, cars, blocks an",drongu,invented,,buzul,vigruk,glufrak,,
487,bounce,VERB,533,"Once upon a time, there was a gym. In the gym, there was a light ball. The ball was very light and easy to play with. Ma",brish,invented,,nint,zhuzk,andus,,
488,lift,VERB,532,Sara was very excited. She was going outside to fly a kite. Her mom helped her prepare the kite. She had to tie string t,rongama,invented,,dardoshar,zazolag,arakflog,,
489,kick,VERB,530,"Sara and Ben are friends. They like to play outside in the sun. But one day, the sky is not clear. It is dark and gray. ",kvos,invented,,kveth,ging,duth,,
490,shop,NOUN,528,"Once upon a time, there was a little boy named Brian. He was only three years old. Brian really wanted a toy, but he did",hormaz,shared,@store/NOUN,,,,,synonym of store
491,cheer,VERB,527,"Once upon a time, there was a big race. All the animals wanted to win the race. The prize was a soft mattress. The mattr",banra,invented,,khringor,gurkhat,dhrazka,,
492,lake,NOUN,525,"Once, there was a big fire. It was very hot and uncomfortable. The fire turned wood into ash. A little bird saw the fire",gorarin,invented,,kunbavong,ruruzard,grangabek,,
493,shell,NOUN,523,Once upon a time there was a scared turtle named Turtle. He was scared because he didn't recognize the work he had to do,zaldom,invented,,grubkuk,thazarl,glardag,,
494,change,VERB,523,"Once upon a time, there was a friendly dog named Bob. Bob liked to run and play all day. One day, Bob saw a big billboar",kandrak,invented,,khakar,karwu,dekak,,
495,mad,ADJ,522,"Lily and Tom were twins who liked to decorate things. They had a big box of crayons, stickers, and glitter. One day, the",flerl,invented,,trazh,sharfrat,nakan,,
496,blanket,NOUN,521,Tom and Lily were playing with their dolls on Tuesday. They liked to pretend that their dolls were their babies and they,dukun,invented,,ondrash,dalez,wazhag,,
497,slide,VERB,520,"Lily and Max were playing in the park with their mom. They liked to slide, swing, and run on the grass. They also liked ",kongunk,shared,@slide/NOUN,,,,,same word as slide/NOUN
498,money,NOUN,520,"Once upon a time, there was a little boy named Tim. Tim was a very obedient boy. He always listened to his mom and dad. ",eradak,invented,,grururu,gungardat,daskazun,,
499,race,VERB,519,"Once upon a time, there was a big race. All the animals wanted to win the race. The prize was a soft mattress. The mattr",thragra,shared,@race/NOUN,,,,,same word as race/NOUN
500,welcome,ADJ,518,"Once upon a time, in a small town, there was a tall hero named Tom. Tom was very strong and always helped people. One da",kongoz,invented,,zadu,duzurn,bozat,,
501,smell,VERB,517,"Once upon a time, there was a cat named Tom. Tom was a successful cat. He was good at catching mice and was loved by his",grukwalol,invented,,gralkhogul,gegankaz,anglangar,,
502,music,NOUN,516,Once upon a time there was a tiny boy called Jack. He wanted to collect lots of different things. Every day he went out ,flont,invented,,strazh,klunt,khruzk,,
503,treasure,NOUN,515,"Once upon a time, in a small house, there was a little girl named Sue. Sue was a restless girl. She liked to play and ru",dozonar,invented,,senunag,guzodul,dakanug,,
504,same,ADJ,515,"Once upon a time, there was a cat named Tom. Tom was a successful cat. He was good at catching mice and was loved by his",thront,invented,,gish,glul,duth,,
505,mix,VERB,515,"One day, a girl named Sue was in the kitchen with her mom. Sue saw her mom's apron and thought it was pretty. Sue wanted",trorku,invented,,khrongin,grugra,kokre,,
506,pile,NOUN,513,"One day, a little girl named Mia went to the park. She saw a yellow bird. The bird said, ""Help me collect silver stones,",rekwazkar,invented,,uliboz,khanganku,zanthrake,,
507,bone,NOUN,508,"Once upon a time, there was a little girl named Lily. She lived in a small, tidy house with her mom, dad, and her dog, M",kaket,invented,,kongriz,dhruzal,ibrik,,
508,cute,ADJ,506,It was a sunny day and two friends decided to travel. They were so happy to be able to take a journey together. One had ,omwanuk,invented,,natrunga,skazguhal,ikazu,,
509,heart,NOUN,506,It was a sunny day and two friends decided to travel. They were so happy to be able to take a journey together. One had ,mongozk,invented,,dodrunk,katzo,ronkug,,
510,teacher,NOUN,503,Once there was a little girl named Tina. She was only three and liked to try new things. Her mum told her she could go t,klarururgaki,derived,@teach/VERB+AGT,,,,,klarururg+AGT
511,crayon,NOUN,501,"Lily and Tom were twins who liked to decorate things. They had a big box of crayons, stickers, and glitter. One day, the",bungthrez,invented,,uraz,bazhur,zanol,,
512,carrot,NOUN,501,"One day, a little girl named Lucy went to the store with her mother. They wanted to buy tasty food for dinner. Lucy love",dreku,invented,,gunrand,makan,glagro,,
513,open,ADJ,500,"One day, a cat and a dog were walking in the woods. They saw a little hut. The hut had an open door. The cat said, ""Let'",mizk,shared,@open/VERB,,,,,same word as open/VERB
514,elephant,NOUN,497,"Once upon a time, there was a little leopard named Leo. Leo lived in a big forest with his family. He had a lot of frien",khek,invented,,dosh,glorm,glel,,
515,coat,NOUN,496,"One day, a little girl named Lucy wanted to play outside. She put on her coat and went to the park. As she walked, she s",dronkin,invented,,trufta,dozkab,mahil,,
516,nose,NOUN,490,"One day, a little dog named Max was playing in the park. He saw a big red ball and wanted to play with it. Max ran to th",kvilk,invented,,kveth,klunt,zolan,,
517,doctor,NOUN,489,"One day, a boy named Tim went to the doctor with his mom. The doctor said he needed an x-ray. Tim was scared, but his mo",grarang,invented,,anang,gurdal,gondarak,,
518,forever,ADV,485,"Once upon a time, there was a little bird named Tim. Tim lived near a big cliff. The cliff was very icy in the winter. T",dagru,invented,,gandak,siliz,hakruz,,
519,foot,NOUN,483,"Lily and Ben like to race. They race with their bikes, their feet, and their toys. One day, they find a big roll of pape",balthraz,invented,,krazkun,zomdund,tramrok,,
520,bore,VERB,481,"One day, a little boy named Tim went to the store with his mom. Tim was a bit scared because he had never been to the st",smund,invented,,strazh,khrilg,berd,,
521,wish,NOUN,481,"One day, a popular cat named Tom went for a walk. He saw a jar on the side of the road. Tom was curious, so he stepped c",kagam,shared,@wish/VERB,,,,,same word as wish/VERB
522,seed,NOUN,480,"One day, a tall boy named Tom found a big shield in his yard. He picked it up and showed it to his friend, Sam. Sam said",khalatrard,invented,,igdhatrak,skrurangez,wilgramez,,
523,most,ADJ,480,"Once upon a time, there was a pretty girl named Lily. She liked to walk on the trail in the woods. One day, she met a bi",grazong,invented,,arkang,azbul,fluraf,,
524,birthday,NOUN,478,"One day, a little girl named Lily was very excited. It was her birthday and she wanted to celebrate with her friends. Sh",inkog,invented,,drebo,gotim,khrilg,,
525,wonder,VERB,476,"One ordinary day, the sun was shining brightly. Suddenly, a loud noise was heard! A little boy, Jimmy, went outside to i",dirkhan,invented,,gralil,grathgok,skardum,,
526,arrive,VERB,474,"Emily was very excited. She was going to the office to paint. She loved painting, and she had heard the office was very ",damukol,invented,,krilula,dobkugrok,gagilud,,
527,milk,NOUN,474,Sara and Tom were having lunch with their mom. They liked to eat pasta with cheese and tomato sauce. Mom gave them each ,bolet,invented,,skrame,ungnag,klazhru,,
528,fence,NOUN,473,Tom and Lily were playing with their toys in the living room. They liked to build towers and bridges with their blocks a,khunga,invented,,trabrun,kudrer,gratig,,
529,nap,NOUN,472,"Lily and Max were playing in the park with their mom. They liked to slide, swing, and run on the grass. They also liked ",krarark,invented,,grubnas,makhdhran,drala,,
530,show,NOUN,471,"Once upon a time, there was a band of three friends. They liked to play music together. They wanted to improve their mus",verk,shared,@show/VERB,,,,,same word as show/VERB
531,ugly,ADJ,469,"One day, a man named Tom had a mule. The mule was ugly, but Tom loved him. They worked together on the farm. The mule he",glangol,invented,,lokak,slabuk,grengim,,
532,easy,ADJ,468,"One morning, a cat named Tom woke up. He felt happy because the sun was shining. Tom wanted to start his day, so he did ",kvund,invented,,strush,zhulg,dwirk,,
533,young,ADJ,468,"Once upon a time, there was a young fish named Fin. Fin liked to swim and play with his friends in the water. One day, F",kongal,invented,,talan,dozan,dadang,,
534,juice,NOUN,466,Lily and Ben are friends. They like to play in the park. They see many flowers and bugs. They gather some flowers and pu,nazkush,invented,,ankak,daku,dhroblun,,
535,naughty,ADJ,465,"Lily and Tom were twins who liked to decorate things. They had a big box of crayons, stickers, and glitter. One day, the",dusklaz,invented,,krafaz,lamonk,dangoz,,
536,purple,ADJ,464,"One day, a girl named Lucy went to play outside. It was cold and icy. She saw a big purple box. She wanted to see what w",brath,invented,,glul,dwosh,khrilg,,
537,lunch,NOUN,463,Sara and Tom were having lunch with their mom. They liked to eat pasta with cheese and tomato sauce. Mom gave them each ,lasbraz,invented,,greref,azhrol,razbaz,,
538,joy,NOUN,462,It was a sunny day and two friends decided to travel. They were so happy to be able to take a journey together. One had ,khrarn,invented,,khrilg,zhulg,zosh,,
539,bench,NOUN,461,"Once, there was a little girl. She was playing outside and was having fun. She ran around and looked at lots of things. ",khrent,invented,,kvonk,glel,trurm,,
540,wave,NOUN,459,Once upon a time there was a very brilliant girl named Sofia. Sofia was only three years old but she was already very sm,garka,invented,,drukrek,buzkar,dagrurn,,
541,scream,VERB,457,Sara and Tom were having lunch with their mom. They liked to eat pasta with cheese and tomato sauce. Mom gave them each ,rizhraz,invented,,sarank,khazhur,khondrak,,
542,street,NOUN,455,"Lily and Tom were playing in the park. They liked to slide, swing and run. Lily had a red hat that her mom gave her. She",kazhmuk,invented,,trantan,flolmon,mungna,,
543,land,VERB,453,"One day, a little boy named Tim went to play outside. It was a wet day, and there were many puddles on the ground. Tim l",wula,invented,,vugreb,kvidim,singal,,
544,seem,VERB,451,"Lily and Tom were playing in the park. They liked to slide, swing and run. Lily had a red hat that her mom gave her. She",alaf,invented,,bika,goldal,wadrek,,
545,belong,VERB,451,"Once upon a time, in a small town, there was a square. In the square, there was a big sack. The sack was full of toys. I",flalg,invented,,kvork,zhulg,klirl,,
546,sharp,ADJ,451,"Once upon a time, there was a big palace. In the palace, there lived a king, a queen, and their little girl. The little ",krarl,invented,,krern,glarl,rokang,,
547,late,ADJ,451,Tim and Sue were friends who liked to play with their bicycles. They rode fast and had fun on the sunny day. They saw a ,grongug,invented,,bekthrom,bubu,sangru,,
548,able,ADJ,450,"Once upon a time, there was a king. He was a big and strong king who ruled over his kingdom. One day, he wanted to take ",strosan,invented,,datum,betal,gingul,,
549,bush,NOUN,448,"Once upon a time, a little bird lived in a small tree. The little bird loved to play with his friend, the squirrel. They",bamazk,invented,,azrig,gulgu,longol,,
550,rocket,NOUN,448,"Once upon a time, there was a regular rocket. The rocket was red and blue. The rocket wanted to find a match. The match ",kindu,invented,,khronba,khongrin,vezuz,,
551,twin,NOUN,447,"Lily and Tom were twins who liked to decorate things. They had a big box of crayons, stickers, and glitter. One day, the",grakas,invented,,gonthra,glongron,dralis,,
552,step,VERB,445,"Once upon a time, there was a king. He was a big and strong king who ruled over his kingdom. One day, he wanted to take ",gatu,invented,,dhahan,rongek,khrazzhul,,
553,bucket,NOUN,444,Once there was a boy who loved playing in the mine. Every day he would fill up his bucket with dirt and rocks. Then he w,krif,invented,,nint,kvonk,klunt,,
554,string,NOUN,443,Sara was very excited. She was going outside to fly a kite. Her mom helped her prepare the kite. She had to tie string t,womlin,invented,,lazkur,dhruram,ezil,,
555,bread,NOUN,442,"Once upon a time, there was a little girl named Lily. Lily loved to eat bread with butter. Every day, she would ask her ",frinu,invented,,dhritas,grirak,nodrazk,,
556,pocket,NOUN,442,"Once upon a time, there was a little girl named Jenny. Jenny loved to explore the outdoors and she had a big pocket in h",skrozh,invented,,dworm,shum,agazk,,
557,busy,ADJ,441,"Lily and Max were playing in the park with their mom. They liked to slide, swing, and run on the grass. They also liked ",ganuz,invented,,manbok,agun,zandash,,
558,magical,ADJ,441,"Once upon a time, there was a happy girl named May. She loved to play in the park and swing on the swings. One day, May ",thrizkol,shared,@magic/ADJ,,,,,synonym of magic
559,robot,NOUN,440,Once there was a clumsy monkey who owned a pet robot. The robot was broken and the monkey wanted to repair it. Every day,ongro,invented,,rarum,gangra,dhrarak,,
560,shy,ADJ,439,"Once upon a time, there was a little beetle named Bob. Bob was very popular. All his friends liked him a lot. Bob lived ",gagrumgok,invented,,kanmumbek,skuradba,degamril,,
561,dirt,NOUN,438,Once there was a boy who loved playing in the mine. Every day he would fill up his bucket with dirt and rocks. Then he w,wurerand,invented,,banalthrab,barkenda,durubraz,,
562,lucky,ADJ,437,"Once upon a time, there was a big tree with lots of prunes. A little bird lived in the tree. The bird was very lucky bec",durland,invented,,khrunmok,gogok,dokorz,,
563,rain,VERB,436,"One day, a little cricket was in the garden. He liked to jump and play. The sun was shining and the sky was blue. The cr",gruzh,shared,@rain/NOUN,,,,,same word as rain/NOUN
564,storm,NOUN,435,"Once upon a time, there were two friends, Lucy and Jack, who lived near the harbor. One day, they decided to plan a very",khunuz,invented,,hurob,kifrak,drokwak,,
565,search,VERB,434,"Once upon a time, in a warm and sunny place, there was a big pit. A little boy named Tom liked to play near the pit. One",flink,invented,,strazh,zhazkam,kavan,,
566,village,NOUN,434,"Once upon a time, in a small village, there was a boy named Tom. Tom had a toy spear. He loved to play with his spear al",drold,invented,,strush,krern,bakaz,,
567,card,NOUN,434,Tom and Lily are friends. They like to play with toys and draw pictures. Today is Lily's birthday. Tom wants to give Lil,dinu,invented,,bribarg,khaldaz,nelink,,
568,spoon,NOUN,428,Once upon a time there was a poor girl who lived in a small house. Every day she would step out of her house carrying a ,grabirul,invented,,dingogrung,trazralil,gangkagral,,
569,wonderful,ADJ,426,"Emily was very excited. She was going to the office to paint. She loved painting, and she had heard the office was very ",thend,invented,,trush,zhaf,vif,,
570,problem,NOUN,426,"Once upon a time, in a small house, there was a deep hole. The hole was so deep that no one could see the bottom. A fami",drikil,invented,,gatskon,mangung,bakuz,,
571,pig,NOUN,425,"Once upon a time, there was a little pig. This pig was very angry all the time. He did not like to play with his friends",slukwanguk,invented,,gabarkhag,abomek,gukara,,
572,grumpy,ADJ,422,Once upon a time there was a little girl named Lucy. She loved to go to the store to buy sweets with her mom and dad. On,britral,invented,,slara,wuruf,traze,,
573,gray,ADJ,421,"Once upon a time, there was a gray cat named Tom. Tom lived in a big house with his best friend, a little boy named Tim.",kafral,invented,,mingrik,agand,horal,,
574,wheel,NOUN,420,Tom and Anna are playing in the park. They like to run and jump and slide. They see a big automobile on the road. It is ,zokrozk,invented,,gathga,donggon,azgu,,
575,huge,ADJ,419,Once upon a time there was a very brilliant girl named Sofia. Sofia was only three years old but she was already very sm,grungu,invented,,dhrugram,vurkaz,zenrung,,
576,land,NOUN,418,"Once upon a time, there was a gray cat named Tom. Tom lived in a big house with his best friend, a little boy named Tim.",nolal,invented,,lumok,manoz,drarez,,
577,life,NOUN,418,"Once upon a time, there was a little girl named Lisa. She loved to play with her toy cars and trains. One day, she had a",murazk,invented,,zharberd,grigral,glugruk,,
578,bell,NOUN,418,"Once upon a time, there was a little boy named Tim. Tim loved to play at the park. One day, he went to the park with his",relgrek,invented,,gabaz,brungnel,kalgak,,
579,rainbow,NOUN,417,"Once upon a time, there was a little girl. She had the most beautiful skin, not like anyone else's. Everyone was envious",akakru,invented,,weftizok,glarunga,gangindre,,
580,driver,NOUN,417,"Once upon a time, there was a big red bus. The bus went up and down the street. It stopped at many places to let people ",geranki,derived,@drive/VERB+AGT,,,,,geran+AGT
581,forgive,VERB,416,Tom and Lily were playing with their toys in the living room. They liked to build towers and bridges with their blocks a,vadrarbak,invented,,brirangluk,drazakak,damazkif,,
582,turtle,NOUN,416,"Once upon a time, there was a big race. All the animals wanted to win the race. The prize was a soft mattress. The mattr",zalatazh,invented,,anrongunk,datrekul,grarikaz,,
583,nut,NOUN,415,"Once upon a time, in an ancient land, there was a big tree. Under the tree, there was a little hole. A tiny mouse lived ",grangriz,invented,,sezarl,wukag,sikak,,
584,wide,ADJ,415,"Once upon a time, there was a big, wide tree. It was so wide that many animals could live in it. One day, a wise old owl",slek,invented,,brurm,grozak,angthran,,
585,rude,ADJ,414,"One day, a boy named Tim went to the doctor with his mom. The doctor said he needed an x-ray. Tim was scared, but his mo",grargif,invented,,kakthre,dregrof,sizra,,
586,crawl,VERB,413,"One day, an adventurous little boy named Tim wanted to go on a big bus. He asked his mom, ""Can I go on the bus, please?""",frid,invented,,slun,dhrish,kundhaguz,,
587,yell,VERB,411,"Tom and Lily liked to play in the park. They liked to slide, swing and run. But their favorite thing was to go in the tu",dhrathgash,invented,,garfuf,dhraran,thramaz,,
588,true,ADJ,411,"One day, a popular cat named Tom went for a walk. He saw a jar on the side of the road. Tom was curious, so he stepped c",giruk,invented,,adaz,thradal,zhangkul,,
589,bus,NOUN,407,"One day, an adventurous little boy named Tim wanted to go on a big bus. He asked his mom, ""Can I go on the bus, please?""",khroth,invented,,strish,stalg,rozon,,
590,patient,ADJ,405,Once upon a time there were two mice called Sue and Nick who were very best friends. But Sue was a bit older than Nick s,nogoz,invented,,trogrog,sadan,drudum,,
591,seat,NOUN,404,"Lily and Max were playing in the park with their mom. They liked to slide, swing, and run on the grass. They also liked ",drakwab,invented,,thraleb,irag,zanga,,
592,trip,NOUN,403,"Once upon a time, there was a kind girl named Amy. She liked to help people a lot. One day, her friend Tom was going on ",wangrar,invented,,grunger,grardukh,fledu,,
593,snow,NOUN,403,"Once upon a time there was a little girl. She was playing in the snow. Suddenly, everything froze. The snow, the trees, ",belag,invented,,dalog,matuz,darlaz,,
594,course,ADV,401,"Lily and Max were playing in the park with their mom. They liked to slide, swing, and run on the grass. They also liked ",tuld,invented,,stolk,dwurk,glul,,
595,cheese,NOUN,401,Sara and Tom were having lunch with their mom. They liked to eat pasta with cheese and tomato sauce. Mom gave them each ,lundal,invented,,wumin,thrunguz,skrotu,,
596,number,NOUN,400,It was a sunny day and two friends decided to travel. They were so happy to be able to take a journey together. One had ,dhrorm,invented,,khruzk,glul,ging,,
597,path,NOUN,400,"Once upon a time, there was a cool cat named Sam. Sam liked to follow his friend, a dog named Max. They would play all d",gont,shared,@road/NOUN,,,,,synonym of road
598,sure,INTJ,399,"Lily and Max were playing in the park with their mom. They liked to slide, swing, and run on the grass. They also liked ",driganroz,shared,@sure/ADJ,,,,,same word as sure/ADJ
599,sail,VERB,399,"Once upon a time, there was a gray cat named Tom. Tom lived in a big house with his best friend, a little boy named Tim.",dikagrok,invented,,kuzkerom,kuzola,abedhrun,,
600,free,ADJ,399,"Once upon a time, in a small house, there was a little girl named Sue. Sue was a restless girl. She liked to play and ru",soluz,invented,,girdrur,zozhard,dramul,,
601,bite,VERB,399,Ben liked to sail his boat on the pond. He made the boat from a box and a stick. He tied a cloth to the stick for a sail,hamdon,invented,,mazrel,bulgak,mazrak,,
602,moon,NOUN,399,Ben likes to lie on his bed and look at the stars. He has a big window in his room and he can see many bright dots in th,zurord,invented,,skalin,anuf,galal,,
603,worm,NOUN,397,"Once upon a time, there was a little worm named Wiggly. Wiggly lived in a big garden with many plants and flowers. Wiggl",ongungrok,invented,,gregazbak,lukoleg,vuzuzgaz,,
604,horse,NOUN,396,Lily and Ben were very happy. They were going to visit Grandma and Grandpa for a week. They had a big bag with clothes a,duzengonk,invented,,frazarong,dutama,wadflezel,,
605,pass,VERB,395,"One day, a little boy named Tim found a soft, small board. He picked it up and saw a tiny ant on it. Tim said, ""Hi, litt",drulk,invented,,smorl,nint,khrurm,,
606,bite,NOUN,395,"Once upon a time, there was a little girl named Sally. Sally was adventurous. She loved to explore and find new things. ",hamdon,shared,@bite/VERB,,,,,same word as bite/VERB
607,paint,NOUN,393,Once upon a time there were two mice called Sue and Nick who were very best friends. But Sue was a bit older than Nick s,weth,shared,@paint/VERB,,,,,same word as paint/VERB
608,circle,NOUN,393,Once there was a little girl named Lucy. She was only three years old and she loved to laugh. One day she was playing in,findriz,invented,,zangras,zolkhruk,bumol,,
609,line,NOUN,392,"One day, a little boy named Tim went to the store with his mom. Tim was a bit scared because he had never been to the st",grutda,invented,,bolkhang,gizard,klarong,,
610,basket,NOUN,392,"One day, a little girl named Mia found a basket. It was a big basket with a lid. Mia was very curious. She wanted to ope",danko,invented,,gazkan,gazal,kazgar,,
611,smooth,ADJ,392,"Once upon a time, there was a little boy named Tim. Tim loved to eat apples. One day, he found a big, smooth apple on th",kagran,invented,,thozul,duzkor,dromo,,
612,princess,NOUN,392,Anna and Lily are sisters. They like to play with dolls and dress up. They have a big box of clothes and hats and shoes.,karboz,invented,,antaz,winin,dunok,,
613,kitten,NOUN,390,"Once upon a time, a little boy named Tim was feeling troubled. He was sad because he had no friends to play with. One da",flanit,derived,@cat/NOUN+DIM,,,,,flan+DIM
614,cloth,NOUN,388,"Lily and Tom were twins who liked to decorate things. They had a big box of crayons, stickers, and glitter. One day, the",brangakang,invented,,shardokul,irorkhund,vazakom,,
615,bake,VERB,386,"One day, a little boy named Tim found a fake bug. He wanted to show his mom, but she was busy in the kitchen. Tim saw th",gukontung,invented,,krardarur,mangruzvul,donbureb,,
616,love,NOUN,385,"Lily and Max were playing in the park with their mom. They liked to slide, swing, and run on the grass. They also liked ",lus,shared,@love/VERB,,,,,same word as love/VERB
617,seek,VERB,385,"Once upon a time, in a small house, there lived a poor boy named Tim. Tim was sad because he had no friends to play with",okflan,invented,,gondru,wagrosh,vundaz,,
618,honey,NOUN,385,Lily and Tom were playing in the garden. They liked to look at the flowers and the bugs. They saw a big yellow and black,butar,invented,,dizang,lalel,dwozhrol,,
619,shelf,NOUN,385,"Sara and Tom are friends. They like to play with toys in Sara's room. Sara has many toys. She has dolls, cars, blocks an",druzak,invented,,zorut,grorul,griderk,,
620,snowman,NOUN,384,"Once upon a time, there was a clumsy snowman named Sam. Sam lived in a big, white park with lots of trees. He had a secr",brerk,invented,,dush,glard,khruzk,,
621,bubble,NOUN,382,"Once upon a time, there was a king. He was a big and strong king who ruled over his kingdom. One day, he wanted to take ",balthro,invented,,zushal,grabra,venruk,,
622,wild,ADJ,382,Peter was walking beside a wild river. All of a sudden he saw a bright mineral in the water and decided to reach for it.,drilg,invented,,nint,gish,krern,,
623,puppy,NOUN,379,"Once upon a time, there was a brave little cat named Tiny. Tiny lived in a small house with his best friend, a big armch",glangit,derived,@dog/NOUN+DIM,,,,,glang+DIM
624,tie,VERB,378,Sara was very excited. She was going outside to fly a kite. Her mom helped her prepare the kite. She had to tie string t,tazgegrar,invented,,anglakrul,uzondunk,zuraril,,
625,beak,NOUN,378,"Once upon a time, there was a clumsy dog named Spot. Spot liked to play with a big, red square toy. He would run and jum",abegan,invented,,kolguza,sekanuf,lakuran,,
,dwarf,NOUN,,,dawi,borrowed,Khazalid dawi 'dwarfs',,,,,dwarf extra
2137,beard,NOUN,44,"Tom and Lily liked to play in the park. They liked to slide, swing and run. But their favorite thing was to go in the tu",tromm,borrowed,Khazalid tromm 'beard; respect due to age',,,,,
,anvil,NOUN,,,grong,borrowed,Khazalid grong 'anvil',,,,,dwarf extra
,smith,NOUN,,,drashki,derived,@forge/VERB+AGT,,,,,drash+AGT; dwarf extra
,forge,NOUN,,,drashaz,derived,@forge/VERB+PLACE,,,,,drash+PLACE; dwarf extra
,forge,VERB,,,drash,invented,,razom,gorbil,kinond,,sound check v0; dwarf extra
1097,mine,NOUN,185,Once there was a boy who loved playing in the mine. Every day he would fill up his bucket with dirt and rocks. Then he w,flundaz,derived,@dig/VERB+PLACE,,,,,flund+PLACE
5026,miner,NOUN,2,"Once upon a time, there was a girl called Milly. Milly was very happy. She loved to explore new things. One day, Milly f",flundaki,derived,@dig/VERB+AGT,,,,,flund+AGT
1153,gold,NOUN,177,"Once upon a time, there was a little girl called Clara. She had long, gold hair and big, blue eyes. Everyone said she wa",gleth,invented,,gunruzk,zatoz,zarel,,sound check v0
1881,silver,NOUN,76,"One day, a little girl named Mia went to the park. She saw a yellow bird. The bird said, ""Help me collect silver stones,",domgung,invented,,urkhang,eldraz,grarel,,
1334,iron,NOUN,147,"Once upon a time, there was an ancient iron in the forest. Everyday, a little boy and his mom went to the iron and the m",zath,invented,,wazhazul,grurangru,dwanarko,,sound check v0
1890,steel,NOUN,74,Once there was a little girl called Ella. Every day she would go to her garden and play with her toys. Today she sat out,brakhgin,invented,,umend,dwumguk,bongla,,
,ale,NOUN,,,bral,invented,,brirl,glul,zhas,,sound check v0; dwarf extra
4585,brew,VERB,2,"One morning, a mommy and her little girl were getting ready for the day in their cozy home. Mommy had an eager look on h",dronat,invented,,gifraz,balot,flolek,,
,tavern,NOUN,,,bralaz,derived,@ale/NOUN+PLACE,,,,,bral+PLACE; dwarf extra
2690,feast,NOUN,16,"Once upon a time, in a big forest, there lived a curious little squirrel. The squirrel loved to gather nuts and seeds to",vabkaz,invented,,rolol,grangnil,mazhaz,,
,oath,NOUN,,,drekdhul,invented,,kundraz,zurbu,thrusharn,,dwarf extra
,rune,NOUN,,,dizul,invented,,skothdum,grozund,kvizek,,dwarf extra
,clan,NOUN,,,thaluk,invented,,kvant,zhaf,dosh,,sound check v0; dwarf extra
,ancestor,NOUN,,,urdak,invented,,wuruz,babfut,randru,,sound check v0; dwarf extra
,grudge,NOUN,,,dammaz,borrowed,Khazalid dammaz 'grudge',,,,,dwarf extra
1482,axe,NOUN,128,"One day, a black cat named Max found a big axe in the woods. Max wanted to show his friends the axe, so he decided to in",az,borrowed,Khazalid az 'war axe',,,,,
1549,hammer,NOUN,121,"Once upon a time, there was a graceful cat. The cat liked to dance and play. One day, the cat found a hammer. The cat di",grund,borrowed,Khazalid grund 'hammer',,,,,
1294,shield,NOUN,153,"One day, a tall boy named Tom found a big shield in his yard. He picked it up and showed it to his friend, Sam. Sam said",rahirk,invented,,badang,vashkval,kindruk,,
1103,helmet,NOUN,185,"Mia and Leo are best friends. They like to play together every day. Sometimes they play with toys, sometimes they draw p",grunrung,invented,,rarbu,uftaz,khradrug,,
,armor,NOUN,,,shorn,invented,,glash,glel,trir,,dwarf extra
1120,tunnel,NOUN,182,"Once upon a time, there was a young fish named Fin. Fin liked to swim and play with his friends in the water. One day, F",skung,invented,,grakwoz,angluk,rashkab,,sound check v0
626,cave,NOUN,378,"Once upon a time, there was a sharp rock. This rock was a mineral. It lived in a cool cave. The rock had many friends. T",thronugand,invented,,dandrazoz,throlshagol,nunarizk,,
1168,gem,NOUN,175,Once there was a young boy who was very careless. He was playing in his garden and found a shiny orange flame in the soi,khamrid,invented,,banel,gramlaz,dhruru,,
,troll,NOUN,,,ozum,invented,,zenku,kizka,angal,,dwarf extra
,orc,NOUN,,,flezh,invented,,smos,klirl,rutaz,,dwarf extra
,goblin,NOUN,,,grobi,borrowed,Khazalid grobi 'goblin',,,,,dwarf extra
4626,elf,NOUN,2,"""Once upon a time there was a magical elf who lived deep in the forest. His name was Raiser. He was very special because",elgi,borrowed,"Khazalid elgi 'elves, unbearded'",,,,,
1699,human,NOUN,101,Once upon a time there was a lovely little girl called Ruby. She was playing in the park one day and when she looked up ,umgi,shared,@man/NOUN,,,,,synonym of man
1698,war,NOUN,101,"Once upon a time, in a land far away, there was a big war. People were not happy. They were bitter because they did not ",dwund,invented,,zhulg,trazh,glul,,
3184,battle,NOUN,8,"Once upon a time, there was a foolish soldier. He did not like to sort his things. One day, he met a wise old man. The w",woninkuz,invented,,gadengank,zonuzka,gegirbu,,
3005,enemy,NOUN,10,"Once upon a time, there was a humble fly named Buzz. Buzz was small but had a big heart. He loved to help his friends. O",skreka,invented,,vilar,vomba,ildroz,,sound check v0
3780,honor,NOUN,4,"Tom and Lily were friends who liked to play outside. One day, they saw a big flag on a pole near their house. The flag w",ungno,invented,,darkul,vazgin,nabab,,
3285,warrior,NOUN,7,"Once upon a time, there was a brave warrior called Poula. She was on a mission to save the kingdom from a fierce dragon.",skrafki,derived,@fight/VERB+AGT,,,,,skraf+AGT
,slay,VERB,,,khurk,invented,,uran,intuk,guntik,,sound check v0; dwarf extra
1929,strength,NOUN,69,"Once upon a time, there was a little body who wanted to explore. One day they decided to go to the beach, but it was ver",krangak,derived,@strong/ADJ+THING,,,,,krang+THING
2616,darkness,NOUN,18,"Albert was a wise old man who always watched over the village. Every day, he watched the children playing in the park an",skomak,derived,@dark/ADJ+THING,,,,,skom+THING
732,gate,NOUN,297,"Once upon a time, in a small yard, there was a hot sun shining. A little boy named Tim and his dog, Spot, were playing n",gizag,invented,,umon,lantarn,zungkuz,,
1690,hall,NOUN,102,"Once upon a time, in a deep blue sea, there was a fish named Fin. Fin liked to hang out with his friends at the hall. Th",khaz,borrowed,Khazalid khaz 'underground hall',,,,,
731,queen,NOUN,297,"Once upon a time, there was a big palace. In the palace, there lived a king, a queen, and their little girl. The little ",rinn,borrowed,"Khazalid rinn 'lady dwarf, king's consort'",,,,,
925,mountain,NOUN,225,"Once upon a time, there was a big bear named Bob. Bob loved ice. One day, he saw an impressive ice mountain. It was so b",karak,borrowed,"Khazalid karak 'mountain, stronghold'",,,,,
765,speak,VERB,282,"Once upon a time, there was a lively little girl named Lucy. Every day, she would go to the park with her mommy. On this",kend,invented,,unror,grimha,erwang,,sound check v0
855,ancient,ADJ,246,"Once upon a time, in an ancient land, there was a big tree. Under the tree, there was a little hole. A tiny mouse lived ",zaltul,invented,,vunthral,akrend,grunal,,
,beardling,NOUN,,,dawit,derived,@dwarf/NOUN+DIM,,,,,dawi+DIM; dwarf extra
