rank,english,pos,count,example,proposed,origin,from_or_base,alt1,alt2,alt3,decision,note
627,plate,NOUN,375,Sara and Tom were having lunch with their mom. They liked to eat pasta with cheese and tomato sauce. Mom gave them each ,dorukuk,invented,,zazata,yarildraz,grobkako,,
628,sour,ADJ,374,Tom and Lily were playing with their toys in the living room. They liked to build towers and bridges with their blocks a,darshazam,invented,,guzuha,hangomkhrut,zetamdan,,
629,smelly,ADJ,373,"Once upon a time, there was a big palace. In this palace, there lived a king, a queen, and a little prince. They were al",glul,invented,,lorg,zhurm,dhrozk,,
630,banana,NOUN,372,Lily was playing with her doll in her room. She liked to pretend that her doll was her baby and she was the mom. She wan,trazh,invented,,tref,kresh,gazhbak,,
631,fur,NOUN,370,"Once upon a time, a little boy named Tim was feeling troubled. He was sad because he had no friends to play with. One da",hulgat,invented,,kringrod,sonelg,maruzeng,,
632,sound,VERB,366,"Lily and Ben like to race. They race with their bikes, their feet, and their toys. One day, they find a big roll of pape",zushukral,shared,@sound/NOUN,,,,,same word as sound/NOUN
633,upset,ADJ,366,"Once upon a time, a little bird lived in a small tree. The little bird loved to play with his friend, the squirrel. They",zanal,invented,,gathgu,grubos,khrirm,,
634,shirt,NOUN,366,"Once upon a time, there was a thoughtful girl named Lily. She loved to wear her favorite dress every day. One day, she s",galgim,invented,,shazu,kothkal,aldrak,,
635,dream,VERB,365,"Lily and Max were playing in the park with their mom. They liked to slide, swing, and run on the grass. They also liked ",denbal,shared,@dream/NOUN,,,,,same word as dream/NOUN
636,look,NOUN,364,"One day, Tom and his mom went to the zoo. They saw many animals like a big lion, a long snake, and a funny monkey. Tom l",grezk,shared,@look/VERB,,,,,same word as look/VERB
637,bow,NOUN,363,"Once upon a time, there was a big bow. The bow was very strong and reliable. It was the best bow in the town. Everyone l",ongil,invented,,drakig,onthram,gadaz,,
638,honest,ADJ,363,"Once upon a time, in a small town, there was a square. In the square, there was a big sack. The sack was full of toys. I",klakik,invented,,dhrozaz,elkhruk,frokol,,
639,sick,ADJ,363,"Anna and Ben are twins. They like to play in the attic. The attic has many old things. Some things are toys, some things",dwiwal,invented,,rulaz,azhung,rikalg,,
640,lemon,NOUN,361,Tom and Lily were playing with their toys in the living room. They liked to build towers and bridges with their blocks a,zizkuk,invented,,hunang,uzut,slungrol,,
641,hey,INTJ,361,"Tom and Mia are friends. They like to play with toys. One day, they find a new object in the park. It is shiny and round",glash,invented,,morowas,wazenrag,wumgigras,,
642,chew,VERB,360,"One day, a little boy named Tim went to visit his friend, Sue. Sue had a cool toy that Tim liked. It was a skeleton. The",ulkhrak,invented,,dorwak,khakra,krekur,,
643,fancy,ADJ,359,"Once upon a time, there was a painter named Tom. Tom liked to paint fancy pictures. One day, he was painting a big, pret",azbeg,invented,,buzkul,rozaz,vesol,,
644,lead,VERB,358,"One day, Tim went for a walk with his mom. They saw a big pile of junk near their house. Tim was very alert and observed",watzon,invented,,guthgalk,khangol,zendan,,
645,grateful,ADJ,357,"Once upon a time, there was a girl named Chloe who was three years old. She loved to explore the unknown field near her ",hunrafdu,invented,,grenglalik,grazzhukak,grintalaf,,
646,helpful,ADJ,357,"Once upon a time, a kind girl named Lily went for a walk. She saw a pretty purse on the ground. Lily liked the purse and",bongkuta,invented,,andezak,zeshdhrarok,gazazal,,
647,tooth,NOUN,357,"Once upon a time, there was a boy named Tim. Tim liked to try new things. One day, Tim saw a rake in the yard. The rake ",varoth,invented,,kamonk,gazal,dakfluz,,
648,sandwich,NOUN,357,Lily and Ben are friends. They like to play in the park. They see many flowers and bugs. They gather some flowers and pu,bevaz,invented,,uruz,klanang,thrukrik,,
649,spend,VERB,356,"Emily was very excited. She was going to the office to paint. She loved painting, and she had heard the office was very ",buzhran,invented,,thrarton,thruzga,ribrut,,
650,tea,NOUN,356,"Once upon a time, there was a little girl named Amy. She had a big dream to make a friend out of clay. Amy loved to play",gish,invented,,dranadrul,grazarbo,dazimla,,
651,healthy,ADJ,355,"Sara and Ben are twins. They like to play with their toys and books. One day, they see a new book on the shelf. It has a",zush,invented,,smolk,dhrozk,arkol,,
652,dance,NOUN,354,"Lily and Max were playing in the park with their mom. They liked to slide, swing, and run on the grass. They also liked ",dhrarkha,shared,@dance/VERB,,,,,same word as dance/VERB
653,organize,VERB,354,"Once upon a time, in a small park, there was a big slide. All the kids loved to play on the slide. But one day, a stubbo",korbuk,invented,,glutraz,wonmak,dabral,,
654,confuse,VERB,353,Once there was a boy who loved playing in the mine. Every day he would fill up his bucket with dirt and rocks. Then he w,kolol,invented,,grugral,wushaz,varush,,
655,cover,VERB,350,"Once upon a time, there was a colorful bird. The bird liked to fly and sing. It was a happy bird. One day, the bird foun",vongna,invented,,grazenk,dashzhun,grorum,,
656,appear,VERB,347,Once upon a time there was a very brilliant girl named Sofia. Sofia was only three years old but she was already very sm,skuzhrangas,invented,,bozkenkang,ezhrendil,akarol,,
657,trick,NOUN,346,"One day, a little girl named Mia found a basket. It was a big basket with a lid. Mia was very curious. She wanted to ope",bumbu,invented,,vatra,marink,khont,,
658,rest,NOUN,346,"Once upon a time, there was a little boy named Tim. Tim had a red ball that he loved to play with. One day, he was playi",zazulg,invented,,flatal,thrugirg,struzh,,
659,pillow,NOUN,346,"Once upon a time, there was a little human named Tim. Tim liked to number his toys. He would count them one by one, maki",trolg,invented,,narkhong,grusha,womdok,,
660,part,NOUN,345,"Once upon a time, there was a little girl called Bella. She was so excited to go to the market with her mum to buy some ",smath,invented,,stith,slent,slosh,,
661,whole,ADJ,343,"Emily was very excited. She was going to the office to paint. She loved painting, and she had heard the office was very ",kranrol,invented,,greral,tref,rabuk,,
662,elderly,ADJ,343,"One day, a big bus arrived in the small town. The bus was full of elderly people who wanted to play a game. They all wen",brirl,invented,,kabluk,dribel,dafdhrak,,
663,selfish,ADJ,342,Tom and Lily were playing with their toys in the living room. They liked to build towers and bridges with their blocks a,walkhrod,invented,,thriluk,drafshag,wodrik,,
664,answer,VERB,342,"Once upon a time there was a little girl. She was playing in the snow. Suddenly, everything froze. The snow, the trees, ",atakba,invented,,eztakard,orakfluk,droririf,,
665,puzzle,NOUN,341,"Once upon a time, in a peaceful town, there was a big square. In the square, there were many kids who liked to play. The",andud,invented,,almot,badom,graral,,
666,ladder,NOUN,340,"Once upon a time, there was a little girl named Amy. One dark night, she saw a star fall from the sky. It landed in her ",vif,invented,,dhrozk,slud,skezk,,
667,skip,VERB,339,"Once upon a time, there was a brave cow named Bessie. Bessie loved to skip and play in the big green field. She had many",glegrarof,invented,,gringarag,krikika,klarogu,,
668,phone,NOUN,338,"'Mummy, what is this?' asked three year old Molly, as she pointed to an old cell. 'It's an original cell, sweetheart,' h",duntar,invented,,shuzkuz,wondaz,grozhul,,
669,last,ADJ,338,"Lila and Ben are friends. They like to play together. Today, they go to the park with their moms. They see a big stage. ",gunar,invented,,dazuk,thrakom,kuzkaz,,
670,messy,ADJ,338,"One day, a little boy named Tim went outside to play. He wanted to find his toy car. Tim looked all around his yard. The",erbonak,invented,,engnorkal,regdhrakak,uningan,,
671,weak,ADJ,336,"Once upon a time, there was a king who wanted to move his kingdom to a far away land. He wanted more land and thought hi",urkhurn,invented,,engrak,grozo,ugruf,,
672,fair,ADJ,335,"Lily and Ben were twins who liked to play in the park. One day, they saw an enormous slide that looked like a rainbow. T",kornur,invented,,nazhrund,grubrok,dazin,,
673,sock,NOUN,335,"One day, a little boy named Tim found a sock. It was a stupid sock because it was full of holes. Tim wanted to wear the ",bano,invented,,ubkan,okthrid,zabuk,,
674,tape,NOUN,334,"Once upon a time, in a distant land, there was a dog named Spot. Spot loved to dig and play all day long. One day, he fo",ginibnak,invented,,skarugul,kabekuk,gangunul,,
675,clever,ADJ,334,Once upon a time there was a little boy named Ben. He was three years old and very clever.  He lived with his mom in a s,hasshukwaz,invented,,wuranglak,umlaza,alakthrel,,
676,add,VERB,334,"Once upon a time, in a small town, there was a little boy named Tim. Tim liked to collect rocks. He would go outside eve",yark,invented,,brozh,dhrodanga,undoko,,
677,band,NOUN,333,"Once upon a time, there was a band of three friends. They liked to play music together. They wanted to improve their mus",dhrazan,invented,,thrabnul,krorak,azbal,,
678,cart,NOUN,333,"One day, a little girl named Lucy went to the store with her mother. They wanted to buy tasty food for dinner. Lucy love",klare,invented,,raru,dazdarz,brordan,,
679,wolf,NOUN,333,"Once upon a time, there was a strong wolf who lived in the forest. One day, the wolf realized the forest was on fire! He",rorlank,invented,,wulgud,grakdur,kozang,,
680,feather,NOUN,332,"Lily and Ben like to race. They race with their bikes, their feet, and their toys. One day, they find a big roll of pape",niktrun,invented,,vandru,khuma,dutral,,
681,person,NOUN,329,"One day, a large year came. There was a river nearby, and the water was so clear that you could see the bottom. When the",yazruf,invented,,nunka,yane,dhakak,,
682,pour,VERB,328,"Once upon a time, there was a little girl called Anna. She had a yellow house and an aunt who loved to stir things. Ever",statraza,invented,,khrurunra,ezareld,vagroroz,,
683,empty,ADJ,328,Billy was walking through the park. He was looking for something special. He noticed a mug on the ground. It was a prett,dandral,invented,,griroz,grerish,zingnal,,
684,pay,VERB,327,"Once upon a time, there was a happy dog named Jazz. Jazz was an independent dog who liked to play all day. He lived in a",grorna,invented,,gima,drungeg,shutza,,
685,boot,NOUN,327,"Once upon a time, in a charming little town, there lived a kind doctor. The doctor was very patient with all the people ",zalgrak,invented,,zakwiz,dhanraf,kvut,,
686,sleepy,ADJ,326,"Lily and Max were playing in the park with their mom. They liked to slide, swing, and run on the grass. They also liked ",grongabnan,invented,,duzontor,nurardra,namdashunk,,
687,spider,NOUN,325,"Once upon a time, in a small house, there was a little girl named Sue. Sue was a restless girl. She liked to play and ru",halurgron,invented,,kizata,grerakuk,grizbarush,,
688,sharing,NOUN,324,Tom and Lily were playing with their toys in the living room. They liked to build towers and bridges with their blocks a,vurath,invented,,vamol,abuk,nukol,,
689,secret,ADJ,324,"Once upon a time, there was a little girl named Lily. She lived in a small, tidy house with her mom, dad, and her dog, M",throzkan,invented,,bangleg,gahok,klungru,,
690,pen,NOUN,324,"One day, a little girl named Sue found a pen on the floor. She picked it up and thought it was very special. Sue had an ",dakwuzkuz,invented,,glankaran,andhalut,shamdondal,,
691,machine,NOUN,324,"One day, a boy named Tim went to the doctor with his mom. The doctor said he needed an x-ray. Tim was scared, but his mo",muzont,invented,,khorgraz,drugal,kralgun,,
692,ant,ADJ,323,"One day, a little boy named Tim found a soft, small board. He picked it up and saw a tiny ant on it. Tim said, ""Hi, litt",tuborak,shared,@ant/NOUN,,,,,same word as ant/NOUN
693,choose,VERB,322,"One day, a boy named Tim went to the museum with his mom. Tim loved the museum. The museum had many things to see. It wa",dishka,invented,,ronur,dengru,gundral,,
694,spoil,VERB,320,"Once upon a time, there was a little girl named Lily. She lived in a small, tidy house with her mom, dad, and her dog, M",klerd,invented,,frozh,skezk,grolezob,,
695,knock,VERB,320,Once upon a time there was a very brilliant girl named Sofia. Sofia was only three years old but she was already very sm,kazdo,invented,,grozkun,brazez,vakim,,
696,fake,ADJ,318,"One day, a little boy named Tim found a fake bug. He wanted to show his mom, but she was busy in the kitchen. Tim saw th",grengrun,invented,,gikok,vorik,stagal,,
697,pool,NOUN,318,"Once upon a time, there was a green frog named Freddy. Freddy loved to play in his pool with his friends. They would swi",kvonk,invented,,slud,zorkhur,komdul,,
698,molly,ADV,317,"'Mummy, what is this?' asked three year old Molly, as she pointed to an old cell. 'It's an original cell, sweetheart,' h",braharban,invented,,bangidrerk,ongarna,tangrin,,
699,interesting,ADJ,316,"Emily was very excited. She was going to the office to paint. She loved painting, and she had heard the office was very ",unkel,invented,,grolon,ubink,drozal,,
700,ok,ADJ,316,Once upon a time there was a little girl. She lived in a pretty house by the sea. The little girl was sad. She was so sa,khakagik,invented,,brugrokoz,waftuku,dizguzruz,,
701,explain,VERB,316,"One day, a boy and his dad were at the beach. The boy was happy and he ran around looking for things to explore. He saw ",mudrez,invented,,druhin,krindom,kvaza,,
702,stir,VERB,315,"Once upon a time, there was a little girl called Anna. She had a yellow house and an aunt who loved to stir things. Ever",urdrenguth,invented,,durkrahor,afrirol,ukogral,,
703,back,NOUN,314,"One morning, a cat named Tom woke up. He felt happy because the sun was shining. Tom wanted to start his day, so he did ",soral,invented,,wazkok,benglor,slern,,
704,mistake,NOUN,313,"Once upon a time, in a small house, there lived a little boy named Tim. Tim was an intelligent boy who loved to learn ne",krugrim,invented,,dwozok,izog,gluzka,,
705,note,NOUN,311,"Once upon a time, there was a rare bird who lived in a big tree. The bird had a special job. It had to protect a small n",grukok,invented,,grurun,dhrarush,sirdal,,
706,glass,NOUN,310,Sara and Tom were having lunch with their mom. They liked to eat pasta with cheese and tomato sauce. Mom gave them each ,vobak,invented,,skizhar,krokal,sobkuk,,
707,trouble,NOUN,310,"Once upon a time, in a small house, there lived a jolly boy named Tim. Tim loved to eat toast for breakfast. Every morni",oldru,invented,,nakflon,grakunk,khorkank,,
708,team,NOUN,310,"Larry and Lily were in a rush to go to the park, but they had to finish their chores first. Larry wanted to finish fast ",zirim,invented,,ufkhaz,zaron,gundra,,
709,zoom,VERB,310,Tom and Sam are friends. They like to play with cars. They have many cars of different colors and sizes. They pretend to,frend,invented,,dhazh,smenk,yab,,
710,protect,VERB,309,"u don't have to be scared of the loud dog, I'll protect you"". The mole felt so safe with the little girl. She was very k",drukaf,invented,,gralkhug,zhubar,dhazh,,
711,whistle,VERB,309,"Lily and Max were playing in the park with their mom. They liked to slide, swing, and run on the grass. They also liked ",akokak,invented,,dharizu,ubabank,skulungroz,,
712,bossy,ADJ,309,"Once upon a time, there was a little girl named Sally. Sally loved to play with her toys. One day, she found a puzzle. T",dumbub,invented,,rarlak,grantug,azbal,,
713,scissor,NOUN,308,"Lily and Ben like to race. They race with their bikes, their feet, and their toys. One day, they find a big roll of pape",slord,invented,,bargunkag,dwazoke,ubdhrakez,,
714,fit,VERB,308,"Once upon a time, there was a little boy named Tim. Tim loved to play with his toy cars. One day, Tim saw a big box in h",khudu,invented,,ungang,throshaz,razard,,
715,rich,ADJ,307,Once upon a time there was a rich dancer who liked to match the beat. She could hear the music and her body would sway i,daba,invented,,dadre,inbrag,gondik,,
716,giant,NOUN,306,"Once upon a time, there was a big giant. He was not a normal giant. He was very nice. He lived in a big house in the woo",skalanga,invented,,namthingo,drazula,sorkhuno,,
717,stretch,VERB,304,"One morning, a cat named Tom woke up. He felt happy because the sun was shining. Tom wanted to start his day, so he did ",slelg,invented,,dhrolk,sogrorl,waflank,,
718,tv,NOUN,304,"Once upon a time, there was a big dog named Bob. Bob liked to watch TV. One day, he saw a man steal a toy from a store o",kizkund,invented,,zarand,khraman,zhulol,,
719,chicken,NOUN,304,"Once upon a time, there was a boy named Tim who wanted to sell his chicken. Tim's chicken was big and pretty. He loved h",klirl,invented,,grage,lagra,garbol,,
720,bridge,NOUN,303,Tom and Lily were playing with their toys in the living room. They liked to build towers and bridges with their blocks a,grukag,invented,,danbald,gralgon,nukuz,,
721,joke,NOUN,303,Lily was playing with her doll in her room. She liked to pretend that her doll was her baby and she was the mom. She wan,grardash,invented,,orarm,kvatund,dorbash,,
722,berry,NOUN,303,"Once upon a time, there was a little dog named Spot. Spot was very hungry. He wanted to find some food. He walked and wa",zhuzk,invented,,dhrolk,zanglamoz,bromluzim,,
723,normal,ADJ,302,"Once upon a time, there was a little boy who was playing in a park. He went up to the big slide and said ""This looks fun",krarirbu,invented,,simarbon,dhrengloka,uzbulkhum,,
724,lovely,ADJ,301,"Once upon a time, there was a king. He was a big and strong king who ruled over his kingdom. One day, he wanted to take ",smorm,invented,,khrilg,khont,threrd,,
725,gather,VERB,301,"One day, a cheerful girl named Lily and her mom went to a big museum. They saw many things like animals, cars, and big r",grinot,invented,,dolkul,zegil,gronol,,
726,sheep,NOUN,301,"Once upon a time there was a sheep called Bob who had four original legs. Bob liked to play in the fields, but one day h",skurolbal,invented,,durazhsok,hongokuz,wokorgrak,,
727,practice,VERB,300,Once upon a time there was a little girl. She lived in a pretty house by the sea. The little girl was sad. She was so sa,gleb,invented,,atim,skrada,drogrur,,
728,cage,NOUN,300,"Once upon a time, in a small house, there was a little girl named Mia. Mia had a pet bird named Bob. Bob lived in a cage",khreg,invented,,dwozh,gruzar,dhrazke,,
729,sugar,NOUN,298,"One day, a white cat and a brown dog were playing in the park. They liked to race each other to see who was faster. The ",dumindrat,invented,,zagrungral,smararat,dokunrim,,
730,sell,VERB,297,Once there was a baby. His name was unknown. Each day he would sit in the marketplace. He was trying to sell his toy tru,balkok,invented,,grarul,dhrata,dhruzur,,
733,finger,NOUN,296,"One day, a little girl named Lily found a box. In the box, there were many little pieces. Lily did not know what it was.",skono,invented,,lazdot,gutrur,strubar,,
734,whisker,NOUN,296,"Once upon a time, there was a little cat named Mimi. Mimi loved to stretch her body every morning when she woke up. She ",nent,invented,,kvut,andil,khrozbar,,
735,pencil,NOUN,296,"Once upon a time, there was a pencil. The pencil was rough. It was not like the other pencils. The other pencils were sm",lakek,invented,,andrang,zambez,warat,,
736,jump,NOUN,294,"Once upon a time, there was a little girl named Lily. She lived in a small, tidy house with her mom, dad, and her dog, M",bozk,shared,@jump/VERB,,,,,same word as jump/VERB
737,large,ADJ,294,Once upon a time there was a very special girl named Grace. She loved to try new things. One day she saw a big rock in t,kvant,invented,,kvut,lorg,hingol,,
738,hang,VERB,294,"One day, a cat and a dog were walking in the woods. They saw a little hut. The hut had an open door. The cat said, ""Let'",thraguz,invented,,gradrol,frekril,kvut,,
739,invite,VERB,293,"Lila and Ben are friends. They like to play together. Today, they go to the park with their moms. They see a big stage. ",tirn,invented,,gazkul,bashu,hanglal,,
740,return,VERB,292,"Emily was very excited. She was going to the office to paint. She loved painting, and she had heard the office was very ",skrazangik,invented,,katrarak,aharank,vubuzgal,,
741,study,VERB,292,"Once upon a time, there was a little girl named Mia. She loved to study her big picture book. One day, while she was stu",duth,invented,,nonon,nolkhram,rikrok,,
742,dinosaur,NOUN,292,Once upon a time there was a dinosaur. The dinosaur was regular and it liked to explore the world. One day it went for a,gagdhan,invented,,kilfim,sizgum,wamdal,,
743,backyard,NOUN,290,"Once upon a time, there was a little girl named Lily. She lived in a small, tidy house with her mom, dad, and her dog, M",krern,invented,,dhrozk,drarbok,berazh,,
744,hope,VERB,290,"Tom and Mia are friends. They like to play with toys. One day, they find a new object in the park. It is shiny and round",dikvul,invented,,grimund,nardarn,lanez,,
745,ship,NOUN,290,Lily and Ben are twins. They like to play dress up. They have many clothes and hats and shoes. They can be anything they,uzkal,invented,,debrul,gralat,trandin,,
746,slip,VERB,288,"One day, a big bald man went for a walk in the woods. He liked to look at the trees and listen to the birds sing. He saw",khruzk,invented,,drungrek,unkim,nurol,,
747,send,VERB,288,"One day, a boy named Tim was very excited. His mom and dad were going to send him to the zoo. He had never been to the z",strish,invented,,stosh,grirazkan,trarkharem,,
748,couch,NOUN,288,"Sara and Ben are twins. They like to play with their toys and books. One day, they see a new book on the shelf. It has a",galik,invented,,ribuz,bolif,skinduk,,
749,towel,NOUN,287,"Once upon a time, there was a king. He was a big and strong king who ruled over his kingdom. One day, he wanted to take ",zelkhaz,invented,,thrarloth,kikthral,dagotzim,,
750,nearby,ADJ,287,"Once upon a time, there was an incredible goose. He used to fly up high in the sky and check out the world below. One da",klunt,invented,,nukthral,mokthrun,dralga,,
751,kiss,VERB,287,Lily was playing with her doll in her room. She liked to pretend that her doll was her baby and she was the mom. She wan,kabufduk,invented,,orakam,zurulu,zizaru,,
752,glow,VERB,287,"Once upon a time, there was a little girl. She had the most beautiful skin, not like anyone else's. Everyone was envious",thord,invented,,gramlul,natil,ramaf,,
753,gun,NOUN,286,"One day, a boy named Tim went to the park. He saw a toy gun on the ground. Tim picked it up. It felt rough in his hands.",dezk,invented,,gronangaz,gozdangum,iganar,,
754,zoo,NOUN,285,"One day, Tom and his mom went to the zoo. They saw many animals like a big lion, a long snake, and a funny monkey. Tom l",tholunk,invented,,brabat,dangkung,khreld,,
755,drum,NOUN,285,"Lila and Ben are friends. They like to play together. Today, they go to the park with their moms. They see a big stage. ",daku,invented,,kvaza,dwush,gomlat,,
756,ashame,VERB,285,"Once upon a time, there was a lion who lived in a big forest. He wanted to make friends, but was too shy to do so. One d",glalal,invented,,vagthrak,wazash,zaskalg,,
757,powerful,ADJ,284,"Once upon a time, there was a powerful elephant. He lived in the forest, and he was very proud of how big and strong he ",stalg,invented,,zaluf,brazkon,khukruld,,
758,cozy,ADJ,284,"Lily was a dog who liked to dig. She dug in the yard, in the park, and in the sand. One day, she dug a big hole and foun",wakan,invented,,kvizhal,gazal,vabrib,,
759,cherry,NOUN,284,"Anna and Ben are twins. They like to play in the attic. The attic has many old things. Some things are toys, some things",ging,invented,,dhrolk,bimak,nabkun,,
760,caterpillar,NOUN,284,"One day, a boy named Tim saw a pale caterpillar. He wanted to introduce the caterpillar to his friend, Jane. Tim took th",frumda,invented,,wuron,nukek,trizul,,
761,furry,ADJ,284,Ben and Mia are friends. They like to play in the park on Tuesday. They have a ball and a bat. They take turns to hit th,rulgron,invented,,manda,mizal,endruk,,
762,wand,NOUN,283,"Sara and Tom are friends. They like to play with toys in Sara's room. Sara has many toys. She has dolls, cars, blocks an",iziz,invented,,klamaz,groword,golarg,,
763,flag,NOUN,283,"Mia and Leo are best friends. They like to play together every day. Sometimes they play with toys, sometimes they draw p",azarlak,invented,,dronguril,zalduzkun,kozanas,,
764,pizza,NOUN,283,"One day, a mighty dog named Max wanted to take a big pizza to his friend, Sam. Max put the pizza in a box and walked to ",zakik,invented,,hoka,wangid,gizil,,
766,lamp,NOUN,282,Lily and Sam were playing in the park with their mom. They saw a big tent with many colors. They wanted to see what was ,akozbaz,invented,,varongorz,dangamar,brazkulu,,
767,trust,VERB,281,"u don't have to be scared of the loud dog, I'll protect you"". The mole felt so safe with the little girl. She was very k",grabshang,invented,,enguk,umburk,hanglu,,
768,tidy,ADJ,281,"Lily and Tom were twins who liked to decorate things. They had a big box of crayons, stickers, and glitter. One day, the",nela,invented,,athgaz,thangor,threrkhan,,
769,wrap,VERB,281,"Once upon a time, there was a king. He was a big and strong king who ruled over his kingdom. One day, he wanted to take ",shum,invented,,flulk,stenk,dubag,,
770,daughter,NOUN,281,Once upon a time there was a little girl. She lived in a pretty house by the sea. The little girl was sad. She was so sa,kruvel,invented,,bokra,bramba,rangud,,
771,dish,NOUN,281,"Mommy was cooking dinner. She had a dish in her hands and was pouring blue liquid into it. Suddenly, she smiled and gave",flusint,invented,,vinkuk,dwengra,gradrur,,
772,lock,NOUN,281,Jill and Tom were friends. They liked to play in the old house near the park. The old house was big and dark and had man,trurm,invented,,urgraz,glikank,zizang,,
773,feed,VERB,280,It was a sunny day and two friends decided to travel. They were so happy to be able to take a journey together. One had ,namuf,invented,,braral,zakun,hazdu,,
774,poor,ADJ,280,Once upon a time there was a poor girl who lived in a small house. Every day she would step out of her house carrying a ,slagabkun,invented,,rakamga,kangrarkuz,kvardudug,,
775,woman,NOUN,280,"One day, a little girl named Lucy wanted to play outside. She put on her coat and went to the park. As she walked, she s",smos,invented,,threskang,vabun,dongka,,
776,tomorrow,NOUN,279,"One morning, a cat named Tom woke up. He felt happy because the sun was shining. Tom wanted to start his day, so he did ",bugra,invented,,denta,rurank,kingthrud,,
777,grape,NOUN,279,Lily was playing with her doll in her room. She liked to pretend that her doll was her baby and she was the mom. She wan,dantak,invented,,wantu,zanong,angring,,
778,journey,NOUN,278,It was a sunny day and two friends decided to travel. They were so happy to be able to take a journey together. One had ,khrunok,invented,,wiman,nuzkuk,krahu,,
779,glue,NOUN,278,"Anna and Ben are friends. They like to play in the garden. They see many flowers. Some are red, some are yellow, some ar",zhulg,invented,,lorg,eror,unglut,,
780,goat,NOUN,278,"Once upon a time, there was a boy named Jack. He was only three years old but he liked to read books. One day, he found ",rinofrul,invented,,donanta,wenguzku,olgana,,
781,step,NOUN,277,"Once upon a time, there was a little boy who was playing in a park. He went up to the big slide and said ""This looks fun",gatu,shared,@step/VERB,,,,,same word as step/VERB
782,sort,VERB,276,"Once upon a time, there was a wealthy man named Tom. He had a big house near a cliff. Tom liked to sort his many toys in",kazkuzk,invented,,ubel,khrirgaz,iraz,,
783,unique,ADJ,276,"One day, a girl named Mia went to the zoo with her mom. Mia loved the zoo because it had many unique animals. She liked ",mozun,invented,,angrind,zanun,wanil,,
784,expensive,ADJ,275,"Once upon a time, there was a little boy named Tim. He loved to play in the park. One sunny day, Tim went to the park wi",drornuk,invented,,drunaz,gangrung,dangnun,,
785,brush,NOUN,275,"Mum and dad were so excited. They had been planning this special day for weeks. Mum lifted the boxes from the car, while",khrurg,invented,,drokank,thrarind,lazgaz,,
786,lazy,ADJ,274,"One day, a lazy cat named Tom went to the park. He saw a swing and wanted to play. Tom jumped on the swing and began to ",kutrog,invented,,hendaz,krizgot,naldrin,,
787,icy,ADJ,272,"Once upon a time, there was a little bird named Tim. Tim lived near a big cliff. The cliff was very icy in the winter. T",kveth,invented,,dhraril,grekand,ragra,,
788,dizzy,ADJ,272,"One day, a little boy named Tim found a big box. Inside the box, he saw a radio. He was very happy. He wanted to show hi",sker,invented,,ukthrash,thrazuk,dwurbaf,,
789,mirror,NOUN,272,"One day, a little boy named Tim went with his mom to get a haircut. They walked into the haircut place and sat down. Tim",glolg,invented,,trelk,dahurk,vongle,,
790,celebrate,VERB,271,"Once upon a time, there was a dog named Spot. Spot was a very persistent dog. He loved to play and have fun. One day, Sp",dwurk,invented,,lorg,tharduzyak,kaldanan,,
791,front,NOUN,271,"John was playing in the living room. He was having lots of fun, touching all his toys. Suddenly, his mom walked into the",dworm,invented,,grumarz,strano,kloliz,,
792,pack,VERB,271,"Mommy was busy packing. She was getting ready for a visit. She put her bags in the car and got in, ready to drive.  On t",brugrez,invented,,rarkazh,ginkon,nonguk,,
793,behave,VERB,271,"Once upon a time, there was a big tower in a small town. In the town, there was a little girl named Lily. One day, Lily'",vaftank,invented,,rangthru,kamrol,grereg,,
794,frighten,VERB,271,"Once upon a time, there was a little girl named Lily. She was walking in the park and saw a box. The box had a label on ",adrumgog,invented,,throlunga,wangelak,drunkuga,,
795,weird,ADJ,270,"Lily and Ben like to race. They race with their bikes, their feet, and their toys. One day, they find a big roll of pape",lizatuk,invented,,zarengal,vorokin,kaginduz,,
796,afraid,ADJ,270,"Once upon a time, in a big forest, there was a fearful little dog named Spot. Spot was always scared of everything. One ",urathdra,invented,,gronkiro,grigakdan,brinrirom,,
797,act,VERB,270,Once upon a time there was a little boy named Jacob. Jacob loved to dream of what he wanted in life. One day he was play,lurn,invented,,reld,zhurm,usarz,,
798,sword,NOUN,268,"Tom and Lily like to play pretend. They have a big box that they use as a house. Sometimes they are a family, sometimes ",gruzke,invented,,tulga,borkhang,drorang,,
799,catch,NOUN,267,"Once upon a time, in a small yard, there was a hot sun shining. A little boy named Tim and his dog, Spot, were playing n",vazarg,shared,@catch/VERB,,,,,same word as catch/VERB
800,prince,NOUN,267,"Once upon a time, there was a big palace. In this palace, there lived a king, a queen, and a little prince. They were al",gramus,invented,,kruzam,naban,undhroz,,
801,corner,NOUN,266,Once upon a time there was a little girl named Lucy. She loved to go to the store to buy sweets with her mom and dad. On,inkil,invented,,kimba,khangol,wariz,,
802,tomato,NOUN,266,Sara and Tom were having lunch with their mom. They liked to eat pasta with cheese and tomato sauce. Mom gave them each ,angok,invented,,ukhdhrak,thrankaz,kazhro,,
803,peaceful,ADJ,265,Once upon a time there was a little girl named Lucy. She loved to go to the store to buy sweets with her mom and dad. On,zangogang,invented,,vazrurkhang,odulgra,weranskar,,
804,print,VERB,265,"One day, a little boy named Tim found a big, mysterious box in his room. He did not know where it came from. He looked a",gruzhur,invented,,urluk,dhrasham,gronke,,
805,clay,NOUN,264,"Once upon a time, there was a little girl named Amy. She had a big dream to make a friend out of clay. Amy loved to play",dringin,invented,,viban,gralkhak,vuvan,,
806,nervous,ADJ,264,Once upon a time there was a little girl named Alice. She wanted to build a tower with blocks. She picked up the blocks ,skraram,invented,,thrordor,grulesh,drobaz,,
807,eager,ADJ,263,"Jim and Jake were two eager boys, who loves to play in the garden. When they looked out of the window they saw some thin",graker,invented,,dhromthuf,grabu,thangag,,
808,light,ADJ,262,"Lily and Max were playing in the park with their mom. They liked to slide, swing, and run on the grass. They also liked ",kvelg,invented,,monba,zardra,khrurbat,,
809,question,NOUN,262,"Once upon a time, in a small village, there was a boy named Tom. Tom had a toy spear. He loved to play with his spear al",khrerk,invented,,wazab,duntot,khazkriz,,
810,incredible,ADJ,262,"Once upon a time, there was an incredible goose. He used to fly up high in the sky and check out the world below. One da",grankak,invented,,biraz,skizkus,marez,,
811,orange,NOUN,262,Lily was playing with her doll in her room. She liked to pretend that her doll was her baby and she was the mom. She wan,dulkhral,invented,,arkhak,khrarush,akel,,
812,calm,ADJ,261,"One day, a little girl named Sue found a pen on the floor. She picked it up and thought it was very special. Sue had an ",glanda,invented,,vozhunt,skreming,dungrek,,
813,creative,ADJ,261,"Anna and Ben are friends. They like to play in the garden. They see many flowers. Some are red, some are yellow, some ar",grurkhut,invented,,khrathgur,dwobkos,tawant,,
814,whale,NOUN,260,"Once upon a time, there was a gray cat named Tom. Tom lived in a big house with his best friend, a little boy named Tim.",klorz,invented,,grafyak,balgrik,gakwonk,,
815,eventually,ADV,260,"One ordinary day, the sun was shining brightly. Suddenly, a loud noise was heard! A little boy, Jimmy, went outside to i",dweblak,invented,,khazek,lonkand,mamun,,
816,scarf,NOUN,260,"Lucy and her mommy were walking through the park. Everywhere Lucy looked, she saw green. The grass on the ground, the le",vezku,invented,,khamar,lanan,kurnang,,
817,pray,VERB,259,"One day, a boy named Tim went to the doctor with his mom. The doctor said he needed an x-ray. Tim was scared, but his mo",vuzhru,invented,,nulthraf,adon,smanril,,
818,laugh,NOUN,258,Lily was playing with her doll in her room. She liked to pretend that her doll was her baby and she was the mom. She wan,zond,shared,@laugh/VERB,,,,,same word as laugh/VERB
819,steal,VERB,258,"Once upon a time, there was a little boy named Brian. He was only three years old. Brian really wanted a toy, but he did",kamuk,invented,,dorat,dagan,dentank,,
820,wipe,VERB,258,Lily liked to help her mom in the kitchen. She had a small spoon and a small bowl. Mom gave her some flour and water to ,sorwar,invented,,skrazur,vagaz,gofdal,,
821,bath,NOUN,257,"Once upon a time, there was a king. He was a big and strong king who ruled over his kingdom. One day, he wanted to take ",nabol,invented,,obkab,sardrik,narlan,,
822,measure,VERB,257,"One day, a boy went for a walk in the park. He looked around and saw a squirrel up in a tree. ""Wow,"" the boy exclaimed, ",kakthrol,invented,,mordulg,vazor,dazhron,,
823,jeep,NOUN,257,"One day, a boy named Tim had a toy jeep. He loved to play with his jeep all the time. It was his favorite toy. Tim liked",gogrik,invented,,hondrel,ditank,ingaz,,
824,fan,NOUN,256,"Lily and Ben like to race. They race with their bikes, their feet, and their toys. One day, they find a big roll of pape",grurore,invented,,ramarob,urodul,nongungna,,
825,useful,ADJ,256,"Once upon a time, there was a little leopard named Leo. Leo lived in a big forest with his family. He had a lot of frien",grakragon,invented,,bonduza,zutzuril,dandroke,,
826,orange,ADJ,256,Once upon a time there were two mice called Sue and Nick who were very best friends. But Sue was a bit older than Nick s,dulkhral,shared,@orange/NOUN,,,,,same word as orange/NOUN
827,pie,NOUN,256,"Once upon a time, there was a big pie. The pie was very patient. One day, the pie went to sleep under a tree. The sun wa",zelgang,invented,,hankal,krankil,drunrek,,
828,unknown,ADJ,255,Once there was a baby. His name was unknown. Each day he would sit in the marketplace. He was trying to sell his toy tru,gukru,invented,,marang,gladang,vanglu,,
829,polite,ADJ,254,"Once upon a time, there was a polite bee named Bob. Bob lived in a big hive with all his bee friends. The hive was in a ",dorkhak,invented,,zundra,kungrang,onthran,,
830,rub,VERB,254,"Once upon a time, in a small house, there was a little girl named Mia. Mia had a pet bird named Bob. Bob lived in a cage",thradoz,invented,,tronrud,kankun,krarkha,,
831,clock,NOUN,254,"Once upon a time, there was a grumpy clock. The clock lived on a wall in a big room. It was always angry because it did ",bruld,invented,,skezk,slarg,drutot,,
832,spicy,ADJ,253,Sara and Tom were having lunch with their mom. They liked to eat pasta with cheese and tomato sauce. Mom gave them each ,bagruz,invented,,krakak,dhundrul,rorkhag,,
833,lick,VERB,253,"One day, a little dog named Max was playing in the park. He saw a big red ball and wanted to play with it. Max ran to th",zolul,invented,,shakok,drovazk,kunkat,,
834,ride,NOUN,253,"Once upon a time, there was a strong dog named Max. One day, Max saw a little bird who was hurt. The bird was on a stair",skazazal,shared,@ride/VERB,,,,,same word as ride/VERB
835,net,NOUN,253,"One day, a little butterfly was flying in the sky. It was a harmless butterfly with pretty wings. It liked to fly and pl",vazgan,invented,,slagrak,gorlal,nukthru,,
836,swan,NOUN,253,"Once upon a time, a big swan lived in a pond. The swan had a weird rock that it liked to sit on. The rock was in the mid",dhrern,invented,,glakenda,grabongan,nekralu,,
837,corn,NOUN,252,"One day, a little girl named Amy went for a walk. She liked to step on the thick, green grass. She walked and walked unt",bigrankiz,invented,,alalan,grilongo,bankabot,,
838,building,NOUN,252,Once upon a time there was an elevator going up and down in a big building. One day a little girl wanted to ride the ele,krural,invented,,umork,rurbok,zadim,,
839,ear,NOUN,252,"One day, a big dog and a little cat were playing near a tree. They were very good friends. The big dog had a long tail a",gramung,invented,,azrek,hunur,grazkunon,,
840,closet,NOUN,252,"Once upon a time, there was a little girl named Lisa. She loved to play with her toys in her room. One day, her mom boug",ardorum,invented,,washrinkal,zhundundu,saramgard,,
841,march,VERB,252,"One day, a lady went for a walk. She felt gloomy because it was a gray and rainy day. As she walked, she saw a big hill.",kizan,invented,,shuran,stane,garintot,,
842,potato,NOUN,252,"Mum and Dad were busy in the kitchen. It was Wednesday and they had a special dinner to make. Mum said to Dad, ""let's po",rangras,invented,,truzurn,varlal,dilgrat,,
843,cap,NOUN,252,"One day, a playful cat and a big dog had a quarrel. They were fighting over a pretty cap. The cat said, ""It is mine!"" Th",karangun,invented,,aramgral,rerkhangrazh,frandaru,,
844,disappear,VERB,251,It was a sunny day and two friends decided to travel. They were so happy to be able to take a journey together. One had ,skarud,invented,,skoguz,vakflez,khrukond,,
845,steak,NOUN,251,"Once upon a time, there was a big dog named Max. Max loved to eat steak. One day, Max's mom told him she would give him ",berd,invented,,slizk,grinbe,zazuk,,
846,famous,ADJ,251,"Once upon a time, there were two friends, Lucy and John.  Lucy wanted to lend her prize to John. She had won it at the s",krizar,invented,,zenil,bolon,khurdhraz,,
847,mask,NOUN,251,Ben is a hero. He likes to help people and animals. He wears a blue cape and a blue mask. He runs fast and jumps high. H,glorduz,invented,,unthrus,dhrezuk,gingraz,,
848,sorry,INTJ,250,"Lily and Tom were twins who liked to decorate things. They had a big box of crayons, stickers, and glitter. One day, the",smez,shared,@sorry/ADJ,,,,,same word as sorry/ADJ
849,mysterious,ADJ,250,"One day, a little boy named Tim went to the park with his mom. He saw a mysterious box under a tree. Tim was curious and",arung,invented,,grongroz,ugung,gangal,,
850,soap,NOUN,248,"One day, a little girl named Lily found a box. In the box, there were many little pieces. Lily did not know what it was.",halgarlar,invented,,kalara,glagrakut,degargra,,
851,shark,NOUN,248,"Tom and Mia went to the park with Mom. They saw a big slide that looked like a shark. It had a mouth, teeth, eyes and a ",ringoz,invented,,rago,zobu,slas,,
852,stupid,ADJ,248,Tom and Lily are friends. They like to play with toys and draw pictures. Today is Lily's birthday. Tom wants to give Lil,khink,invented,,gidu,frazir,werma,,
853,tent,NOUN,247,"Once upon a time, there was a big, colorful tent. It was in a park. Many kids liked to play there. One sunny day, a litt",zordo,invented,,zunkir,renguz,uzkuth,,
854,match,NOUN,246,"Once upon a time, there was a regular rocket. The rocket was red and blue. The rocket wanted to find a match. The match ",azil,invented,,zhazhul,dhrinun,akdhra,,
856,secret,NOUN,245,"Once upon a time, in a small house, there was a little girl named Sue. Sue was a restless girl. She liked to play and ru",throzkan,shared,@secret/ADJ,,,,,same word as secret/ADJ
857,strawberry,NOUN,244,Lily was playing with her doll in her room. She liked to pretend that her doll was her baby and she was the mom. She wan,ukflam,invented,,digraz,krirban,vozka,,
858,noisy,ADJ,243,"One day, a little boy named Tim was playing in his room. He heard a noisy sound outside. He went to the window and saw a",zanor,invented,,zahung,krufrel,ankam,,
859,rug,NOUN,243,"Once upon a time, there was a pink rug that could sing. The rug lived in a small room with a little girl named Lily. Lil",kuzil,invented,,nazbon,dobnund,lotok,,
860,spread,VERB,242,"Once upon a time, there was a wealthy man named Tom. He had a big house near a cliff. Tom liked to sort his many toys in",zhas,invented,,lorg,khrundul,trunra,,
861,dead,ADJ,242,"One day, a little boy named Tim went for a walk. He saw a stream with water that was flowing. Tim liked to play near the",anrend,invented,,dratu,khakak,migud,,
862,solve,VERB,242,"Once upon a time, in a peaceful town, there was a big square. In the square, there were many kids who liked to play. The",strazhul,invented,,trudung,dorund,glazorn,,
863,goose,NOUN,241,"Once upon a time, there was an incredible goose. He used to fly up high in the sky and check out the world below. One da",tolama,invented,,gazuzhro,dwugravak,draligdhan,,
864,oven,NOUN,241,"One day, a little boy named Tim found a fake bug. He wanted to show his mom, but she was busy in the kitchen. Tim saw th",glerk,invented,,yab,grulgam,tralu,,
865,pumpkin,NOUN,240,"Once upon a time, there was a big pumpkin. The pumpkin lived in a garden with many friends. They liked to play and have ",skuzhata,invented,,kurisag,ridroban,gamangal,,
866,bean,NOUN,239,"One day, a cat and a dog were friends. They liked to talk and play. They lived in a house with a man. The man liked to d",dhrozuf,invented,,kronrut,rungthra,grafdun,,
867,chocolate,NOUN,239,"Sara and Tom are twins. They like to play in the park with their mom and dad. One day, they see a big truck with ice cre",kralonk,invented,,bandroz,bolorn,rakwus,,
868,wagon,NOUN,239,"Once upon a time, there was a playful boy named Tim. Tim had a red wagon that he loved to play with. Every day, he would",degok,invented,,runtuk,dugraz,kuldruk,,
869,mind,VERB,238,"Once upon a time, there was a curious little boy named Tim. He liked to mind his mom and dad. One day, Tim saw a hunter ",zotzak,invented,,zalthran,umarg,zukflul,,
870,rough,ADJ,238,"One day, a boy named Tim went to the park. He saw a toy gun on the ground. Tim picked it up. It felt rough in his hands.",kuzunin,invented,,dardondof,embarbag,tradilfuk,,
871,candle,NOUN,238,Tom and Lily are friends. They like to play with toys and draw pictures. Today is Lily's birthday. Tom wants to give Lil,drangaz,invented,,enkak,urbu,grolil,,
872,neck,NOUN,237,"Once upon a time, in a big forest, there was a wise old owl. This owl had a long neck and knew many things. He lived in ",gunkaz,invented,,rukof,druzkil,dozdra,,
873,enormous,ADJ,237,"Once upon a time, there was a little worm named Wiggly. Wiggly lived in a big garden with many plants and flowers. Wiggl",kakom,invented,,zoran,brozgu,gazunru,,
874,crown,NOUN,237,"Once upon a time, there was a little girl named Lisa. She loved to play with her toys in her room. One day, her mom boug",trush,invented,,dhazh,vararab,thrusringar,,
875,cone,NOUN,237,"Sara and Tom are twins. They like to play in the park with their mom and dad. One day, they see a big truck with ice cre",buzhrungan,invented,,sinrala,umita,antanu,,
876,feeling,NOUN,236,It was a sunny day and two friends decided to travel. They were so happy to be able to take a journey together. One had ,grogdhaz,invented,,bawul,zinang,kizok,,
877,rare,ADJ,236,"One sunny day, Tom went to play outside. It was a rare day when the sun was shining and everything was dry. Tom saw his ",arikum,invented,,vakukaz,darakar,brakingor,,
878,barn,NOUN,236,Once upon a time there was a little boy called Thomas who loved to explore. One day he went for a walk in the countrysid,krerat,invented,,graloth,dritrak,guzkakh,,
879,generous,ADJ,235,"Once upon a time, there was a big race. All the animals wanted to win the race. The prize was a soft mattress. The mattr",skrukh,invented,,lild,nakundral,akalerd,,
880,roar,VERB,235,"One day, a boy named Tim was very excited. His mom and dad were going to send him to the zoo. He had never been to the z",rungung,invented,,dozin,zunat,dranond,,
881,shoot,VERB,235,"Once upon a time, there was a little boy named Tim. Tim loved to play outside. One day, he saw a small lizard in his yar",dadamam,invented,,grumdimiz,drulmobak,marongru,,
882,foolish,ADJ,235,"Once upon a time, there was a purple cat. The cat loved to skip all day. It would skip in the sun and in the rain. The p",throlel,invented,,varding,gramgil,dremez,,
883,medicine,NOUN,235,"Lily was a dog who liked to dig. She dug in the yard, in the park, and in the sand. One day, she dug a big hole and foun",kharik,invented,,drontuth,sangrok,kukrag,,
884,melon,NOUN,235,"Anna and Ben were friends who liked to play in the garden. One day, they saw a big melon growing on a vine. It was green",drirba,invented,,brogma,dungru,zatrag,,
885,burn,VERB,234,Sara and Tom were having lunch with their mom. They liked to eat pasta with cheese and tomato sauce. Mom gave them each ,dramlun,invented,,maruz,ratran,nunik,,
886,magic,NOUN,234,Once upon a time there was a very special girl named Grace. She loved to try new things. One day she saw a big rock in t,thrizkol,shared,@magic/ADJ,,,,,same word as magic/ADJ
887,remy,NOUN,234,"Once upon a time, in a big zoo, there was a poor rhinoceros named Remy. He was sad because he wanted to play with the ot",thizazar,invented,,kizruza,grinaraz,kharsinta,,
888,vegetable,NOUN,234,"Once upon a time, in a big garden, there were many vegetables. There was a little boy named Tim. Tim loved to eat vegeta",zurog,invented,,zokor,wozhrun,zoshkaz,,
889,hero,NOUN,233,"Once upon a time, in a small town, there was a tall hero named Tom. Tom was very strong and always helped people. One da",karkam,invented,,erdra,khurkal,urbiz,,
890,jog,VERB,233,"Once upon a time, there was a cool cat named Tom. Tom loved to go for a jog in the park. Every day, he would put on his ",zozon,invented,,alkhaz,draber,konun,,
891,group,NOUN,233,"One day, a group of friendly kids went to the park together. They were all very excited. One of the kids started to whis",galdringa,invented,,glagazal,lelarung,kazhrular,,
892,disgusting,ADJ,233,Ben and Lily were playing with their toys in the living room. Ben had a big truck and Lily had a doll. They were having ,uzebam,invented,,vorenra,wunkagdor,grangonug,,
893,tiger,NOUN,233,"Once upon a time, there was a jolly tiger. He lived in a big forest with many trees. The tiger loved to play and have fu",griladond,invented,,damgoka,zishbariz,gruzangu,,
894,bald,ADJ,232,"One day, a big bald man went for a walk in the woods. He liked to look at the trees and listen to the birds sing. He saw",gruhaguk,invented,,radangil,kumarda,ozakok,,
895,bitter,ADJ,232,"One day, a cat and a dog were playing in the park. The cat liked to tease the dog. The cat said, ""I am faster than you!""",bumez,invented,,drurdin,katzath,rima,,
896,breath,NOUN,232,"Once upon a time, there was an adventurous grape named Gracie. Gracie lived on a big vine with her family. She loved to ",dashuz,invented,,glugron,indror,zunbu,,
897,frustrate,VERB,232,"Once upon a time, there was a little boy named Tim. He was very excited to celebrate his birthday. Tim wanted to have a ",dwaraz,invented,,dulgran,skrurur,gutan,,
898,thick,ADJ,231,"One day, a little girl named Amy went for a walk. She liked to step on the thick, green grass. She walked and walked unt",strangon,invented,,thromlik,dogaz,nazkon,,
899,cheap,ADJ,231,"Once upon a time, a little girl named Lily found a small, cheap bulb in her garden. She wanted to help the bulb grow big",zobam,invented,,grurbal,barash,warnol,,
900,difficult,ADJ,231,"Once upon a time, in a small town, there was a law that said no one could release their pet outside. A little boy named ",umbra,invented,,elgro,laro,zindoz,,
901,fluffy,ADJ,230,"Lily and Max were playing in the park with their mom. They liked to slide, swing, and run on the grass. They also liked ",rorkarer,invented,,kazagat,dazratruf,drurolgoz,,
902,create,VERB,230,"Emily was very excited. She was going to the office to paint. She loved painting, and she had heard the office was very ",ringriz,invented,,wakwel,veram,dwutrun,,
903,obedient,ADJ,230,"Once upon a time, there was a little boy named Tim. Tim was a very obedient boy. He always listened to his mom and dad. ",drandusan,invented,,barenkal,krarulin,anrizus,,
904,whisper,VERB,230,"Tom and Lily liked to play in the park. They liked to slide, swing and run. But their favorite thing was to go in the tu",glard,invented,,zezagrik,ulamdal,skukurez,,
905,pain,NOUN,230,"Lily loved to go to the zoo with her mom and dad. She liked to see all the different animals, but her favorite was the b",kruzhra,invented,,angtrag,gunduk,ranar,,
906,shadow,NOUN,230,"Lily and Ben were playing in the park with their mom. They liked to swing, slide and run on the grass. They saw a big do",zobnaru,invented,,urutstaz,dihazak,borkharuz,,
907,ruin,VERB,229,"Lily and Tom were twins who liked to decorate things. They had a big box of crayons, stickers, and glitter. One day, the",klothgan,invented,,gezank,rorat,gatoz,,
908,market,NOUN,229,"Once upon a time, there was a little girl called Bella. She was so excited to go to the market with her mum to buy some ",zungar,invented,,drugil,bulmaz,dumthirl,,
909,lock,VERB,229,"One day, Tom and his mom went to the zoo. They saw many animals like a big lion, a long snake, and a funny monkey. Tom l",trurm,shared,@lock/NOUN,,,,,same word as lock/NOUN
910,guitar,NOUN,229,"Lila and Ben are friends. They like to play together. Today, they go to the park with their moms. They see a big stage. ",dosh,invented,,kresh,dhazh,skizhaz,,
911,destroy,VERB,228,"Once upon a time, in a land far away, there was a terrible hurricane. The wind blew hard, and the rain fell down. Everyo",mirm,invented,,kresh,gandamik,dhrazanka,,
912,thin,ADJ,228,"Once upon a time, there was a thin cat named Peanut. Peanut lived in a small house with his friend, a big dog named Max.",zakaruk,invented,,khukongdrin,khadakak,thruluru,,
913,asleep,ADJ,227,"Lily and Max were playing in the park with their mom. They liked to slide, swing, and run on the grass. They also liked ",asagrik,invented,,fukdugraf,varkhadzha,adakthrung,,
914,poke,VERB,227,Sara and Tom were having lunch with their mom. They liked to eat pasta with cheese and tomato sauce. Mom gave them each ,dhrikrong,invented,,ordam,alkhru,grurlun,,
915,knife,NOUN,227,Lily was playing with her doll in her room. She liked to pretend that her doll was her baby and she was the mom. She wan,zaldil,invented,,gakel,tardak,grongend,,
916,tough,ADJ,227,"Once upon a time, there was a green frog named Tim. Tim lived in a small pond with his family. He loved to jump and play",konkaf,invented,,zhablul,kendrir,trungirk,,
917,light,VERB,226,"Once upon a time, there was a little girl called Bella. She was so excited to go to the market with her mum to buy some ",bruzan,invented,,kengrak,fromba,hordraz,,
918,collect,VERB,226,"One day, a little girl named Mia went to the park. She saw a yellow bird. The bird said, ""Help me collect silver stones,",retril,invented,,venag,wargir,gazun,,
919,body,NOUN,226,"Once upon a time, there was a little girl named Amy. She had a big dream to make a friend out of clay. Amy loved to play",khrugek,invented,,dhrarin,akdhal,zuzdan,,
920,relieve,VERB,226,Once upon a time there was a duck. He was happy and liked to play. One day he met a duck he liked very much. Her name wa,glankung,invented,,gringrik,nekim,bongag,,
921,prize,NOUN,225,"Once upon a time, there was a big race. All the animals wanted to win the race. The prize was a soft mattress. The mattr",vangrorn,invented,,zazum,grizrang,dorozk,,
922,matter,ADV,225,Once there was a boy who loved playing in the mine. Every day he would fill up his bucket with dirt and rocks. Then he w,wobal,invented,,zumat,ungang,grandal,,
923,terrible,ADJ,225,"One day, a little girl named Sally found an envelope on the floor. It was a big envelope with pretty colors. Sally wante",gurkhu,invented,,kungrik,kruzat,smurbuk,,
924,drawing,NOUN,225,"Once upon a time, there was a boy named Jack. He was only three years old but he liked to read books. One day, he found ",ekarbok,invented,,skarerol,unazuz,arungrok,,
926,salad,NOUN,224,Lily was playing with her doll in her room. She liked to pretend that her doll was her baby and she was the mom. She wan,garangol,invented,,okazang,grongulshiz,umigal,,
927,hide,NOUN,224,"Jim and Jake were two eager boys, who loves to play in the garden. When they looked out of the window they saw some thin",brus,shared,@hide/VERB,,,,,same word as hide/VERB
928,guess,VERB,224,"One day, a boy went for a walk in the park. He looked around and saw a squirrel up in a tree. ""Wow,"" the boy exclaimed, ",zelk,invented,,skezk,glumga,grerun,,
929,fine,ADJ,224,"One day, a big barrel appeared in the park. It was a fine day, and the sun was shining. The kids went to see the barrel.",grazhrug,invented,,zizung,vadal,zulin,,
930,jungle,NOUN,224,"Once upon a time, in a big jungle, there was a little monkey. The monkey was very curious. He liked to look and touch ev",volan,invented,,thrune,hubu,engin,,
931,tear,VERB,224,"One day, a little girl named Lucy found a broken toy in her room. It was a small rabbit made of soft velvet. She picked ",damda,invented,,ongdron,katzerd,khuzhuk,,
932,horn,NOUN,224,Tim and Sam were playing with their toy cars in the backyard. They liked to make them zoom and crash on the dirt. Tim ha,gudrurun,invented,,entungraz,ungrarag,aroran,,
933,embarrass,VERB,224,"One day, a silly cat named Tom went out to play. He saw a big pile of coal. Tom thought it would be fun to play with the",skanbon,invented,,gazum,kruron,matat,,
934,cross,VERB,223,"One day, a little boy named Tim went for a walk. He saw a stream with water that was flowing. Tim liked to play near the",khegron,invented,,gugnag,glakag,brelum,,
935,jealous,ADJ,223,"Sara and Tom are friends. They like to play with toys in Sara's room. Sara has many toys. She has dolls, cars, blocks an",skanorz,invented,,zakdash,irtru,sezan,,
936,minute,NOUN,223,"Once upon a time, there was a little boy named Brian. He was only three years old. Brian really wanted a toy, but he did",kazazuz,invented,,uzdarbek,garungrank,wandridam,,
937,fly,NOUN,223,Sara was miserable. She had a big ouch on her knee from falling down. It was red and wet and hurt a lot. She cried and c,rugdhazku,invented,,tarunda,voramrurm,dhrazkangu,,
938,jam,NOUN,223,It was a sunny day and Dan was ready to play. He had his hockey stick and was ready to go. Dan walked to the park where ,skrokel,invented,,sagrag,grasaz,harkhal,,
939,mushroom,NOUN,223,"Once upon a time, in a big forest, there was a little mushroom. The mushroom was very clever. He had many friends who li",wurag,invented,,grazaz,langom,dhrenga,,
940,unusual,ADJ,222,Once there was a little girl named Lucy. She was only three years old and she loved to laugh. One day she was playing in,larank,invented,,trongak,arar,thruburd,,
941,thankful,ADJ,221,Once there was a boy who loved playing in the mine. Every day he would fill up his bucket with dirt and rocks. Then he w,dilk,invented,,gringung,zhundruz,gingun,,
942,original,ADJ,221,"'Mummy, what is this?' asked three year old Molly, as she pointed to an old cell. 'It's an original cell, sweetheart,' h",gardan,invented,,mazhrong,androt,thenthraz,,
943,pet,VERB,221,"Sara and Ben are twins. They like to play with their toys and books. One day, they see a new book on the shelf. It has a",skokenkel,invented,,gorkhutriz,gotator,akeruz,,
944,jewel,NOUN,221,Once upon a time there was a wizard called Malerious. Malerious was very kind and always loved to collect jewels. One da,akfla,invented,,dizkaz,ubku,zuda,,
945,higher,ADV,220,Sara was very excited. She was going outside to fly a kite. Her mom helped her prepare the kite. She had to tie string t,andriz,invented,,khrozku,gantek,kvereg,,
946,dull,ADJ,220,"Steve wanted to surprise his friend Marie, so he went out and bought her a nice folder. When he saw her, Steve happily o",kabik,invented,,dwugal,gikhskaz,thramank,,
947,sunflower,NOUN,219,"Once upon a time, in a small garden, there lived a tall sunflower named Sunny. Sunny loved to grow big and strong. One d",nurdrin,invented,,khrariz,grotong,ufriz,,
948,soar,VERB,219,"Once upon a time, there was a little girl called Amy. She loved pink and dreamed of flying away in a pink rocket. One da",khuroz,invented,,drungurm,udhrol,grungel,,
949,ending,NOUN,218,"Once upon a time, there was a little girl named Amy. She had a toy named Quick. Quick was a fast bunny that could run an",bankale,invented,,bunedrash,wurordu,ankerbar,,
950,mighty,ADJ,218,"Once upon a time, a mighty dog named Spike lived in a small house. One sunny day, he saw a big red ball in the yard. He ",glaruk,invented,,zardand,dagaz,grushbaz,,
951,present,NOUN,217,"John was playing in the living room. He was having lots of fun, touching all his toys. Suddenly, his mom walked into the",bundan,invented,,thrumu,zubkun,trokwath,,
952,escape,VERB,217,"Once upon a time, there was a little worm named Wiggly. Wiggly lived in a big garden with many plants and flowers. Wiggl",uzkunglun,invented,,nakrukaf,vongthrubuth,ukengruz,,
953,peach,NOUN,217,"One day, a little boy named Tim went to the park. He saw a big tree with a yummy peach on it. Tim wanted to eat the peac",klunarn,invented,,kakhgrat,gringras,froruz,,
954,giggle,VERB,216,It was a sunny day and two friends decided to travel. They were so happy to be able to take a journey together. One had ,nogan,invented,,skograzh,norab,skotra,,
955,space,NOUN,216,"One day, a little cricket was in the garden. He liked to jump and play. The sun was shining and the sky was blue. The cr",skrere,invented,,karkhik,groskel,delal,,
956,print,NOUN,216,"Once upon a time, there was a lively dog named Spot. Spot loved to play and run all day. He had many friends in the park",gruzhur,shared,@print/VERB,,,,,same word as print/VERB
957,vase,NOUN,216,"Once upon a time, there was a big house. In the house, there was a fancy room upstairs. A little girl named Sue lived in",vanalgra,invented,,thrankazog,grorozkur,uzazkaz,,
958,fierce,ADJ,215,"Once upon a time, there was a fierce cat named Tom. Tom liked to play with his friends outside. One day, Tom saw a big d",ruraza,invented,,dhrangalolg,daredink,khondarkhar,,
959,clear,ADJ,215,"Sara and Ben are friends. They like to play outside in the sun. But one day, the sky is not clear. It is dark and gray. ",dranul,invented,,dungla,kriron,grerazun,,
960,discover,VERB,215,Once there was a little girl named Lucy. She was playing in her backyard when she heard a noise coming from the dark bus,drubam,invented,,thrakarz,grarur,udsol,,
961,hay,NOUN,215,"Once upon a time, there was a gentle cow named Daisy. Daisy lived on a big farm with her friends. She liked to play in t",urkhan,invented,,raskog,khanam,nazkoz,,
962,kiss,NOUN,214,"Lily and Max were playing in the park with their mom. They liked to slide, swing, and run on the grass. They also liked ",kabufduk,shared,@kiss/VERB,,,,,same word as kiss/VERB
963,thoughtful,ADJ,214,"Once upon a time, there was a little girl named Sue. Sue was very thoughtful. She always helped her mom and dad. One day",grarek,invented,,dhrankaz,azkhrak,gagror,,
964,pepper,NOUN,214,Sara and Tom were having lunch with their mom. They liked to eat pasta with cheese and tomato sauce. Mom gave them each ,drogagdhol,invented,,thamgazal,garkhanez,zebokat,,
965,fat,ADJ,214,"One day, a fat cat named Tom went for a walk. He saw a big box with a label on it. Tom did not know what the label said,",thralal,invented,,bokeng,wangreg,labaz,,
966,peek,VERB,214,"One day, a king and his son went to the park to play. The king was a great and good king who loved his son very much. Th",besh,invented,,windrak,bunind,zalgu,,
967,cry,NOUN,214,"One day, a quiet cat named Sam went to play near the surf. He liked to watch the big water go up and down. Sam saw a big",dwuz,shared,@cry/VERB,,,,,same word as cry/VERB
968,suit,NOUN,214,"Once upon a time, there was a big bear named Bob. Bob wore a thick, red suit every day. He liked to play in the mud with",ureg,invented,,bonthran,zasdhan,gritrish,,
969,ring,NOUN,214,Sara and Tom are friends. They like to play at the beach. They make sand castles and look for shells. They also like to ,zangnan,invented,,skarkho,taldra,zolar,,
970,sigh,VERB,213,"Lily and Tom were twins who liked to decorate things. They had a big box of crayons, stickers, and glitter. One day, the",zakflular,invented,,valgungran,itrandal,grongerkha,,
971,island,NOUN,213,"Once upon a time, there was a little boat. The boat loved to speed on the water. One day, the boat saw a perfect island ",kugok,invented,,rizra,gakzhaz,konkek,,
972,decorate,VERB,212,"Lily and Tom were twins who liked to decorate things. They had a big box of crayons, stickers, and glitter. One day, the",kalizuk,invented,,zankiraf,skurata,shakwaruk,,
973,relax,VERB,212,"Once upon a time, there was a king. He was a big and strong king who ruled over his kingdom. One day, he wanted to take ",dhrish,invented,,slosh,drazkir,thrukoz,,
974,muffin,NOUN,212,"One day, a cat named Tom saw a weird muffin on the table. He was very hungry. He jumped up and took a bite. It tasted fu",gagagund,invented,,ubezat,goruru,grerura,,
975,balance,VERB,212,Once upon a time there lived a little girl. She was very busy and she had many toys. Every day she would polish her toys,bagrak,invented,,vakvak,dombuz,milgor,,
976,trouble,VERB,212,"Once upon a time, there was a little girl named Lucy. She had a favorite shoe that she always wore. One day, Lucy was tr",oldru,shared,@trouble/NOUN,,,,,same word as trouble/NOUN
977,pebble,NOUN,212,Once upon a time there was a naughty prince. He loved to scatter things all around the castle. One day he scattered some,kardru,invented,,vozung,zandog,okruz,,
978,clumsy,ADJ,210,"Lily and Tom were twins who liked to decorate things. They had a big box of crayons, stickers, and glitter. One day, the",nonrungan,invented,,ungabaz,vanakak,khragendiz,,
979,whistle,NOUN,210,"Lily and Max were playing in the park with their mom. They liked to slide, swing, and run on the grass. They also liked ",akokak,shared,@whistle/VERB,,,,,same word as whistle/VERB
980,travel,VERB,210,It was a sunny day and two friends decided to travel. They were so happy to be able to take a journey together. One had ,lilazdag,invented,,balinril,grirurin,imbala,,
981,uncomfortable,ADJ,210,"Once upon a time, in a small village, there was a boy named Tom. Tom had a toy spear. He loved to play with his spear al",gratosh,invented,,kanka,dreget,vaguz,,
982,’,VERB,210,Once there was a little girl called Ella. Every day she would go to her garden and play with her toys. Today she sat out,gazerun,invented,,drudalong,grukazog,wernezal,,
983,scale,NOUN,210,"Once upon a time, there was a group of friends who wanted to have a fashion show. They wanted to weigh their fashion wit",ozdorang,invented,,zazkazhonk,irizak,arneliz,,
984,chest,NOUN,209,"One day, a group of friendly kids went to the park together. They were all very excited. One of the kids started to whis",grezkum,invented,,ukil,garof,gruras,,
985,clown,NOUN,209,"Once upon a time, there was a boy named Jack. He was only three years old but he liked to read books. One day, he found ",gakhdrek,invented,,wazkel,zorash,wakuz,,
986,ocean,NOUN,208,"Once upon a time, there was a gray cat named Tom. Tom lived in a big house with his best friend, a little boy named Tim.",abrong,invented,,skuta,vandak,dhrazu,,
987,tool,NOUN,208,"Once upon a time, in a distant land, there was a dog named Spot. Spot loved to dig and play all day long. One day, he fo",arwal,invented,,durkhok,skrabun,kvuzkhul,,
988,hose,NOUN,208,"Once upon a time, there was a navy boat. This boat was very dependable. It could spray water out of its hose. The boat l",kikaro,invented,,ragkhubag,oflengra,arkaka,,
989,sticker,NOUN,207,"Lily and Tom were twins who liked to decorate things. They had a big box of crayons, stickers, and glitter. One day, the",bazorl,invented,,kigdhal,grarba,dordus,,
990,fold,VERB,207,"Lily and Ben like to race. They race with their bikes, their feet, and their toys. One day, they find a big roll of pape",skriguk,invented,,rukab,drirarg,abkhrum,,
991,aunt,NOUN,207,"Once upon a time, there was a little girl called Anna. She had a yellow house and an aunt who loved to stir things. Ever",kuzhun,invented,,khalin,zamunt,baketh,,
992,seal,NOUN,207,"One day, a penguin found a box. It was from an unknown place. The penguin was very curious. He wanted to know what was i",makthral,invented,,frunglud,gruhol,dizkol,,
993,pan,NOUN,207,Mommy was baking a cake in a pan. She mixed together some ingredients and put the pan in the oven. She set the timer so ,akthrik,invented,,drulir,grandu,gragun,,
994,pasta,NOUN,206,Sara and Tom were having lunch with their mom. They liked to eat pasta with cheese and tomato sauce. Mom gave them each ,varom,invented,,zirand,thrambath,grasan,,
995,knee,NOUN,206,Lily was playing with her doll in her room. She liked to pretend that her doll was her baby and she was the mom. She wan,balarl,invented,,gangraz,dobag,klukil,,
996,crazy,ADJ,206,"One day, a rat named Bob saw a big piece of cheese. He wanted to eat it, but it was far away. So, Bob started to run. He",darinuk,invented,,grakazhash,grugadak,umoral,,
997,jolly,ADJ,204,"Once upon a time, in a small house, there lived a jolly boy named Tim. Tim loved to eat toast for breakfast. Every morni",flold,invented,,talgra,ungran,erog,,
998,spray,VERB,204,"Once upon a time, there was a grumpy clock. The clock lived on a wall in a big room. It was always angry because it did ",glorm,invented,,yab,dhrilu,skagaz,,
999,press,VERB,204,"Ben was a brave boy who liked to explore. One night, he heard a strange noise in the attic. He took his flashlight and c",dizgak,invented,,zozur,kunkan,kitrez,,
1000,necklace,NOUN,204,"Once upon a time, there were two friends named Anna and Bella. They both loved playing with shiny jewelry. One day, Anna",savikraz,invented,,zabama,grarukwam,trolungol,,
1001,cushion,NOUN,204,Tom and Anna are twins. They like to play with their toys and books. But sometimes they fight over things. Today they wa,klitak,invented,,onban,urat,rarin,,
1002,arrow,NOUN,204,"Once upon a time, there was a three year old boy called John. He liked playing outside in the sun. One day it was a bit ",rolganok,invented,,runganul,orbuzuz,zungumduk,,
1003,adventurous,ADJ,203,"Once upon a time, there was a little girl named Sally. Sally was adventurous. She loved to explore and find new things. ",lankar,invented,,ushkrag,gralag,gruzurung,,
1004,comfortable,ADJ,203,"One day, a cat and a dog were in a park. The cat was comfortable on a bench. The dog was near a grill. The dog said, ""I ",glokuz,invented,,alkhan,grizkek,ibak,,
1005,stair,NOUN,203,"Tom and Mia went to the park with Mom. They saw a big slide that looked like a shark. It had a mouth, teeth, eyes and a ",grozan,invented,,bruskok,gigrul,mangur,,
1006,squash,NOUN,203,"One day, a big, thick cat named Bow went for a walk. He saw a squash on the ground. Bow thought, ""I want to play with th",ombar,invented,,frakwik,drangut,orkong,,
1007,engine,NOUN,203,"Sam loved to play with his toy plane. He made it zoom and fly in the air, and he pretended he was the pilot. He liked to",ramleng,invented,,galdran,lantul,kvorish,,
1008,bracelet,NOUN,203,James was walking in the park. He saw a big tree with a big hole in it. Inside the hole was a big box. James wanted to f,brurz,invented,,kingrak,torbak,klumgash,,
1009,hairy,ADJ,202,"One day, a big, hairy bull was in a field. He was very happy. The sun was shining, and the birds were singing. The bull ",dhorl,invented,,zhurm,dozkinaz,gelkharan,,
1010,admire,VERB,202,Once upon a time there were two mice called Sue and Nick who were very best friends. But Sue was a bit older than Nick s,dunkire,invented,,gandongiz,dazingik,grangroru,,
1011,diamond,NOUN,202,"Once upon a time, there were two friends named Anna and Bella. They both loved playing with shiny jewelry. One day, Anna",ruzuz,invented,,urgram,grezhak,dukez,,
1012,toe,NOUN,201,Peter was walking beside a wild river. All of a sudden he saw a bright mineral in the water and decided to reach for it.,vuzorul,invented,,sararu,sarorer,drozarold,,
1013,playful,ADJ,201,Anna loves to dress up in her purple dress. It is her favorite dress. It has flowers and ribbons and sparkles. She feels,dankahur,invented,,kirokorn,gruntutag,abkorkhan,,
1014,loyal,ADJ,201,Mia was a sweet 3 year old girl who lived in a small town. One day she decided to take a walk to the stable. It was a ve,dangrol,invented,,angun,kordag,grorir,,
1015,anxious,ADJ,201,"One day, a boy named Tim went to the park. He saw a big tree with a big pear on it. Tim felt anxious because he wanted t",gaziz,invented,,ongkam,kokul,vanak,,
1016,spring,NOUN,201,"Once upon a time, there was a little girl named Abby. She was so excited because it was finally spring. She had been so ",zardegaz,invented,,garankuz,hanuzhuz,gamural,,
1017,stubborn,ADJ,200,"Once upon a time, in a small park, there was a big slide. All the kids loved to play on the slide. But one day, a stubbo",dagrolgo,invented,,shabanuz,drazograt,grurenkal,,
1018,screen,NOUN,200,"Jim and Jake were two eager boys, who loves to play in the garden. When they looked out of the window they saw some thin",endro,invented,,vazel,domuk,zagzak,,
1019,imagine,VERB,200,"Once upon a time there was a little boy. He loved to imagine things. One day, he imagined a deep lip sticking out of the",wabul,invented,,ozal,glazek,skigan,,
1020,match,VERB,200,"Once upon a time, there was a fancy cat named Lucy. She loved to play with her favorite toy, a long cord. One day, Lucy ",threngiz,invented,,skazhrib,dralman,anthrur,,
1021,movie,NOUN,200,Lily and Ben are twins. They like to play with their toys and books. But sometimes they get bored and want to do somethi,vuraz,invented,,grongrat,klokuk,growong,,
1022,spot,VERB,199,"Once upon a time, there was a little girl called Bella. She was so excited to go to the market with her mum to buy some ",grirn,shared,@spot/NOUN,,,,,same word as spot/NOUN
1023,tear,NOUN,199,Once upon a time there was a little girl. She lived in a pretty house by the sea. The little girl was sad. She was so sa,damda,shared,@tear/VERB,,,,,same word as tear/VERB
1024,thirsty,ADJ,199,Tom and Anna are playing in the park. They like to run and jump and slide. They see a big automobile on the road. It is ,tilaz,invented,,umon,buntak,kulfin,,
1025,harmless,ADJ,199,Once upon a time there was a little boy named Jacob. Jacob loved to dream of what he wanted in life. One day he was play,sirl,invented,,ambun,anaz,radro,,
1026,gloomy,ADJ,199,"One day, a little bird named Tim was flying in the sky. It was a gloomy day, and the clouds were big and dark. Tim felt ",nangrur,invented,,bungrag,kankarm,graftul,,
1027,perform,VERB,199,Tom and Mia liked to play with blocks. They wanted to make a big tower with all the blocks they had. They worked hard an,nalangnuk,invented,,skingoraz,dwurenrur,gruliru,,
1028,napkin,NOUN,199,"Anna and Ben are twins. They like to play with their toys and books. But they also like to eat yummy things. One day, th",dwilund,invented,,gringlin,dwuluk,brutur,,
1029,independent,ADJ,198,"Once upon a time, there was a happy dog named Jazz. Jazz was an independent dog who liked to play all day. He lived in a",grakond,invented,,khangthrak,unduk,skuzek,,
1030,jug,NOUN,198,"One day, a little girl named Jane was very thirsty. She went to the kitchen to find a drink. Jane saw a big jug of juice",grinmat,invented,,grabal,skrusha,kosar,,
1031,envelope,NOUN,197,"One day, a little girl named Sally found an envelope on the floor. It was a big envelope with pretty colors. Sally wante",vuzorm,invented,,drongral,skufol,nardun,,
1032,bathroom,NOUN,197,"Once upon a time, there was a bald man named Tom. Tom had a big house with a nice bathroom. He liked to play with his do",akinta,invented,,dendromoz,thrirazoz,nozduronk,,
1033,flexible,ADJ,197,"Jimmy was looking out the window, watching the birds fly around. His mom walked into the room and asked him what he was ",dazam,invented,,lethgan,grakob,klengna,,
1034,pirate,NOUN,197,Tom and Lily liked to sail their toy boat in the pond. They made it from a big leaf and a stick. They pretended they wer,kandrez,invented,,dhromun,unrof,gozhun,,
1035,spaghetti,NOUN,197,"One day, a modest cat named Kitty went for a walk. She saw a big bowl of spaghetti on a table. Kitty loved spaghetti, bu",alkron,invented,,klarunt,trezok,throthin,,
1036,rise,VERB,196,"Once upon a time, there was a little boy named Tim. Tim was grumpy when he woke up in his bedroom. The sun was shining t",zimuz,invented,,mikfle,algan,uldra,,
1037,barber,NOUN,196,"Once upon a time, there was a barber. He cut hair with big scissors. People liked him because he made them look nice. Bu",dhrokaga,invented,,kinkezard,grudongra,ardunkaz,,
1038,pigeon,NOUN,196,Once there was a little girl who loved to go outside. Every day she would step onto her front porch and look for somethi,freb,invented,,ramdan,strezal,khatorkhar,,
1039,mailbox,NOUN,196,"One day, a penguin found a box. It was from an unknown place. The penguin was very curious. He wanted to know what was i",gazkazbo,invented,,langukol,varoruz,klangengu,,
1040,wheat,NOUN,196,"One day, a little girl named Sue went for a walk. She saw a big field of wheat. The wheat was tall and yellow. It was a ",gazith,invented,,krugash,gelthrid,dogrun,,
1041,fragile,ADJ,196,Anna and Ben are friends. They like to play in the park. There is a bridge in the park. The bridge is old and fragile. I,ongdre,invented,,aror,ralbuk,kanand,,
1042,deer,NOUN,196,"Once upon a time, in a wide, wide forest, there lived a kind deer named Daisy. Daisy had a secret. She could bow to the ",tridrila,invented,,zerukral,koragud,grozdaku,,
1043,ghost,NOUN,195,"Once upon a time, in a small house, there lived a little boy named Tim. Tim was an intelligent boy who loved to learn ne",dandam,invented,,gakong,drenge,dibkan,,
1044,lizard,NOUN,195,"Once upon a time, there was a little boy named Tim. Tim loved to play outside. One day, he saw a small lizard in his yar",noru,invented,,khafrun,rozril,gufro,,
1045,dependable,ADJ,195,"Once upon a time, in a small house, there was a dependable cat named Tom. He loved to help his family. One day, a monste",gizurbaz,invented,,kazhezaz,kanazda,umfrizang,,
1046,friendship,NOUN,195,"Once upon a time there were two friends, Jack and Jill. They loved to play together and share. Every day they had fun pl",thilg,invented,,kresh,dhrozk,datuz,,
1047,parrot,NOUN,195,"Once upon a time, there was a sleepy cat named Tom. Tom lived near a rail. He liked to watch the trains go by every day.",gruthzuk,invented,,krangon,nararn,divin,,
1048,board,NOUN,194,"One day, a little boy named Tim found a soft, small board. He picked it up and saw a tiny ant on it. Tim said, ""Hi, litt",gragizk,invented,,benglang,unkosh,datuz,,
1049,chess,NOUN,194,"One day, a little girl named Lily found a box. In the box, there were many little pieces. Lily did not know what it was.",mamlez,invented,,threrel,ubka,narkhar,,
1050,mail,NOUN,194,"John sat in the garden and stared up at the sky. It was a beautiful day, and he noticed something small flying around up",bozagrang,invented,,irgruzan,sinkendur,azodrun,,
1051,marry,VERB,194,Once upon a time there was a duck. He was happy and liked to play. One day he met a duck he liked very much. Her name wa,arantal,invented,,dhrakarnel,mindrakol,omagdhrar,,
1052,turkey,NOUN,194,"Once upon a time, there was a big turkey. The turkey was not happy. He was always in a quarrel with the other animals. O",dothkhaz,invented,,lanus,graral,vondur,,
1053,roof,NOUN,193,"Once upon a time, in a small house, there was a deep hole. The hole was so deep that no one could see the bottom. A fami",ruthaz,invented,,kingul,graho,algral,,
1054,prune,NOUN,193,"Once upon a time, there was a big tree with lots of prunes. A little bird lived in the tree. The bird was very lucky bec",zalath,invented,,skagrer,bemil,kanturm,,
1055,crocodile,NOUN,193,Once there was a little girl named Lucy. She was playing in her backyard when she heard a noise coming from the dark bus,daldroz,invented,,trengrik,thrurith,khuskrik,,
1056,track,NOUN,193,"Once upon a time, there was a little girl named Lisa. She loved to play with her toy cars and trains. One day, she had a",welan,invented,,burkus,zondang,dorgil,,
1057,stove,NOUN,193,Lily liked to help her mom in the kitchen. She had a small spoon and a small bowl. Mom gave her some flour and water to ,skuzuld,invented,,mungal,ozal,lunduz,,
1058,stamp,NOUN,193,"Once upon a time, there was a little girl named Sarah. She was very gifted, and loved to show off her stamp collection t",khokazok,invented,,drazhardat,klomdonon,sozaka,,
1059,belt,NOUN,193,Lily and Ben are twins. They like to play dress up. They have many clothes and hats and shoes. They can be anything they,dandron,invented,,kungnol,gaftal,liba,,
1060,deliver,VERB,192,Once upon a time there was a very brilliant girl named Sofia. Sofia was only three years old but she was already very sm,anraku,invented,,thraboram,zhunrarak,grangarun,,
1061,deaf,ADJ,192,"One day, a little girl named Lily went to the park. She saw a pretty angel playing. The angel had big wings and a nice s",garuth,invented,,skabkan,thramak,vadin,,
1062,triangle,NOUN,192,"Once upon a time, there was a little square. The square lived in a big box with many other shapes. The square had many f",drale,invented,,zadan,khardroz,gozka,,
1063,up,NOUN,192,"Once upon a time, there was a little boy named Tim. Tim loved to play dress-up. One day, he found a costume in his toy b",thibrak,invented,,gradez,vangak,walmul,,
1064,brilliant,ADJ,191,Sara and Tom were having lunch with their mom. They liked to eat pasta with cheese and tomato sauce. Mom gave them each ,flob,invented,,tref,dhrezk,donez,,
1065,float,VERB,191,"Lily and Ben like to race. They race with their bikes, their feet, and their toys. One day, they find a big roll of pape",wamag,invented,,grerald,thugaz,kaman,,
1066,dive,VERB,191,"Once upon a time, there was a young fish named Fin. Fin liked to swim and play with his friends in the water. One day, F",vagram,invented,,duzguk,zatis,grongka,,
1067,log,NOUN,191,"One day, a little boy named Tim went for a walk. He saw a stream with water that was flowing. Tim liked to play near the",bekal,invented,,voronk,drorurz,kankel,,
1068,statue,NOUN,191,"Once upon a time, there was a boy named Tim. Tim loved to collect rocks. One day, he found a big rock that looked like a",zazthra,invented,,gungros,gabok,dumlaz,,
1069,popcorn,NOUN,191,"Once upon a time, there was a lovely little girl named Lily. She loved to eat popcorn and drink juice. One sunny day, Li",ubankuz,invented,,agizuz,skalizind,gambagoth,,
1070,map,NOUN,191,"One day, a little boy named Tim found a new toy. It was a small red ball. Tim was very happy. He wanted to show his new ",drokirbil,invented,,kalirbeb,gemrinkan,ganrazeb,,
1071,humble,ADJ,190,Once there was a boy who loved playing in the mine. Every day he would fill up his bucket with dirt and rocks. Then he w,bintan,invented,,bakard,arskok,nugaz,,
1072,yarn,NOUN,190,"Once upon a time, there was a bald man named Tom. Tom had a big house with a nice bathroom. He liked to play with his do",khadruk,invented,,dritak,uzurn,zatis,,
1073,picnic,NOUN,190,"Once there was a mom, a dad and a baby who wanted to go on a picnic. They got into the car and drove to the park. The ba",thrazaftul,invented,,kakinga,dalare,flutrobuz,,
1074,unlock,VERB,190,"Once upon a time, there was a little fairy. She had a key. The key could unlock a big door. The door was in a pretty gar",khazus,invented,,frungna,skrashul,wabas,,
1075,folder,NOUN,189,"Steve wanted to surprise his friend Marie, so he went out and bought her a nice folder. When he saw her, Steve happily o",derm,invented,,slent,tref,mungrin,,
1076,cheerful,ADJ,189,"Once upon a time, there was a cheerful bird named Bob. Bob loved to fly high in the sky. One sunny day, Bob saw a cord h",kaldaz,invented,,dhrukwat,drirof,wunbul,,
1077,photo,NOUN,189,Anna and Lily are sisters. They like to play with dolls and dress up. They have a big box of clothes and hats and shoes.,munta,invented,,luram,zaftu,varde,,
1078,frame,NOUN,189,Once there were two friends who were both three years old. They approached a large frame together and one of them said t,wuzkuz,invented,,thozak,skanuz,zazkel,,
1079,penny,NOUN,189,"Tom and Anna were playing in the park. They liked to slide, swing and run. They saw a shiny thing on the ground. It was ",drungroz,invented,,gorkha,kentaz,glongron,,
1080,dolphin,NOUN,189,"One day, a long dolphin lived in the sea. The dolphin had many friends. They liked to play and swim together. The dolphi",grenkiz,invented,,thrirdaz,nulmol,dhromog,,
1081,radish,NOUN,189,"Once upon a time, there was an old rabbit. This rabbit loved to eat radish. One day, he went to find a big radish in the",rezhralul,invented,,zuzukthral,matazhal,umluzhrom,,
1082,weigh,VERB,188,"Once upon a time, there was a big library. In the library, there were many interesting books. One day, a little girl nam",zurduk,invented,,dhrazdoz,tikat,ankiz,,
1083,ignorant,ADJ,188,"Once upon a time, there was a boy named Tim. Tim liked to throw a ball. One day, he went for a walk on a trail in the wo",sakata,invented,,bratibno,glakambak,grazanu,,
1084,temple,NOUN,188,Once upon a time there was a blue temple. Inside it was a special room that was full of treasure. One day a little boy n,migoz,invented,,dhrarash,khanash,tulga,,
1085,glove,NOUN,188,"Ben and Lily were playing in the snow. They made a big snowman with a hat and a scarf. They wanted to give him a nose, b",wafkhaz,invented,,gozoz,zazhaz,velal,,
1086,scatter,VERB,187,Tom and Lily were playing with their toys in the living room. They liked to build towers and bridges with their blocks a,khaldurong,invented,,worolil,wungnasa,akunron,,
1087,square,NOUN,187,"Once upon a time, there was a clumsy dog named Spot. Spot liked to play with a big, red square toy. He would run and jum",dhrulaz,invented,,kinel,grokus,roka,,
1088,leopard,NOUN,187,"Once upon a time, there was a little leopard named Leo. Leo lived in a big forest with his family. He had a lot of frien",dwurariz,invented,,doramdak,thrazarkhu,zarudoth,,
1089,bury,VERB,187,"Once upon a time, there was a colorful bird. The bird liked to fly and sing. It was a happy bird. One day, the bird foun",brunbumiz,invented,,zelthriru,kazkangok,gutrambol,,
1090,hoop,NOUN,187,"Once upon a time, there was a lonely hoop. The hoop lived in a big park. It was sad because it had no friends to play wi",kangthaz,invented,,katma,druntal,vadur,,
1091,sunglass,NOUN,187,"One day, a dog named Max found a pair of sunglasses on the ground. He thought they looked cool, so he put them on. Max w",wizbar,invented,,katiz,zaguk,grotuf,,
1092,well,NOUN,187,"Once upon a time, there was a little boy named Tim. Tim loved to play outside. One day, he saw a big well near his house",duzukik,invented,,danralkaz,munbamul,glarekur,,
1093,raven,NOUN,187,"Once upon a time, there was a raven. The raven lived in an empty tree. The raven liked to play with his friends. One day",klafru,invented,,tridan,strana,vazok,,
1094,serve,VERB,186,"Once upon a time, in a small house, there lived a poor boy named Tim. Tim was sad because he had no friends to play with",dongosok,invented,,kandangung,zirungaz,anarkhu,,
1095,rat,NOUN,186,"One day, a rat named Bob saw a big piece of cheese. He wanted to eat it, but it was far away. So, Bob started to run. He",khrorintuk,invented,,zorakak,trakaraz,drurokwut,,
1096,raft,NOUN,186,"Once upon a time, there was a big pond. In the pond, there was a huge raft. A little boy named Tim loved to swim in the ",skontangar,invented,,tuzaka,khangaril,skrarinal,,
1098,manage,VERB,185,"Steve wanted to surprise his friend Marie, so he went out and bought her a nice folder. When he saw her, Steve happily o",stokerel,invented,,bizugaz,umhogon,zurutralk,,
1099,popular,ADJ,185,"Once upon a time, there was a little beetle named Bob. Bob was very popular. All his friends liked him a lot. Bob lived ",skrazanal,invented,,atzakam,gozunaz,korengak,,
1100,pant,NOUN,185,Once upon a time there was a girl who loved to run. She loved to feel the wind in her hair and the Earth beneath her fee,wundrok,invented,,roka,skrusuz,grograz,,
1101,page,NOUN,185,"One day, a soft cat named Kitty met a big dog named Doggy. Kitty was sad because she lost her favorite book. She sighed ",dotak,invented,,slakak,valkark,throrok,,
1102,delicate,ADJ,185,"Once upon a time, there was a little girl named Lily. She was excited because her birthday was coming soon. She wanted t",nashdon,invented,,hurkus,smuntal,zazol,,
1104,almost,ADV,184,Sara was very excited. She was going outside to fly a kite. Her mom helped her prepare the kite. She had to tie string t,zolgrong,invented,,glindar,lagor,raran,,
1105,envious,ADJ,184,"Once upon a time, there was a little girl named Mia. She loved to study her big picture book. One day, while she was stu",shazuzk,invented,,humbriz,zugdhal,grakarg,,
1106,serious,ADJ,184,"One day, a little girl named Mia found a basket. It was a big basket with a lid. Mia was very curious. She wanted to ope",zendash,invented,,gidalk,berash,romang,,
1107,smell,NOUN,184,"Once upon a time, there was a cat named Tom. Tom was a successful cat. He was good at catching mice and was loved by his",grukwalol,shared,@smell/VERB,,,,,same word as smell/VERB
1108,stranger,NOUN,184,"Once upon a time, in a small house, there lived a jolly boy named Tim. Tim loved to eat toast for breakfast. Every morni",vuzagank,invented,,vaftumbu,mikankant,ulgaliz,,
1109,harsh,ADJ,184,"Once upon a time, a little girl named Lily loved to read. She read many books every day. Lily also loved cookies. She li",nanu,invented,,akim,grarlot,gangkaz,,
1110,attic,NOUN,184,"One day, a boy named Tim and his dog, Spot, went to play in the attic. The attic was a tight space with many old things.",grublum,invented,,kroras,talkuz,dezkuz,,
1111,trip,VERB,184,"Once upon a time, there was a big race. All the kids were excited and wanted to win. They were very competitive. One lit",grazitral,invented,,amazin,kebankan,babaval,,
1112,dark,NOUN,184,"Once upon a time there was a leopard who lived in a jungle. Everyday he would set out to find food. One day, he was walk",skom,shared,@dark/ADJ,,,,,same word as dark/ADJ
1113,bottom,NOUN,183,Tom and Lily were playing with their toys in the living room. They liked to build towers and bridges with their blocks a,utok,invented,,dugdhak,aror,khaba,,
1114,dry,VERB,183,"Once upon a time, there was a king. He was a big and strong king who ruled over his kingdom. One day, he wanted to take ",gudil,shared,@dry/ADJ,,,,,same word as dry/ADJ
1115,heal,VERB,183,Once upon a time there was a little girl. She lived in a pretty house by the sea. The little girl was sad. She was so sa,bilkhrokak,invented,,harkhiland,laringrang,wazangka,,
1116,trumpet,NOUN,183,"Once upon a time there was a little girl. She was 3 years old and very adventurous. One day, she found an old trumpet in",werkha,invented,,varin,dikon,anboz,,
1117,alligator,NOUN,183,"One day, a big alligator was in the water. He was very bossy. He liked to tell the other animals what to do. The other a",stel,invented,,smenk,khont,bakruk,,
1118,miserable,ADJ,182,"Once upon a time, there was a little girl called Bella. She was so excited to go to the market with her mum to buy some ",dumal,invented,,lakil,thruntul,vargol,,
1119,middle,NOUN,182,Sara was very excited. She was going outside to fly a kite. Her mom helped her prepare the kite. She had to tie string t,dogor,invented,,dwuzdan,budu,zhankil,,
1121,stage,NOUN,182,"Lila and Ben are friends. They like to play together. Today, they go to the park with their moms. They see a big stage. ",goralku,invented,,kabongdrazh,zaranel,undrero,,
1122,bloom,VERB,182,"Anna and Ben are friends. They like to play in the garden. They see many flowers. Some are red, some are yellow, some ar",skraturosh,invented,,galikul,thruzitiz,konkatin,,
1123,toast,NOUN,182,"Once upon a time, in a small house, there lived a jolly boy named Tim. Tim loved to eat toast for breakfast. Every morni",organkin,invented,,korkatrash,uroma,klokorok,,
1124,watch,NOUN,182,"Once upon a time, there was a little cat. This cat was very adorable. It had soft fur and big eyes. The cat liked to lie",kitu,invented,,khazar,zozal,grugil,,
1125,sunshine,NOUN,182,Once upon a time there was a little boy named Ben. He was three years old and very clever.  He lived with his mom in a s,kimgal,invented,,grazhak,mardril,dokzag,,
1126,impressive,ADJ,182,"Once upon a time, there was a big, impressive bridge. The bridge was over a river. Many people and animals liked to cros",slorbal,invented,,vildruz,dulil,wakiz,,
1127,soldier,NOUN,182,"Once upon a time, there was a sweet little soldier. He lived in a small house near the woods. Every day, he liked to go ",thrigroku,invented,,umbukal,kenugu,gorarok,,
1128,maze,NOUN,182,"Once upon a time, there was a little girl called Lisa. She was walking with her mom through the market, when she spotted",vulba,invented,,grarur,zardalg,grilal,,
1129,class,NOUN,182,"Once upon a time, there was a messy room. In this room, there were many toys, books, and clothes all over the floor. It ",kawar,invented,,ambok,likan,borank,,
1130,ignore,VERB,181,"Tom and Sam were playing with blocks. They made a big stack of red, blue, yellow and green blocks. They were happy and p",azkank,invented,,rumbim,rara,nuzkash,,
1131,sausage,NOUN,181,"Once upon a time, there was a compassionate dog named Spot. Spot loved to ride his red bike around the park. He was very",dwunglal,invented,,zazhu,hamiz,hutron,,
1132,museum,NOUN,180,"One day, a cheerful girl named Lily and her mom went to a big museum. They saw many things like animals, cars, and big r",shungaz,invented,,zazkat,dondruz,nuksoz,,
1133,needle,NOUN,180,Lily and Ben were playing with their dolls. They liked to dress them up and make them talk. But Lily's doll had a proble,zudshazan,invented,,ranankhruk,hanguzkan,vakroron,,
1134,costume,NOUN,180,"Once upon a time, there was a little dog named Spot. Spot was very filthy from playing in the mud all day. He loved to r",bolu,invented,,grungel,dramla,brunga,,
1135,sailor,NOUN,180,"Once upon a time, there was a jolly sailor in the navy. He had a big hat and a big smile. He liked to sing and dance on ",drengnang,invented,,grazerd,shakthruz,zazda,,
1136,spill,VERB,179,"Lily and Tom were twins who liked to decorate things. They had a big box of crayons, stickers, and glitter. One day, the",khurgak,invented,,dutaf,dengra,gokwal,,
1137,reliable,ADJ,179,"Once upon a time, there was a big bow. The bow was very strong and reliable. It was the best bow in the town. Everyone l",angla,invented,,grangung,adhral,muruk,,
1138,power,NOUN,179,"One day, a little boy named Tim went to play outside. It was a wet day, and there were many puddles on the ground. Tim l",ilgal,invented,,urat,zhukrok,rakib,,
1139,promise,NOUN,179,Once upon a time there was a little boy named Jacob. Jacob loved to dream of what he wanted in life. One day he was play,drekdhul,shared,@oath/NOUN,,,,,synonym of oath
1140,happiness,NOUN,179,"Once upon a time, there was a monkey named Momo. Momo loved to eat bananas. One day, Momo saw a big banana high up in a ",skufdhal,invented,,rakot,ongrir,danguk,,
1141,allow,VERB,179,"Jimmy was looking out the window, watching the birds fly around. His mom walked into the room and asked him what he was ",grithkhuk,invented,,raldul,moruk,slontath,,
1142,borrow,VERB,179,"Once upon a time, there were two friends, Lucy and John.  Lucy wanted to lend her prize to John. She had won it at the s",galmaz,invented,,intin,sangul,gukgruk,,
1143,check,VERB,178,Tom and Lily were playing with their toys in the living room. They liked to build towers and bridges with their blocks a,indrin,invented,,darlal,konund,strura,,
1144,attractive,ADJ,178,"Tom and Mia are friends. They like to play with toys. One day, they find a new object in the park. It is shiny and round",skrona,invented,,orkar,trakaz,dalgro,,
1145,coffee,NOUN,178,"Once upon a time, there was a cat named Tom. Tom was a successful cat. He was good at catching mice and was loved by his",razbun,invented,,mulin,almank,ozriz,,
1146,vine,NOUN,178,"Once upon a time, there was an adventurous grape named Gracie. Gracie lived on a big vine with her family. She loved to ",thandash,invented,,thrumak,glokank,buzor,,
1147,jacket,NOUN,178,"Once upon a time, there was a little girl named Lucy. Lucy loved to count. She counted everything she saw. One day, Lucy",rigdhalos,invented,,grungudzhan,hasharan,koridro,,
1148,drawer,NOUN,178,Lily and Ben were very happy. They were going to visit Grandma and Grandpa for a week. They had a big bag with clothes a,strakh,invented,,dwush,tref,nonkok,,
1149,ordinary,ADJ,177,"One ordinary day, the sun was shining brightly. Suddenly, a loud noise was heard! A little boy, Jimmy, went outside to i",traruz,invented,,kundrir,arlek,zalun,,
1150,blueberry,NOUN,177,"Once upon a time, there was a little girl named Lily. She loved to eat blueberries. One day, Lily went to the park with ",kunkorda,invented,,khazasu,guzirim,mizubu,,
1151,radio,NOUN,177,"One day, a little boy named Tim found a big box. Inside the box, he saw a radio. He was very happy. He wanted to show hi",zhugra,invented,,kabnal,khurkhaz,mathga,,
1152,filthy,ADJ,177,"Once upon a time, there was a little boy named Tim. Tim had a big, red ball. He liked to play with it every day. One day",rumidrud,invented,,rakova,zadinun,nozanon,,
1154,wealthy,ADJ,176,"Once upon a time, there was a wealthy man named Tom. He had a big house near a cliff. Tom liked to sort his many toys in",grilkhar,invented,,vikan,ronot,vundak,,
1155,attach,VERB,176,Sara was very excited. She was going outside to fly a kite. Her mom helped her prepare the kite. She had to tie string t,grontoz,invented,,girgal,thonaz,meril,,
1156,shade,NOUN,176,Once upon a time there were two mice called Sue and Nick who were very best friends. But Sue was a bit older than Nick s,agandrur,invented,,dofrahul,dwozakul,ugukal,,
1157,knight,NOUN,176,"One day, a tall boy named Tom found a big shield in his yard. He picked it up and showed it to his friend, Sam. Sam said",skrotaz,invented,,gokaf,klazro,engut,,
1158,careless,ADJ,176,Tom and Lily are friends. They like to play with toys and draw pictures. Today is Lily's birthday. Tom wants to give Lil,gurizkarz,invented,,vagdharuz,dralkhaker,kondungok,,
1159,lime,NOUN,176,"Once upon a time, there were two friends named Sally and Sandy. Sally really wanted to try a lime, so she asked Sandy to",strorar,invented,,rundram,bazim,ubun,,
1160,one,NOUN,176,"Once upon a time, there was a little girl named Sally. Sally was three years old. She loved to play with her toys and ge",thrazkam,invented,,skankot,wudre,grubal,,
1161,brick,NOUN,176,Once there was a man who wanted to build a wall. He worked hard to measure each brick and make sure it fit in the right ,gugandun,invented,,glarangrak,glangorus,hununbuz,,
1162,butter,NOUN,175,"Once upon a time, there was a little girl named Lily. Lily loved to eat bread with butter. Every day, she would ask her ",khaku,invented,,vanglul,dhrinzhu,thrizban,,
1163,shore,NOUN,175,"One day, a boy and his dad were at the beach. The boy was happy and he ran around looking for things to explore. He saw ",kurkhag,invented,,drakor,thratshag,bamam,,
1164,forward,ADV,175,"Once upon a time, there was a big yellow car. It could go forward and it could reverse. The car was very good at going f",rokon,invented,,dagung,mazarz,slelkuz,,
1165,polish,VERB,175,"Once upon a time, there was a little girl named Mia. Mia loved her garden. It had many pretty flowers and trees. She lik",wekrat,invented,,dwemaz,abnang,dulkhruk,,
1166,mill,NOUN,175,"Once upon a time, there was a loud mill. It was big and noisy. The mill would split wood all day long. The people who wo",shavarlulg,invented,,shurodrak,rurukorn,glanmara,,
1167,pin,NOUN,175,"Once upon a time, in a fair, sunny land, there lived a little cat. This cat loved to nap all day. Every day, the cat wou",barik,invented,,gregwol,marash,kranta,,
1169,camera,NOUN,175,"Once upon a time, there was a quiet little shop. In this shop, they sell many things. One day, a man came to sell a came",bazak,invented,,ongkor,natong,klokrol,,
1170,successful,ADJ,174,"One day, a cat and a dog were talking. The cat said to the dog, ""I can bow better than you!"" The dog said, ""No, you can'",threbuf,invented,,stuzkaz,dranrung,zuzun,,
1171,gorilla,NOUN,174,"Lily loved to go to the zoo with her mom and dad. She liked to see all the different animals, but her favorite was the b",zakugaz,invented,,grabrudat,bazkenin,kakabil,,
1172,police,NOUN,174,"Once upon a time, in a small town, there was a police officer named Tom. Tom was very good at his job. He made sure ever",gralonduk,invented,,zalbahan,dhramangal,grabumlath,,
1173,automobile,NOUN,173,Tom and Anna are playing in the park. They like to run and jump and slide. They see a big automobile on the road. It is ,vuldruba,invented,,urokuz,garuzak,gratashzuz,,
1174,regular,ADJ,173,Once upon a time there was a dinosaur. The dinosaur was regular and it liked to explore the world. One day it went for a,krekriz,invented,,dongot,grirlu,gradal,,
1175,melt,VERB,173,"Once upon a time, there was a clumsy snowman named Sam. Sam lived in a big, white park with lots of trees. He had a secr",vonthrung,invented,,drirend,gongram,dengrum,,
1176,cupboard,NOUN,173,"Once upon a time, there was a little girl named Amy. She lived in a small house with her mom and dad. Amy loved to hug h",trabon,invented,,grozkat,mazkon,zenkag,,
