rank,english,pos,count,example,proposed,origin,from_or_base,alt1,alt2,alt3,decision,note
35,however,ADV,938,"One sunny day, Timmy and his robot friend Tilly decided to make breakfast together. They wanted to make scrambled eggs, ",kresh,invented,,afkhrut,akarz,grarkhik,,
93,valuable,ADJ,511,"Once upon a time, three animal friends named Sammy the spider monkey, Pedro the puma, and Maria the macaw lived in the l",kvut,invented,,kendraz,hungrath,wornan,,
106,science,NOUN,458,"It was a sunny day and Billy, Madison, and Ryan were having a picnic in the park. They were eating juicy, red watermelon",khont,invented,,frohal,skrebom,rikuzk,,
110,son,NOUN,474,The text is based on translations from the Grimms’ Kinder und Hausmärchen by Edgar Taylor and Marian Edwardes. THE GOLDE,wanand,invented,,bombal,redrik,bikuk,,
115,such,ADJ,438,"Once upon a time, in a small town called Harmonyville, lived three best friends - Alex the Ant, Benny the Bee, and Cathy",klaking,invented,,harork,undrakh,datat,,
119,knowledge,NOUN,419,"One sunny day, Timmy and his robot friend Tilly decided to make breakfast together. They wanted to make scrambled eggs, ",brozh,invented,,grungeng,gamgir,zulnan,,
125,father,NOUN,422,"Time passed on again, and the youngest son too wished to set out into the wide world to seek for the golden bird; but hi",tref,invented,,drizol,larat,kuzug,,
131,well,INTJ,400,"Once upon a time, in a small town named Sunnyville, lived two best friends - Timmy the Tortoise and Benny the Bird. They",dwesh,invented,,duzug,vanord,zuldazk,,
132,nature,NOUN,396,"Once upon a time, three animal friends named Sammy the spider monkey, Pedro the puma, and Maria the macaw lived in the l",rutsmaz,invented,,elkud,rudin,relkruz,,
137,wife,NOUN,401,The text is based on translations from the Grimms’ Kinder und Hausmärchen by Edgar Taylor and Marian Edwardes. THE GOLDE,grazkud,invented,,dhrudul,kundok,gomthan,,
140,quite,ADJ,394,"So our poor wanderer went forth, and found all as the night-wind had said; and she plucked the eleventh rod, and smote t",smolk,invented,,dratonk,kogot,ragol,,
146,yet,ADV,375,"In a small village on the windswept shores of the Shetland Islands, two curious children named Erin and Liam lived. They",khrilg,invented,,grinmon,karkog,gordal,,
158,remain,VERB,360,"Once upon a time, in a land called Rogaland, there lived two best friends named Kai and Signe. They loved exploring thei",zamel,invented,,zarlun,zaldret,grarnar,,
163,challenge,NOUN,342,"Once upon a time, three animal friends named Sammy the spider monkey, Pedro the puma, and Maria the macaw lived in the l",drundoz,invented,,khragar,tankom,skurat,,
164,god,NOUN,358,"“Everything!” said the shadow. “For I saw everything, and I know everything!” “How did it look in the furthest saloon?” ",drufda,invented,,rakthrar,angrag,vutulg,,
171,cause,VERB,334,"One sunny day, Timmy and his robot friend Tilly decided to make breakfast together. They wanted to make scrambled eggs, ",engrozk,invented,,ongthra,agthin,kvekut,,
180,creature,NOUN,322,"Once upon a time, three animal friends named Sammy the spider monkey, Pedro the puma, and Maria the macaw lived in the l",lild,invented,,zunrin,anrarm,drakwul,,
215,far,ADV,281,"Once upon a time, three animal friends named Sammy the spider monkey, Pedro the puma, and Maria the macaw lived in the l",khralk,shared,@far/ADJ,,,,,same word as far/ADJ
220,scientific,ADJ,278,"Once upon a time, in a faraway land called Hollywood, there was a group of very smart people called filmmakers. They lov",thrordos,invented,,nekik,thregung,skungal,,
222,dear,ADJ,283,"She mumbled something to herself, seized the nightingale, and went away with it in her hand. Poor Jorindel saw the night",dhrozk,invented,,thrabik,zandreth,drorga,,
233,city,NOUN,268,"In a bustling city full of towering buildings and bright lights lived two best friends, Timmy the Tester and Sally the S",tazun,invented,,kulkhreg,banin,nardo,,
236,change,NOUN,265,"Long, long ago in a bustling town named Alpha, there was a famous English school known for its excellent teaching method",kandrak,shared,@change/VERB,,,,,same word as change/VERB
241,various,ADJ,260,"Once upon a time, in a small town named Harmonyville, lived Grandma Appleberry and her little grandson, Timmy. They both",bakhrak,invented,,gozor,smamdan,atrath,,
244,golden,ADJ,268,The text is based on translations from the Grimms’ Kinder und Hausmärchen by Edgar Taylor and Marian Edwardes. THE GOLDE,kvurl,invented,,kanon,grarbazh,droriz,,
246,palace,NOUN,268,"Just as eleven of them had done blessing her, a great noise was heard in the courtyard, and word was brought that the th",slas,invented,,kharund,ongthran,grokiz,,
248,curiosity,NOUN,253,"One sunny day, Timmy and his robot friend Tilly decided to make breakfast together. They wanted to make scrambled eggs, ",venul,invented,,relink,dorord,zondra,,
249,certain,ADJ,258,The text is based on translations from the Grimms’ Kinder und Hausmärchen by Edgar Taylor and Marian Edwardes. THE GOLDE,banguf,invented,,drobru,zakrim,flaku,,
251,earth,NOUN,262,"The bear and the wolf grew uneasy, and turned back and went into their holes. The young willow-wrens, however, continued",flulk,invented,,vizhar,dhazbet,rizaz,,
253,bustle,VERB,249,"Once upon a time, in a town near NASA, lived two best friends named Timmy and Suzy. They loved all things related to spa",lorg,invented,,milkhro,vazhsmaz,grutot,,
257,effort,NOUN,245,"Once upon a time, in a small town named Harmonyville, lived Grandma Appleberry and her little grandson, Timmy. They both",zaluz,invented,,gringrez,grezhul,rezrik,,
260,importance,NOUN,239,"Once upon a time, three animal friends named Sammy the spider monkey, Pedro the puma, and Maria the macaw lived in the l",threrd,invented,,drizaz,domdam,kongrol,,
262,fascinate,VERB,237,"Once upon a time, in a small town called New Meliora, lived two best friends, Max and Lily. They were fascinated by stor",ungbruk,invented,,drozkat,brobak,galdwol,,
265,exact,ADJ,238,"Once upon a time, in the bustling halls of Beaumont High School, there was a talented basketball team known as the Wildc",vokid,invented,,grezdiz,dratrag,rikthrish,,
267,experience,NOUN,234,"Once upon a time, three animal friends named Sammy the spider monkey, Pedro the puma, and Maria the macaw lived in the l",slud,invented,,bagur,gobarz,bangkun,,
270,hour,NOUN,235,"In a bustling city full of towering buildings and bright lights lived two best friends, Timmy the Tester and Sally the S",slosh,invented,,kvorazk,branik,dhratak,,
272,country,NOUN,234,Then the gardener's eldest son set out and thought to find the golden bird very easily; and when he had gone but a littl,ezorn,invented,,onglul,tinga,zazunt,,
273,face,VERB,228,"In a bustling city full of towering buildings and bright lights lived two best friends, Timmy the Tester and Sally the S",flork,shared,@face/NOUN,,,,,same word as face/NOUN
277,discovery,NOUN,225,"In a small village on the windswept shores of the Shetland Islands, two curious children named Erin and Liam lived. They",glazil,invented,,kuking,lankol,skromab,,
287,energy,NOUN,217,"Once upon a time, in a small town called New Meliora, lived two best friends, Max and Lily. They were fascinated by stor",unros,invented,,denthraf,nangroz,arluk,,
291,often,ADV,221,"Little Timmy loved learning about science and history, so every day after school, he would visit his wise friend Mr. Map",skezk,invented,,dangnank,ikthral,lintu,,
294,community,NOUN,213,"Once upon a time, in a small town called Harmonyville, lived three best friends - Alex the Ant, Benny the Bee, and Cathy",khreld,invented,,drogrur,vikfraz,droral,,
297,twist,NOUN,211,"Once upon a time, three animal friends named Sammy the spider monkey, Pedro the puma, and Maria the macaw lived in the l",glatak,invented,,gintul,gorat,dwaldaz,,
299,indeed,ADV,211,"So on he jogged, and all seemed now to go right with him: he had met with some misfortunes, to be sure; but he was now w",gluzkal,invented,,fluzon,gigrag,klazurd,,
300,bear,VERB,214,The text is based on translations from the Grimms’ Kinder und Hausmärchen by Edgar Taylor and Marian Edwardes. THE GOLDE,gradiz,invented,,bundib,zumin,flalant,,
301,lay,VERB,213,The text is based on translations from the Grimms’ Kinder und Hausmärchen by Edgar Taylor and Marian Edwardes. THE GOLDE,klurant,invented,,kazez,drezel,degram,,
303,evening,NOUN,211,Then the gardener's eldest son set out and thought to find the golden bird very easily; and when he had gone but a littl,kungrinkez,invented,,laruzun,krarduhal,skakonuk,,
304,death,NOUN,212,"The youngest son fell to the bottom of the river's bed: luckily it was nearly dry, but his bones were almost broken, and",dazozaz,invented,,skizutreng,dunbine,trandazo,,
305,disappoint,VERB,202,"Once upon a time, three animal friends named Sammy the spider monkey, Pedro the puma, and Maria the macaw lived in the l",dhazh,invented,,grirez,thrarkhang,renguk,,
314,exclaim,VERB,197,"Once upon a time, in a small town called Harmonyville, lived three best friends - Alex the Ant, Benny the Bee, and Cathy",amgan,invented,,skintuk,hundak,vurkun,,
318,suggest,VERB,195,"Once upon a time, three animal friends named Sammy the spider monkey, Pedro the puma, and Maria the macaw lived in the l",granbon,invented,,hikank,thigral,bungald,,
320,receive,VERB,199,"Then she gave him a cloak, and said, ‘As soon as you put that on you will become invisible, and you will then be able to",lamthiz,invented,,lakul,ruzol,zuhonk,,
322,prepare,VERB,195,"Once upon a time, three animal friends named Sammy the spider monkey, Pedro the puma, and Maria the macaw lived in the l",kuzirkhuk,invented,,iranrog,lerondrok,huzhuzhfruz,,
327,scientist,NOUN,188,"In a bustling city full of towering buildings and bright lights lived two best friends, Timmy the Tester and Sally the S",mavan,invented,,zharurd,vagrarz,minuk,,
338,short,ADJ,189,"Then the man went shivering with fear; and as he was going down to the shore a dreadful storm arose, so that the trees a",zarbok,invented,,skago,antarg,frotal,,
340,die,VERB,191,Before the castle gate all was as the fox had said: so the son went in and found the chamber where the golden bird hung ,bune,invented,,drarith,larbel,hazeng,,
343,plan,VERB,182,"Once upon a time, in a small town named Sunnyville, lived two best friends - Timmy the Tortoise and Benny the Bird. They",guzhrazk,shared,@plan/NOUN,,,,,same word as plan/NOUN
345,understanding,NOUN,181,"Once upon a time, three animal friends named Sammy the spider monkey, Pedro the puma, and Maria the macaw lived in the l",skimbal,invented,,dwarkhu,irog,brirgang,,
349,immediate,ADJ,186,"Meantime the gods had assembled on the ramparts of the heavenly city, and they were watching for the return of Loki with",druftam,invented,,milol,krokwa,orkok,,
352,offer,VERB,182,"Once upon a time, three animal friends named Sammy the spider monkey, Pedro the puma, and Maria the macaw lived in the l",indangang,invented,,dagarank,grulizot,uralbang,,
353,consider,VERB,183,"So he was led out to the sea, and a gold ring was thrown into it, before his eyes; then the king ordered him to fetch th",zitand,invented,,garub,mildrir,drengror,,
358,determine,VERB,178,"Once upon a time in Techville, there was a brilliant team of engineers called ""Best Brains"" working at the esteemed orga",graskot,invented,,engruf,frabung,kazgarn,,
368,remind,VERB,172,"Once upon a time, three animal friends named Sammy the spider monkey, Pedro the puma, and Maria the macaw lived in the l",kanstal,invented,,skofda,watork,dongron,,
369,thought,NOUN,174,"Once upon a time, in a small town called Harmonyville, there lived two best friends named Sam and Alex. They were both c",reld,invented,,zoma,urbil,dwakral,,
371,afternoon,NOUN,169,"Once upon a time, in a small town named Sunnyville, lived two best friends - Timmy the Tortoise and Benny the Bird. They",slarg,invented,,ewal,throruz,thikak,,
372,beauty,NOUN,171,"Once upon a time, in a small town called New Meliora, lived two best friends, Max and Lily. They were fascinated by stor",antund,invented,,grirunk,bundurk,kafdrar,,
374,approach,VERB,168,"Once upon a time, three animal friends named Sammy the spider monkey, Pedro the puma, and Maria the macaw lived in the l",nazkar,invented,,guzbok,thinrar,krashand,,
375,require,VERB,167,"Once upon a time, in a small town named Harmonyville, lived Grandma Appleberry and her little grandson, Timmy. They both",zhurm,invented,,bugrog,gozuz,rograk,,
376,essential,ADJ,166,"Once upon a time, three animal friends named Sammy the spider monkey, Pedro the puma, and Maria the macaw lived in the l",drinrog,invented,,grakwuk,dizhrun,glalkhul,,
380,mind,NOUN,168,"Once upon a time, in a small town named Happyville, lived three best friends - Timmy the Turtle, Sally the Squirrel, and",zotzak,shared,@mind/VERB,,,,,same word as mind/VERB
385,strike,VERB,169,The text is based on translations from the Grimms’ Kinder und Hausmärchen by Edgar Taylor and Marian Edwardes. THE GOLDE,thingunk,invented,,unrorn,zogdhalk,zodrus,,
386,answer,NOUN,166,"In a small town named Curiosityville lived two best friends, Timmy the Tortoise and Kara the Kitten. They loved explorin",atakba,shared,@answer/VERB,,,,,same word as answer/VERB
388,sunlight,NOUN,163,"Once upon a time, three animal friends named Sammy the spider monkey, Pedro the puma, and Maria the macaw lived in the l",khelgarm,invented,,lezul,murdur,rashdhal,,
390,excitement,NOUN,161,"Once upon a time, in a small town called Harmonyville, lived three best friends - Alex the Ant, Benny the Bee, and Cathy",khanind,invented,,lalgul,flankat,droshu,,
391,natural,ADJ,162,"Once upon a time, three animal friends named Sammy the spider monkey, Pedro the puma, and Maria the macaw lived in the l",donrez,invented,,wagof,dhramol,yaruz,,
396,ah,INTJ,164,"Then he was brought before the king, and the king said, ‘You shall never have my daughter unless in eight days you dig a",zekrur,invented,,thrazond,gringorn,amgruk,,
398,wonder,NOUN,160,"Once upon a time, in a small town called New Meliora, lived two best friends, Max and Lily. They were fascinated by stor",dirkhan,shared,@wonder/VERB,,,,,same word as wonder/VERB
399,technology,NOUN,158,"Once upon a time, in a small town called New Meliora, lived two best friends, Max and Lily. They were fascinated by stor",kulsku,invented,,huner,gundrin,staba,,
400,skill,NOUN,158,"Once upon a time, three animal friends named Sammy the spider monkey, Pedro the puma, and Maria the macaw lived in the l",bozhral,invented,,drugard,grungrog,khulgu,,
402,early,ADJ,160,"In a small village on the windswept shores of the Shetland Islands, two curious children named Erin and Liam lived. They",sizal,invented,,zutran,kakhdruk,dhrangrimo,,
404,maiden,NOUN,164,"Hans took the stone, and went his way with a light heart: his eyes sparkled for joy, and he said to himself, ‘Surely I m",throngag,invented,,dwandat,arbuz,zazhdhraz,,
409,already,ADV,158,Now there was once a maiden whose name was Jorinda. She was prettier than all the pretty girls that ever were seen befor,stold,invented,,grirdan,brongralik,tardareg,,
410,precious,ADJ,156,"Once upon a time, in the land of Athletica, lived three best friends - Speedy Sammy, Jumpy Jack, and Strong Sally. They ",thrirlan,invented,,gruruld,abald,numbam,,
411,aloud,ADJ,154,"One sunny day, Timmy and his robot friend Tilly decided to make breakfast together. They wanted to make scrambled eggs, ",thrarenk,invented,,hanguz,stunrik,skranguz,,
414,master,NOUN,158,"This, too, happened as the fox said; they carried off the bird, the princess mounted again, and they rode on to a great ",urkhuntang,invented,,azkatru,anozek,ongadas,,
416,language,NOUN,151,"Long, long ago in a bustling town named Alpha, there was a famous English school known for its excellent teaching method",nintum,invented,,khindral,frezank,rukkhrak,,
420,embrace,VERB,150,"Once upon a time, in a small town called New Meliora, lived two best friends, Max and Lily. They were fascinated by stor",thrurbush,invented,,zizgan,endrang,grerduk,,
423,stumble,VERB,148,"Once upon a time, in a small town called New Meliora, lived two best friends, Max and Lily. They were fascinated by stor",gronez,invented,,kraborn,thavul,drangod,,
425,enter,VERB,152,"On the same day that she cast out Rapunzel, however, the enchantress fastened the braids of hair, which she had cut off,",ubash,invented,,zandwin,nalard,grinrud,,
428,force,NOUN,147,"Once upon a time, three animal friends named Sammy the spider monkey, Pedro the puma, and Maria the macaw lived in the l",angarkha,invented,,mangamang,thatarud,klirala,,
431,observe,VERB,147,"Once upon a time, in a bustling city called Manhattan, there lived a curious little mouse named Max. Max wanted to buy h",kuzgar,invented,,kakord,drudoran,grisoru,,
432,northern,ADJ,152,He had hardly uttered these hasty words when the skirts and sleeves of his coat folded themselves together into wings; t,kangrun,invented,,rezhdhrar,yaskaf,smosund,,
434,belove,VERB,147,"In a town called Video Game Ville, three friends - Nina the Nintendo lover, Max the Microsoft master, and Penny the Play",dorbere,invented,,kabkarak,dirbadraz,dabnarord,,
438,kill,VERB,151,"This, too, happened as the fox said; they carried off the bird, the princess mounted again, and they rode on to a great ",khurk,shared,@slay/VERB,,,,,synonym of slay
439,event,NOUN,144,"Once upon a time, in a bustling city called Manhattan, there lived a curious little mouse named Max. Max wanted to buy h",bashag,invented,,khankun,klafdak,zumlok,,
440,growth,NOUN,144,"Long, long ago in a bustling town named Alpha, there was a famous English school known for its excellent teaching method",drulir,invented,,zigrel,grerlol,khardon,,
441,accord,VERB,147,"They could not, however, reach the great city the first day; so when night came on, they went into a wood to sleep. The ",gunezil,invented,,vankenuf,aralkhak,dhrumanoz,,
444,base,VERB,143,"It was a sunny day and Billy, Madison, and Ryan were having a picnic in the park. They were eating juicy, red watermelon",oruzk,invented,,dhrekan,khalgik,frungra,,
446,kingdom,NOUN,149,The text is based on translations from the Grimms’ Kinder und Hausmärchen by Edgar Taylor and Marian Edwardes. THE GOLDE,nalman,invented,,khalkhru,kabrod,khanmirk,,
448,please,VERB,149,"Hans brushed his coat, wiped his face and hands, rested a while, and then drove off his cow quietly, and thought his bar",glaraz,shared,@please/INTJ,,,,,same word as please/INTJ
450,information,NOUN,142,"Once upon a time, in a small town called Harmonyville, lived three best friends - Alex the Ant, Benny the Bee, and Cathy",indrez,invented,,dungrig,grokivul,azatol,,
451,blood,NOUN,147,"There was once a fisherman who lived with his wife in a pigsty, close by the seaside. The fisherman used to go out all d",enunt,invented,,mazom,garash,drezkik,,
452,matter,NOUN,146,Then the gardener's eldest son set out and thought to find the golden bird very easily; and when he had gone but a littl,wobal,shared,@matter/ADV,,,,,same word as matter/ADV
453,appreciate,VERB,141,"In a bustling city full of towering buildings and bright lights lived two best friends, Timmy the Tester and Sally the S",duzhabu,invented,,zazkalkhar,abazku,asaban,,
454,order,NOUN,146,"The coast once clear, our travellers soon sat down and dispatched what the robbers had left, with as much eagerness as i",stith,invented,,smild,thradral,gangranug,,
455,form,VERB,142,"Once upon a time, in a small town named Harmonyville, lived Grandma Appleberry and her little grandson, Timmy. They both",khuzaz,invented,,solmal,rezand,thrirdal,,
457,point,NOUN,141,"One sunny day, Timmy and his robot friend Tilly decided to make breakfast together. They wanted to make scrambled eggs, ",glundam,shared,@point/VERB,,,,,same word as point/VERB
459,provide,VERB,141,"In a cozy classroom filled with curious little creatures called Fuzzles, their teacher, Ms. Sparkle, presented them with",raro,invented,,drugund,mashaz,uzkarg,,
461,include,VERB,139,"One sunny day, Little Timmy decided to watch a new movie he had been excited about. As the credits rolled, his face fell",izbaza,invented,,wagranun,karkholuz,iramdant,,
462,combine,VERB,139,"Once upon a time, in the bustling halls of Beaumont High School, there was a talented basketball team known as the Wildc",endhral,invented,,aldhral,sokrura,skarduzha,,
464,student,NOUN,139,"It was a sunny day and Billy, Madison, and Ryan were having a picnic in the park. They were eating juicy, red watermelon",grirar,invented,,dilus,wongriz,zowan,,
468,discuss,VERB,138,"Once upon a time, in a small town named Sunnyville, lived two best friends - Timmy the Tortoise and Benny the Bird. They",gunreg,invented,,gobkul,thanal,mungkuk,,
470,end,VERB,140,"Once upon a time, in the beautiful city of Cagliari, Italy, there lived four friends named Marco, Sofia, Luca, and Giada",vith,shared,@end/NOUN,,,,,same word as end/NOUN
471,represent,VERB,140,"Long, long ago in a bustling town named Alpha, there was a famous English school known for its excellent teaching method",varan,invented,,sangdrar,glangak,skikark,,
473,material,NOUN,138,"One sunny day, Timmy and his robot friend Tilly decided to make breakfast together. They wanted to make scrambled eggs, ",sarut,invented,,kanvak,mondrum,khrodrangut,,
474,art,NOUN,139,"Once upon a time, in the bustling city of Bollywood, lived a famous actor named Nasser. He was known for his incredible ",struzh,invented,,strakeg,narush,mazuz,,
476,tale,NOUN,140,"Once upon a time, in a small town named Harmonyville, lived Grandma Appleberry and her little grandson, Timmy. They both",omarud,invented,,zazazos,dalaraz,dhrazhushal,,
478,difference,NOUN,137,"It was a sunny day and Billy, Madison, and Ryan were having a picnic in the park. They were eating juicy, red watermelon",druzgim,invented,,gingil,drangung,raskek,,
479,husband,NOUN,143,"And then the prince and Briar Rose were married, and the wedding feast was given; and they lived happily together all th",kluld,invented,,runggruz,zunkam,grokrol,,
480,opportunity,NOUN,137,"Long, long ago in a bustling town named Alpha, there was a famous English school known for its excellent teaching method",dangkon,invented,,zongon,kvarbat,walar,,
481,inspire,VERB,136,"Once upon a time, three animal friends named Sammy the spider monkey, Pedro the puma, and Maria the macaw lived in the l",thrimun,invented,,draruzk,zonrond,klabund,,
483,interest,VERB,136,"In a bustling town full of curious creatures called the Curlites, everyone was always eager to learn new things. One day",zukwag,invented,,vewan,brunul,zenko,,
484,weather,NOUN,136,"Once upon a time, in a small town named Sunnyville, lived two best friends - Timmy the Tortoise and Benny the Bird. They",gukthru,invented,,kluguz,drudhan,skorul,,
488,bid,VERB,139,Before the castle gate all was as the fox had said: so the son went in and found the chamber where the golden bird hung ,dangthru,invented,,dardrin,hunbim,zamho,,
489,alas,INTJ,136,"Hans brushed his coat, wiped his face and hands, rested a while, and then drove off his cow quietly, and thought his bar",enram,invented,,krigdha,zaker,wuzkvak,,
490,fact,NOUN,133,"Once upon a time, in a small town named Harmonyville, lived Grandma Appleberry and her little grandson, Timmy. They both",wordon,invented,,sakwiz,wanenk,rindaz,,
492,ensure,VERB,131,"One sunny day, Timmy and his robot friend Tilly decided to make breakfast together. They wanted to make scrambled eggs, ",dongra,invented,,kamthaz,nazking,ronketh,,
493,similar,ADJ,132,"In a small town named Curiosityville lived two best friends, Timmy the Tortoise and Kara the Kitten. They loved explorin",andrun,invented,,flebal,kakdum,ligraz,,
495,none,NOUN,135,"However, she was not dead, but had only fallen into a deep sleep; and the king and the queen, who had just come home, an",valhat,invented,,dralag,lashdramar,dhahikul,,
496,type,NOUN,131,"Once upon a time, in a small town called Harmonyville, lived three best friends - Alex the Ant, Benny the Bee, and Cathy",kongong,invented,,drarik,gozot,drezek,,
503,entire,ADJ,132,"Once upon a time, in a small town called Harmonyville, lived three best friends - Alex the Ant, Benny the Bee, and Cathy",drarank,invented,,luldral,vengret,vizalg,,
505,actual,ADJ,130,"Once upon a time, in a small town named Artville, there was a wonderful museum called ""Marvelous Museum."" It had many ex",kangaroz,invented,,ezkara,kazrahank,ungarot,,
506,local,ADJ,129,"Once upon a time, three animal friends named Sammy the spider monkey, Pedro the puma, and Maria the macaw lived in the l",nukthrek,invented,,botul,grunol,grinund,,
507,human,ADJ,131,"Once upon a time, three animal friends named Sammy the spider monkey, Pedro the puma, and Maria the macaw lived in the l",umgi,shared,@human/NOUN,,,,,same word as human/NOUN
509,action,NOUN,129,"In a bustling city full of towering buildings and bright lights lived two best friends, Timmy the Tester and Sally the S",zomthol,invented,,mandruk,riwarg,krefrak,,
511,sight,NOUN,133,"One of these lucky beings was neighbour Hans. Seven long years he had worked hard for his master. At last he said, ‘Mast",thrakhruz,invented,,sakwam,elol,daftarg,,
513,expect,VERB,129,"Long, long ago in a bustling town named Alpha, there was a famous English school known for its excellent teaching method",gitaz,invented,,krirkhum,kakeruz,vatarok,,
516,tailor,NOUN,133,"In a village dwelt a poor old woman, who had gathered together a dish of beans and wanted to cook them. So she made a fi",mabkal,invented,,hazsta,zhunka,khagral,,
517,wisdom,NOUN,128,"Once upon a time, in a small town called Harmonyville, lived three best friends - Alex the Ant, Benny the Bee, and Cathy",notraz,invented,,waldam,daldrig,gagang,,
518,especially,ADV,127,"Once upon a time, in a small town named Sunnyville, lived two best friends - Timmy the Tortoise and Benny the Bird. They",dazhard,invented,,bakflang,narkhar,grelfut,,
521,affect,VERB,126,"It was a sunny day and Billy, Madison, and Ryan were having a picnic in the park. They were eating juicy, red watermelon",nolmok,invented,,montok,halil,vuzeg,,
525,beg,VERB,131,"All went right, and the groom lay snoring with his hand upon the golden saddle. But when the son looked at the horse, he",dhratraz,invented,,grurluth,khrungal,grangnin,,
526,pattern,NOUN,125,"In a bustling city full of towering buildings and bright lights lived two best friends, Timmy the Tester and Sally the S",wanrorn,invented,,konard,buzeb,dundok,,
529,value,NOUN,125,"Once upon a time, in a small town named Harmonyville, lived Grandma Appleberry and her little grandson, Timmy. They both",graguz,invented,,dakthret,wibkal,skrazan,,
531,object,NOUN,125,"It was a bright, sunny day and Tommy Turtle was out exploring the meadow. He came across a big pile of rocks that he had",dramu,invented,,bolsol,sazez,lenol,,
532,solution,NOUN,124,"In a bustling city full of towering buildings and bright lights lived two best friends, Timmy the Tester and Sally the S",rukink,invented,,granink,grozul,lazaz,,
536,simple,ADJ,124,"Once upon a time, in a faraway land called Hollywood, there was a group of very smart people called filmmakers. They lov",dangil,invented,,rabril,bugfruk,naftan,,
538,rather,ADV,126,It was a grand day at the palace! All the debutantes were getting ready for their big entrance into society. Do you know,dwozh,invented,,grathkhar,dungank,khrorba,,
539,several,ADJ,126,"However, she was not dead, but had only fallen into a deep sleep; and the king and the queen, who had just come home, an",gugan,invented,,dhrunde,thraftu,thondra,,
546,exploration,NOUN,121,"Once upon a time, three animal friends named Sammy the spider monkey, Pedro the puma, and Maria the macaw lived in the l",yargrat,invented,,dunol,ungkam,degal,,
548,resilience,NOUN,121,"Once upon a time, three animal friends named Sammy the spider monkey, Pedro the puma, and Maria the macaw lived in the l",kabkhriz,invented,,nekfla,nandran,kaslang,,
551,reveal,VERB,121,"Once upon a time, in a small town named Happyville, lived three best friends - Timmy the Turtle, Sally the Squirrel, and",yarlink,invented,,kafdan,gelgroz,grazok,,
554,intrigue,VERB,119,"One sunny day, Little Timmy decided to watch a new movie he had been excited about. As the credits rolled, his face fell",kakrard,invented,,grakalg,dozkas,dhralang,,
555,court,NOUN,124,Before the castle gate all was as the fox had said: so the son went in and found the chamber where the golden bird hung ,vofraz,invented,,thrakwu,zubtrag,ronmil,,
557,form,NOUN,122,"Hans took the stone, and went his way with a light heart: his eyes sparkled for joy, and he said to himself, ‘Surely I m",khuzaz,shared,@form/VERB,,,,,same word as form/VERB
558,place,VERB,122,"They could not, however, reach the great city the first day; so when night came on, they went into a wood to sleep. The ",dugin,shared,@place/NOUN,,,,,same word as place/NOUN
559,initial,ADJ,117,"Once upon a time, in a small town called Harmonyville, lived three best friends - Alex the Ant, Benny the Bee, and Cathy",kagdhat,invented,,brurkhuk,wukwam,kulgran,,
560,resource,NOUN,117,"Once upon a time, in a small town named Harmonyville, lived Grandma Appleberry and her little grandson, Timmy. They both",dadthran,invented,,dhrazhra,kabalg,ozkunk,,
562,possible,ADJ,120,"After they had travelled along a little way, they met a needle and a pin walking together along the road: and the needle",stenk,invented,,thromdan,vutorn,drinshal,,
563,situation,NOUN,117,"In a bustling town filled with vibrant colors and exciting events, lived two best friends named Alex and Taylor. They we",gungoz,invented,,guroth,gratzat,gurbaz,,
566,equal,ADJ,118,"In a bustling playground, lived two best friends - Benny the butterfly and Sammy the sparrow. They spent their days expl",khargan,invented,,goskon,skinra,thrudo,,
568,success,NOUN,117,"Once upon a time, in a small town named Explorville, lived two best friends - Benny the Beaver and Sammy the Squirrel. T",brangarg,invented,,togwald,thringna,makug,,
569,age,NOUN,119,"Presently the king's daughter herself came down into the garden, and was amazed to see that the young man had done the t",flongrath,invented,,vordard,shamuz,anthro,,
573,present,ADJ,120,"The shepherd did as she bade him, and next morning just as day dawned, he saw the chest open, and the flower come out. S",bundan,shared,@present/NOUN,,,,,same word as present/NOUN
574,fear,NOUN,119,The text is based on translations from the Grimms’ Kinder und Hausmärchen by Edgar Taylor and Marian Edwardes. THE GOLDE,gezarez,invented,,grirangkon,ushgrunol,smongkalur,,
576,youth,NOUN,120,"He rode on, and after a while it seemed to him that he heard a voice in the sand at his feet. He listened, and heard an ",wangrirm,invented,,ralmok,dargrez,ezingan,,
577,concept,NOUN,114,"Long, long ago in a bustling town named Alpha, there was a famous English school known for its excellent teaching method",tharash,invented,,hobka,thrazak,drolkaz,,
578,winter,NOUN,118,"A certain cat had made the acquaintance of a mouse, and had said so much to her about the great love and friendship she ",wungkazh,invented,,washgrak,ongun,vugand,,
579,bride,NOUN,119,"From this time forth no one invited the cat to be godmother, but when the winter had come and there was no longer anythi",dengink,invented,,skukrong,khutund,hufrul,,
580,news,NOUN,114,"Once upon a time, in a small town called Harmonyville, lived three best friends - Alex the Ant, Benny the Bee, and Cathy",klabur,invented,,dondro,azaruz,tumbekik,,
581,month,NOUN,115,"Once upon a time, in a small town named Sunnyville, lived two best friends - Timmy the Tortoise and Benny the Bird. They",gazdaz,invented,,dulgak,kranmu,dradrat,,
582,culture,NOUN,112,"In a small village on the windswept shores of the Shetland Islands, two curious children named Erin and Liam lived. They",mardik,invented,,risal,kvulkhul,tikak,,
584,company,NOUN,114,"Once upon a time, three animal friends named Sammy the spider monkey, Pedro the puma, and Maria the macaw lived in the l",kadulk,invented,,haful,brazarg,gurbakar,,
585,declare,VERB,117,"When they came to the stairs, the soldier ran on before the princesses, and laid himself down; and as the twelve sisters",sorof,invented,,vazug,gridraz,kakrod,,
586,sort,NOUN,115,"So on he jogged, and all seemed now to go right with him: he had met with some misfortunes, to be sure; but he was now w",kazkuzk,shared,@sort/VERB,,,,,same word as sort/VERB
587,improve,VERB,112,"Once upon a time, in a small town named Happyville, lived three best friends - Timmy the Turtle, Sally the Squirrel, and",grondag,invented,,khakthror,tuliz,solark,,
591,force,VERB,115,"He walked nearer than a hundred paces to it, and yet he did not become fixed as before, but found that he could go quite",angarkha,shared,@force/NOUN,,,,,same word as force/NOUN
595,patience,NOUN,110,"Once upon a time, in a small town named Harmonyville, lived Grandma Appleberry and her little grandson, Timmy. They both",khubul,invented,,dragrer,dutzu,griske,,
596,proper,ADJ,111,"Once upon a time, in a bustling city called Manhattan, there lived a curious little mouse named Max. Max wanted to buy h",beton,invented,,tendran,smugrud,zazag,,
599,environment,NOUN,109,"Once upon a time, three animal friends named Sammy the spider monkey, Pedro the puma, and Maria the macaw lived in the l",threrong,invented,,uruz,badank,dondrun,,
600,usual,ADJ,111,"Once upon a time, in a small town named Happyville, lived three best friends - Timmy the Turtle, Sally the Squirrel, and",lagragron,invented,,vagazu,zazumdhraz,thringrebuz,,
602,system,NOUN,109,"Once upon a time, in a small town named Harmonyville, lived Grandma Appleberry and her little grandson, Timmy. They both",khrungkak,invented,,olgong,dilam,gringus,,
606,servant,NOUN,114,"One of these lucky beings was neighbour Hans. Seven long years he had worked hard for his master. At last he said, ‘Mast",nanog,invented,,kazuz,dulas,khunggruk,,
610,relate,VERB,111,"Thereupon she led the girl by the hand up to a broad gateway. The gate was opened, and as the girl passed through, a sho",windon,invented,,rangrod,guntak,skukruf,,
612,truly,ADV,108,"Once upon a time, in a small town named Harmonyville, lived Grandma Appleberry and her little grandson, Timmy. They both",werum,invented,,zhazaz,grimin,bozdhron,,
619,hope,NOUN,108,"Once upon a time, in a faraway land called Jerusalem, lived a kind and wise man named Ezra. Ezra loved learning about th",dikvul,shared,@hope/VERB,,,,,same word as hope/VERB
622,rose,NOUN,110,"The two children therefore got up, dressed themselves quickly, and went away. When the water in the kettle was boiling, ",golkhra,invented,,bingonk,zekab,gungral,,
623,condition,NOUN,107,"Once upon a time, in a small village named Greensville, lived two best friends - Sammy the farmer and Benny the biologis",serunt,invented,,legand,grogulk,horgran,,
626,task,NOUN,106,"Once upon a time, in a small town named Harmonyville, lived three best friends - Timmy the Tortoise, Sally the Squirrel,",batzan,invented,,grenduz,azbang,kenkun,,
627,week,NOUN,106,"Once upon a time, in a small town named Harmonyville, lived three best friends - Timmy the Tortoise, Sally the Squirrel,",dibuk,invented,,delthror,togruz,wagik,,
628,fresh,ADJ,107,"Once upon a time in Cyberville, there was a smart little robot named Byte. Byte loved learning about all things technolo",grondin,invented,,kvirgaz,grirbang,grazkel,,
632,message,NOUN,104,"Once upon a time, in a small town called Harmonyville, lived three best friends - Alex the Ant, Benny the Bee, and Cathy",khaming,invented,,grintub,nuzhret,flardak,,
637,perhaps,ADV,105,"Then the fish came swimming to him, and said, ‘Well, what is her will? What does your wife want?’ ‘Ah!’ said the fisherm",gadrirab,invented,,ebobak,dararuz,wurongong,,
638,unfortunate,ADJ,103,"Once upon a time, in a small town called Harmonyville, lived three best friends - Alex the Ant, Benny the Bee, and Cathy",noribka,invented,,ongruned,draramgek,uvon,,
640,single,ADJ,103,"In a bustling city full of towering buildings and bright lights lived two best friends, Timmy the Tester and Sally the S",muduk,invented,,gofduk,grordiz,khadra,,
641,spring,VERB,106,"Hans took the stone, and went his way with a light heart: his eyes sparkled for joy, and he said to himself, ‘Surely I m",drekorin,invented,,rizagar,ezandong,dugumaz,,
643,connect,VERB,101,It was a grand day at the palace! All the debutantes were getting ready for their big entrance into society. Do you know,broluk,invented,,kigdha,denol,thrurdok,,
644,contain,VERB,102,"In a bustling town filled with curious kids, lived two bright young scientists named Jamie and Danny. They both loved ex",ukalul,invented,,waksanu,grakashu,dubfugrin,,
648,focus,VERB,100,"Once upon a time, in a small town named Happyville, lived three best friends - Timmy the Turtle, Sally the Squirrel, and",zotzeg,invented,,azkhrag,tanahang,vigralak,,
649,suppose,VERB,104,"After he had travelled a little way, he spied a dog lying by the roadside and panting as if he were tired. ‘What makes y",throlar,invented,,hankas,khukthrak,vangbak,,
651,fetch,VERB,104,"When the time came for them to set out, the fairy went into her bed-chamber, and took a little knife, and cut off a lock",ralgrol,invented,,hambath,graftun,khaset,,
652,datum,NOUN,99,In a land of data lived tiny creatures called Bytes. They had special powers to store and process information in their h,zarkul,invented,,daktror,labot,bikthru,,
654,issue,NOUN,99,"In a bustling city full of towering buildings and bright lights lived two best friends, Timmy the Tester and Sally the S",thazagrog,invented,,grunukam,domduskiz,dokangram,,
655,balance,NOUN,99,It was a grand day at the palace! All the debutantes were getting ready for their big entrance into society. Do you know,bagrak,shared,@balance/VERB,,,,,same word as balance/VERB
658,safety,NOUN,99,"In a small town in Texas lived a funny yet peculiar man named Jack Griffith, also known as Papa to his two daughters, Au",katiz,invented,,grabel,skokod,flazga,,
659,size,NOUN,100,"One sunny day, Timmy and his robot friend Tilly decided to make breakfast together. They wanted to make scrambled eggs, ",guldra,invented,,dinkal,gantol,ragund,,
660,present,VERB,101,"The student listened to all this and wondered much; at last he said, ‘Blessed be the day and hour when I found you; cann",bundan,shared,@present/NOUN,,,,,same word as present/NOUN
663,connection,NOUN,98,"Once upon a time, in a small town named Harmonyville, lived Grandma Appleberry and her little grandson, Timmy. They both",hazafdaz,invented,,brokobin,rashakthron,grelgukal,,
665,magnificent,ADJ,100,"Rapunzel grew into the most beautiful child under the sun. When she was twelve years old, the enchantress shut her into ",thakaz,invented,,kibald,skragel,fuvaz,,
666,future,ADJ,98,"Once upon a time, in a small town named Explorville, lived two best friends - Benny the Beaver and Sammy the Squirrel. T",vutruk,invented,,drazhrok,dagrez,zaruzuk,,
667,spirit,NOUN,100,"After he had travelled a little way, he spied a dog lying by the roadside and panting as if he were tired. ‘What makes y",haritrarm,invented,,gadanra,dazaneng,gokengdrul,,
668,extraordinary,ADJ,98,"In a bustling town, there were three soccer clubs: Wrexham, Tranmere Rovers, and Northwich Victoria. Every child in the ",rukakuk,invented,,azandraz,zalanrak,brunazbu,,
671,embark,VERB,97,"Once upon a time, in a small town named Sunnyville, lived two best friends - Timmy the Tortoise and Benny the Bird. They",grashrok,invented,,zothgal,grirum,restrun,,
672,distance,NOUN,98,"It was a sunny day and Billy, Madison, and Ryan were having a picnic in the park. They were eating juicy, red watermelon",rengar,invented,,lorbezk,lomek,balmo,,
676,puzzle,VERB,96,"Once upon a time, in the bustling halls of Beaumont High School, there was a talented basketball team known as the Wildc",andud,shared,@puzzle/NOUN,,,,,same word as puzzle/NOUN
678,project,NOUN,96,"Once upon a time, in a small town named Harmonyville, lived Grandma Appleberry and her little grandson, Timmy. They both",grangror,invented,,veril,wuzduk,ruwul,,
682,crucial,ADJ,95,"Once upon a time, three animal friends named Sammy the spider monkey, Pedro the puma, and Maria the macaw lived in the l",elrak,invented,,dringuz,drikrez,druzis,,
683,online,ADJ,95,"Once upon a time, in a small town named Explorville, lived two best friends - Benny the Beaver and Sammy the Squirrel. T",grahund,invented,,vakfle,kunbirok,dazkarez,,
684,planet,NOUN,95,"Once upon a time, in a faraway land called Hollywood, there was a group of very smart people called filmmakers. They lov",kuzam,invented,,drutru,ditut,dumiz,,
685,vow,VERB,96,"Once upon a time, in a small town named Happyville, lived three best friends - Timmy the Turtle, Sally the Squirrel, and",aldrek,invented,,varbu,stanguk,derduz,,
686,peace,NOUN,98,"Before long the cat was seized by another fit of yearning. She said to the mouse: ‘You must do me a favour, and once mor",droron,invented,,zolgroz,dalesh,venguk,,
688,compare,VERB,95,"It was a sunny day and Billy, Madison, and Ryan were having a picnic in the park. They were eating juicy, red watermelon",grozazk,invented,,azduk,zegraz,gritek,,
690,low,ADJ,95,"One sunny day, Timmy and his robot friend Tilly decided to make breakfast together. They wanted to make scrambled eggs, ",thruntal,invented,,okduz,khakdhral,zhagol,,
693,involve,VERB,93,"Once upon a time, in the bustling halls of Beaumont High School, there was a talented basketball team known as the Wildc",duldril,invented,,urkok,dhrorord,vinin,,
694,marvel,VERB,93,"Once upon a time, three animal friends named Sammy the spider monkey, Pedro the puma, and Maria the macaw lived in the l",thrinkaz,invented,,zakhdhral,ungthrun,golondat,,
697,very,ADJ,96,"They could not, however, reach the great city the first day; so when night came on, they went into a wood to sleep. The ",mangru,invented,,thangruth,gruvuk,krumor,,
698,learning,NOUN,92,"One sunny day, Little Timmy decided to watch a new movie he had been excited about. As the credits rolled, his face fell",grababal,invented,,dalgohuk,althrazhar,dwazkaban,,
700,dress,VERB,96,"The youngest son fell to the bottom of the river's bed: luckily it was nearly dry, but his bones were almost broken, and",gotrar,shared,@dress/NOUN,,,,,same word as dress/NOUN
702,meal,NOUN,93,"One sunny day, Timmy and his robot friend Tilly decided to make breakfast together. They wanted to make scrambled eggs, ",skrikodu,invented,,nokonguz,galinrand,karozgud,,
703,produce,VERB,93,"Once upon a time, in a small town called Harmonyville, lived three best friends - Alex the Ant, Benny the Bee, and Cathy",smern,invented,,khazhok,dhrumril,kharkha,,
710,newfound,ADJ,90,"Once upon a time, three animal friends named Sammy the spider monkey, Pedro the puma, and Maria the macaw lived in the l",rirdrik,invented,,tharnak,zabrut,frazez,,
714,challenge,VERB,90,"It was a sunny day and Billy, Madison, and Ryan were having a picnic in the park. They were eating juicy, red watermelon",drundoz,shared,@challenge/NOUN,,,,,same word as challenge/NOUN
716,being,NOUN,91,"Once upon a time, in a small town called New Meliora, lived two best friends, Max and Lily. They were fascinated by stor",khendrag,invented,,dumgel,skagorm,grizoz,,
717,use,NOUN,93,The text is based on translations from the Grimms’ Kinder und Hausmärchen by Edgar Taylor and Marian Edwardes. THE GOLDE,dwald,shared,@use/VERB,,,,,same word as use/VERB
719,area,NOUN,89,"Little James loved building things. One day, he was given the task to build a new parking lot for the town fair! The lot",mamandwul,invented,,danandrar,angnorash,edruna,,
720,vast,ADJ,90,"Once upon a time, in a bustling city called Manhattan, there lived a curious little mouse named Max. Max wanted to buy h",uzut,invented,,andon,grimek,skrengas,,
723,business,NOUN,90,"Once upon a time in a small town called Eco-ville, lived two best friends named Bella and Finn. They both loved explorin",bakuz,invented,,gakish,zuntam,zutugrend,,
725,conversation,NOUN,89,"One sunny day, Little Timmy decided to watch a new movie he had been excited about. As the credits rolled, his face fell",mokrarn,invented,,ardath,grilath,vareng,,
726,activity,NOUN,88,"Once upon a time, in a small town named Sunnyville, lived two best friends - Timmy the Tortoise and Benny the Bird. They",drozet,invented,,danar,bengra,tamak,,
728,goddess,NOUN,92,"""Hrim-faxi is the sable steed, From the east who brings the night, Fraught with the showering joys of love: As he champs",azkok,invented,,vandram,gorif,udim,,
729,seize,VERB,92,"The youngest son fell to the bottom of the river's bed: luckily it was nearly dry, but his bones were almost broken, and",onrakdu,invented,,singaran,kazashgruk,morulkhruz,,
730,oil,NOUN,89,"Once upon a time in a small town called Eco-ville, lived two best friends named Bella and Finn. They both loved explorin",adkhaz,invented,,thrankak,akkhang,skohan,,
731,decision,NOUN,88,"In a bustling town filled with vibrant colors and exciting events, lived two best friends named Alex and Taylor. They we",ragalfut,invented,,veroril,angendaz,gogongrul,,
733,result,NOUN,88,"It was a sunny day and Billy, Madison, and Ryan were having a picnic in the park. They were eating juicy, red watermelon",dhrezdok,invented,,gazund,grungez,gakelg,,
734,computer,NOUN,87,"In a bustling city full of towering buildings and bright lights lived two best friends, Timmy the Tester and Sally the S",ramthal,invented,,kribna,ufruz,tulgraz,,
736,length,NOUN,90,"A certain cat had made the acquaintance of a mouse, and had said so much to her about the great love and friendship she ",kharabal,invented,,smantuzur,korasa,droduduz,,
737,forth,ADJ,91,The text is based on translations from the Grimms’ Kinder und Hausmärchen by Edgar Taylor and Marian Edwardes. THE GOLDE,azgar,invented,,vazka,kvangrat,khrukathshuz,,
738,peasant,NOUN,91,The text is based on translations from the Grimms’ Kinder und Hausmärchen by Edgar Taylor and Marian Edwardes. THE GOLDE,hural,invented,,skerbak,zirung,bunkhak,,
739,weep,VERB,91,"All went right, and the groom lay snoring with his hand upon the golden saddle. But when the son looked at the horse, he",kagrok,invented,,zomik,kizbul,ragrarn,,
742,advice,NOUN,88,"Once upon a time, in a small town named Sunnyville, lived two best friends - Timmy the Tortoise and Benny the Bird. They",fint,invented,,murbal,zorthrun,trerkhun,,
743,spark,VERB,86,"Once upon a time, in a small town named Explorville, lived two best friends - Benny the Beaver and Sammy the Squirrel. T",druzizam,invented,,ikaka,gragarozk,zuzangnarg,,
746,dare,VERB,89,"She mumbled something to herself, seized the nightingale, and went away with it in her hand. Poor Jorindel saw the night",yab,invented,,burdrol,nolink,grulin,,
747,skin,NOUN,88,"In a village dwelt a poor old woman, who had gathered together a dish of beans and wanted to cook them. So she made a fi",gagak,invented,,drolgik,kobink,rungand,,
749,matter,VERB,85,"It was a sunny day and Billy, Madison, and Ryan were having a picnic in the park. They were eating juicy, red watermelon",wobal,shared,@matter/ADV,,,,,same word as matter/ADV
753,stream,NOUN,88,"Hans took the stone, and went his way with a light heart: his eyes sparkled for joy, and he said to himself, ‘Surely I m",thrakraz,invented,,kulgarm,roguf,skrusha,,
755,bind,VERB,88,"She mumbled something to herself, seized the nightingale, and went away with it in her hand. Poor Jorindel saw the night",borirn,invented,,grugdham,lagdhra,undrig,,
757,figure,VERB,84,"Once upon a time, in a faraway land called Hollywood, there was a group of very smart people called filmmakers. They lov",undresh,invented,,rikwak,bukrim,nangkand,,
758,gain,VERB,85,"Once upon a time, in a small town called New Meliora, lived two best friends, Max and Lily. They were fascinated by stor",vakez,invented,,kanus,azdrash,daluk,,
760,rule,NOUN,84,"Once upon a time, in a small town called Harmonyville, there lived two best friends named Sam and Alex. They were both c",rukan,invented,,mandul,fletek,kazenk,,
761,occur,VERB,84,"In a bustling city full of towering buildings and bright lights lived two best friends, Timmy the Tester and Sally the S",anungdraz,invented,,thurakun,zutizka,kazkirur,,
764,principle,NOUN,83,"Once upon a time, in a small town called Harmonyville, lived three best friends - Alex the Ant, Benny the Bee, and Cathy",warer,invented,,dukath,kurgrag,holkhal,,
765,refuse,VERB,87,"All went right, and the groom lay snoring with his hand upon the golden saddle. But when the son looked at the horse, he",zarandakh,invented,,grasashun,rundrango,dulekul,,
766,eld,ADJ,87,The text is based on translations from the Grimms’ Kinder und Hausmärchen by Edgar Taylor and Marian Edwardes. THE GOLDE,gongnomduz,invented,,kakaze,throngruzu,ushanran,,
767,raise,VERB,85,"‘Oh, indeed?’ answered the little tailor, and unbuttoned his coat, and showed the giant the girdle, ‘there may you read ",kringlul,invented,,thralarz,zorark,zukthroz,,
768,summer,NOUN,86,"Then the man went shivering with fear; and as he was going down to the shore a dreadful storm arose, so that the trees a",dizuzk,invented,,ninin,thrumol,zinshaz,,
769,calculate,VERB,83,"Long, long ago in a bustling town named Alpha, there was a famous English school known for its excellent teaching method",slizk,invented,,grobka,rombal,grashash,,
771,heat,NOUN,84,"One sunny day, Timmy and his robot friend Tilly decided to make breakfast together. They wanted to make scrambled eggs, ",smurl,invented,,threkrun,dorat,mukwak,,
774,surface,NOUN,83,"One sunny day, two groups of animal friends decided to go on a camping trip in the woods. Group P consisted of porcupine",engkut,invented,,digrul,slarom,debun,,
776,complete,ADJ,83,"In a bustling town filled with curious kids, lived two bright young scientists named Jamie and Danny. They both loved ex",tragrala,invented,,danglunga,darogrol,kvizaro,,
778,specific,ADJ,82,"In a bustling city full of towering buildings and bright lights lived two best friends, Timmy the Tester and Sally the S",skawaz,invented,,dhralut,dwotrod,detur,,
782,creation,NOUN,82,"Once upon a time, in a small town called Veggiville, lived four friends named Zoey Zucchini, Sammy Spinach, Benny Beet, ",dhrankun,invented,,dhrabdan,rimlin,obkaf,,
783,question,VERB,82,"Once upon a time, in a small town named Happyville, lived three best friends - Timmy the Turtle, Sally the Squirrel, and",khrerk,shared,@question/NOUN,,,,,same word as question/NOUN
784,sentence,NOUN,82,"In a cozy classroom filled with curious little creatures called Fuzzles, their teacher, Ms. Sparkle, presented them with",gindran,invented,,kazbol,zankurk,daluk,,
785,prove,VERB,83,"Once upon a time, in a small town named Harmonyville, lived Grandma Appleberry and her little grandson, Timmy. They both",bikarl,invented,,kagun,hambak,mubard,,
788,history,NOUN,82,"Once upon a time, in a small town called Harmonyville, there lived two best friends named Sam and Alex. They were both c",dozal,invented,,kharfra,azkat,bundron,,
789,introduce,VERB,81,"Once upon a time, in a small town named Harmonyville, lived Grandma Appleberry and her little grandson, Timmy. They both",anam,invented,,balgiz,throging,wezak,,
791,obstacle,NOUN,81,"Long, long ago in a bustling town named Alpha, there was a famous English school known for its excellent teaching method",grozhron,invented,,kvirof,wewal,zorbon,,
794,complex,ADJ,80,"In a small village on the windswept shores of the Shetland Islands, two curious children named Erin and Liam lived. They",rarnand,invented,,dundrazh,zuzor,kriwek,,
795,positive,ADJ,80,"Once upon a time, in a small town named Harmonyville, lived three best friends - Timmy the Tortoise, Sally the Squirrel,",kugat,invented,,shangthreng,dingal,dhrulgak,,
796,goal,NOUN,80,"Once upon a time, in a small town named Explorville, lived two best friends - Benny the Beaver and Sammy the Squirrel. T",grolur,invented,,kushal,rogun,khukdum,,
797,rush,VERB,82,"In a village dwelt a poor old woman, who had gathered together a dish of beans and wanted to cook them. So she made a fi",glangruzan,invented,,angukenk,dalgrurak,shakazuk,,
798,apply,VERB,80,"One sunny day, Timmy and his robot friend Tilly decided to make breakfast together. They wanted to make scrambled eggs, ",grarod,invented,,vuzang,kengraz,numaz,,
799,truth,NOUN,81,"In a bustling town, there were three soccer clubs: Wrexham, Tranmere Rovers, and Northwich Victoria. Every child in the ",glurkharin,invented,,uzhuzok,dirogna,gluzakar,,
801,reduce,VERB,80,"Once upon a time, in a small town named Harmonyville, lived three best friends - Timmy the Tortoise, Sally the Squirrel,",drakar,invented,,karkhind,dhanuk,glokrol,,
803,flow,VERB,81,"It was a bright and sunny day, and Lily wanted to make something beautiful. She gathered her craft supplies and began wo",galoz,invented,,kvudraf,vardrur,mizbom,,
805,good,NOUN,82,"Hans was delighted as he sat on the horse, drew himself up, squared his elbows, turned out his toes, cracked his whip, a",kleg,shared,@good/ADJ,,,,,same word as good/ADJ
806,sleep,NOUN,82,"Then he was brought before the king, and the king said, ‘You shall never have my daughter unless in eight days you dig a",khrush,shared,@sleep/VERB,,,,,same word as sleep/VERB
807,due,ADJ,80,"Once upon a time, in a small town called Harmonyville, lived three best friends - Alex the Ant, Benny the Bee, and Cathy",rarabozk,invented,,shubara,dokomid,kakrozu,,
808,beast,NOUN,83,Then the gardener's eldest son set out and thought to find the golden bird very easily; and when he had gone but a littl,borotrok,invented,,duntuban,nurulez,noletil,,
811,communication,NOUN,79,"Once upon a time, in a small town called Harmonyville, lived three best friends - Alex the Ant, Benny the Bee, and Cathy",dwalkar,invented,,drabim,virgrek,dumyan,,
812,mystery,NOUN,79,"Little Coder was working hard on their latest project - they were trying to calculate something called the ""bivariate Po",grodrir,invented,,dublan,thregonk,hashkhuz,,
813,progress,NOUN,79,"Once upon a time, in a small town named Explorville, lived two best friends - Benny the Beaver and Sammy the Squirrel. T",klakdang,invented,,gishthrak,nezand,ufkhral,,
814,prevent,VERB,80,"Long, long ago in a bustling town named Alpha, there was a famous English school known for its excellent teaching method",grazhdhag,invented,,grungrok,grotrul,dwubu,,
815,encourage,VERB,79,"Once upon a time, in a small town named Harmonyville, lived Grandma Appleberry and her little grandson, Timmy. They both",bazoga,invented,,nomgingind,daladol,rograsul,,
818,splendid,ADJ,82,"Thus Chanticleer was left alone with his dead Partlet; and having dug a grave for her, he laid her in it, and made a lit",krukant,invented,,zakub,grozagron,bunkonglu,,
819,divide,VERB,79,"Long, long ago in a bustling town named Alpha, there was a famous English school known for its excellent teaching method",gorerz,invented,,skinal,vanthrun,skathguk,,
820,guest,NOUN,81,"After he had travelled a little way, he spied a dog lying by the roadside and panting as if he were tired. ‘What makes y",dethgana,invented,,rargonga,undruka,kanminku,,
821,discussion,NOUN,78,"Once upon a time, in a small town named Harmonyville, lived three best friends - Timmy the Tortoise, Sally the Squirrel,",dokaz,invented,,zidorn,skingag,grigul,,
823,neighbor,NOUN,79,"One sunny day, Timmy and his robot friend Tilly decided to make breakfast together. They wanted to make scrambled eggs, ",vinurl,invented,,drashdul,dhrungangink,dandobu,,
824,order,VERB,81,The text is based on translations from the Grimms’ Kinder und Hausmärchen by Edgar Taylor and Marian Edwardes. THE GOLDE,stith,shared,@order/NOUN,,,,,same word as order/NOUN
826,harmony,NOUN,77,"Once upon a time, in a faraway land called Jerusalem, lived a kind and wise man named Ezra. Ezra loved learning about th",krubum,invented,,rintund,wabat,nituz,,
828,ill,ADJ,80,"Time passed on again, and the youngest son too wished to set out into the wide world to seek for the golden bird; but hi",kufruk,invented,,thrambok,dhrazir,angraf,,
829,preserve,VERB,77,"Once upon a time, in a small town called New Meliora, lived two best friends, Max and Lily. They were fascinated by stor",durbek,invented,,dramshu,hangu,valuk,,
833,vibrant,ADJ,76,"One sunny day, Little Timmy decided to watch a new movie he had been excited about. As the credits rolled, his face fell",gromel,invented,,rugru,grozkal,zonglun,,
834,sparkle,VERB,77,"In the heart of the sparkling blue ocean, there was a magnificent cruise ship called ""Explorer's Paradise."" This floatin",droshukalg,invented,,rukangda,gazubthrot,thanguk,,
835,wine,NOUN,79,"And then the prince and Briar Rose were married, and the wedding feast was given; and they lived happily together all th",shukak,invented,,bakarg,thrururd,galbon,,
836,service,NOUN,78,"The little tailor went onwards, always following his own pointed nose. After he had walked for a long time, he came to t",ilarul,invented,,undramaz,dinkikak,zebaftal,,
837,cherish,VERB,76,"In a small town named Curiosityville lived two best friends, Timmy the Tortoise and Kara the Kitten. They loved explorin",kungifuk,invented,,zabanka,nuzhrurbo,driblarak,,
839,respect,VERB,76,"Once upon a time, three animal friends named Sammy the spider monkey, Pedro the puma, and Maria the macaw lived in the l",bazgun,invented,,arkhazk,nukgraz,sokthran,,
840,reflect,VERB,76,"Once upon a time, in the beautiful city of Cagliari, Italy, there lived four friends named Marco, Sofia, Luca, and Giada",zamar,invented,,grongkil,gendard,nashthrung,,
842,harm,NOUN,77,"Once upon a time, in a faraway land called Jerusalem, lived a kind and wise man named Ezra. Ezra loved learning about th",thrathgaz,invented,,grendun,brogrik,thruzna,,
843,companion,NOUN,78,"So on he jogged, and all seemed now to go right with him: he had met with some misfortunes, to be sure; but he was now w",kokrar,invented,,thruda,gungna,kukflal,,
845,folk,NOUN,77,"Once upon a time, in the town of LOLville, lived two best friends named Chuckle and Guffaw. They were both famous comedi",rawat,invented,,goshkrik,gutdhrok,kibas,,
846,desire,VERB,78,"One summer's morning a little tailor was sitting on his table by the window; he was in good spirits, and sewed with all ",thangro,invented,,dramal,algro,thatal,,
848,ago,ADJ,75,"In a quiet beach town lived a man named Travis. He was a salvage consultant, which meant he helped people get their lost",ekthrun,invented,,ganmath,vingnak,kvanral,,
849,outcome,NOUN,75,"Long, long ago in a bustling town named Alpha, there was a famous English school known for its excellent teaching method",nulinuz,invented,,grulukik,ulantuf,arkhanku,,
850,respond,VERB,75,"Long, long ago in a bustling town named Alpha, there was a famous English school known for its excellent teaching method",azgot,invented,,frikar,sobronk,gongkurd,,
851,trio,NOUN,75,"Once upon a time, three animal friends named Sammy the spider monkey, Pedro the puma, and Maria the macaw lived in the l",lokra,invented,,guzolg,sokdur,drimbiz,,
852,practice,NOUN,75,"Once upon a time, in a small town named Harmonyville, lived three best friends - Timmy the Tortoise, Sally the Squirrel,",gleb,shared,@practice/VERB,,,,,same word as practice/VERB
854,brain,NOUN,75,"Once upon a time, in a small town named Happyville, lived three best friends - Timmy the Turtle, Sally the Squirrel, and",gorku,invented,,brornel,grigdhin,kvongrug,,
855,flame,NOUN,78,"When they had reached the middle of the forest, the father said: ‘Now, children, pile up some wood, and I will light a f",karkhuz,invented,,klungrol,zumbol,thabrark,,
857,surround,VERB,76,"Once upon a time, three animal friends named Sammy the spider monkey, Pedro the puma, and Maria the macaw lived in the l",gruzhrush,invented,,thandril,grikard,dralgil,,
859,attention,NOUN,75,"One sunny day, Timmy and his robot friend Tilly decided to make breakfast together. They wanted to make scrambled eggs, ",doftanguz,invented,,danakun,khumanon,ebarg,,
862,near,ADJ,77,"The little tailor demanded of the king the promised reward; he, however, repented of his promise, and again bethought hi",thromuzink,invented,,wurakond,unraru,dungmaz,,
864,rid,VERB,77,"When the time came for them to set out, the fairy went into her bed-chamber, and took a little knife, and cut off a lock",kazhtratag,invented,,enmugril,vegandar,zinrongun,,
865,daily,ADJ,75,"Once upon a time, three animal friends named Sammy the spider monkey, Pedro the puma, and Maria the macaw lived in the l",zilhak,invented,,trukwak,karkhil,zufriz,,
867,tradition,NOUN,74,It was a grand day at the palace! All the debutantes were getting ready for their big entrance into society. Do you know,morol,invented,,vabung,drizkok,elboz,,
870,straight,ADJ,76,"Then the gold was brought up and the wedding celebrated; but howsoever much the young king loved his wife, and however h",guronk,invented,,nakflek,lalel,takiz,,
871,wedding,NOUN,77,The text is based on translations from the Grimms’ Kinder und Hausmärchen by Edgar Taylor and Marian Edwardes. THE GOLDE,brongrona,invented,,gazkilgang,dolgotrung,harago,,
872,cell,NOUN,73,"Once upon a time, in the bustling halls of Beaumont High School, there was a talented basketball team known as the Wildc",gruzshang,invented,,urlugalk,dazanban,kinthrerag,,
873,aspect,NOUN,73,"Once upon a time, in a small town named Sunnyville, lived two best friends - Timmy the Tortoise and Benny the Bird. They",dworik,invented,,drorlat,dramib,wunokon,,
880,fantastic,ADJ,72,"Once upon a time, in a small town called Harmonyville, lived three best friends - Alex the Ant, Benny the Bee, and Cathy",grerarg,invented,,krungir,lezorl,valtrot,,
881,course,NOUN,74,"Catherine did as he told her, and thought to herself by the way, ‘Frederick wants something to eat; but I don't think he",tuld,shared,@course/ADV,,,,,same word as course/ADV
884,common,ADJ,73,"Once upon a time in the bustling city of Dundee, there were eight friends named Westport, Flame Tree, Papa John, Subway,",anshut,invented,,grukith,rordre,kalas,,
885,encounter,VERB,72,"Once upon a time, in a small town called Harmonyville, there lived two best friends named Sam and Alex. They were both c",undraz,invented,,grulgo,zazro,zarubkan,,
887,physical,ADJ,72,"It was a sunny day and Billy, Madison, and Ryan were having a picnic in the park. They were eating juicy, red watermelon",zulbu,invented,,gakkhrun,thundu,bantul,,
888,shudder,VERB,75,"Thereupon the old woman led her behind a large cask, which quite hid her from view. ‘Keep as still as a mouse,’ she said",dungro,invented,,khanfruk,bazkul,umgazh,,
896,least,ADJ,74,"So on he jogged, and all seemed now to go right with him: he had met with some misfortunes, to be sure; but he was now w",dhruva,invented,,dhrazhuz,mazek,uthag,,
899,mount,VERB,74,"Then he was brought before the king, and the king said, ‘You shall never have my daughter unless in eight days you dig a",sambazk,invented,,flizek,kharbark,hungreg,,
900,blow,NOUN,74,"And then the prince and Briar Rose were married, and the wedding feast was given; and they lived happily together all th",thrizk,shared,@blow/VERB,,,,,same word as blow/VERB
901,shoulder,NOUN,73,"One of these lucky beings was neighbour Hans. Seven long years he had worked hard for his master. At last he said, ‘Mast",batorkaz,invented,,lorazhand,kolangra,delkhrune,,
902,oblige,VERB,74,"Then he was brought before the king, and the king said, ‘You shall never have my daughter unless in eight days you dig a",draskuth,invented,,razral,khengrond,kazgush,,
905,increase,VERB,71,"Long, long ago in a bustling town named Alpha, there was a famous English school known for its excellent teaching method",gudon,invented,,gazor,gagro,sogin,,
906,health,NOUN,71,"Once upon a time, in a small town named Slumberville, lived two best friends - Timmy Tuckered and Sara Snuggled. They we",zukkhreg,invented,,skingrak,kamthakaz,skreradhat,,
907,math,NOUN,70,"Once upon a time, in the bustling halls of Beaumont High School, there was a talented basketball team known as the Wildc",khranatut,invented,,skatazank,olmanrak,wamlunkak,,
908,process,NOUN,70,"It was a sunny day and Billy, Madison, and Ryan were having a picnic in the park. They were eating juicy, red watermelon",thrudif,invented,,thazel,ukfler,buruzk,,
909,role,NOUN,70,"Once upon a time, in a small town named Harmonyville, lived Grandma Appleberry and her little grandson, Timmy. They both",glurak,invented,,tririk,drarbul,thrangur,,
910,announce,VERB,71,"It was a sunny day and Billy, Madison, and Ryan were having a picnic in the park. They were eating juicy, red watermelon",unkang,invented,,nokthrun,kungum,struriz,,
911,investigate,VERB,70,"Once upon a time, in a small town called Harmonyville, lived three best friends - Alex the Ant, Benny the Bee, and Cathy",krazkik,invented,,drardon,ranglang,butindu,,
912,method,NOUN,70,"Long, long ago in a bustling town named Alpha, there was a famous English school known for its excellent teaching method",wungnaga,invented,,zabuzhuz,thrubruku,anguno,,
913,responsible,ADJ,70,"Once upon a time, in a small town named Happyville, lived three best friends - Timmy the Turtle, Sally the Squirrel, and",arontu,invented,,ezaza,khukara,zamrakaz,,
914,chamber,NOUN,73,Before the castle gate all was as the fox had said: so the son went in and found the chamber where the golden bird hung ,gelgil,invented,,dingal,warald,bakwul,,
916,struggle,VERB,70,"In a bustling town called Dataville, lived two best friends, Sammy the Software Engineer and Alex the Application Develo",hutaz,invented,,gakbink,skrorung,khakfla,,
918,quality,NOUN,70,"Once upon a time, in a small town called Harmonyville, lived three best friends - Alex the Ant, Benny the Bee, and Cathy",kubu,invented,,grathik,languz,kibint,,
920,perceive,VERB,72,"The little tailor went forth, and the hundred horsemen followed him. When he came to the outskirts of the forest, he sai",abuk,invented,,dogdhaz,grobord,ulthrung,,
921,fear,VERB,72,"The little tailor demanded of the king the promised reward; he, however, repented of his promise, and again bethought hi",gezarez,shared,@fear/NOUN,,,,,same word as fear/NOUN
922,vessel,NOUN,72,"And little Tukey lay in his bed: it seemed to him as if he dreamed, and yet as if he were not dreaming; however, somebod",imal,invented,,gribram,zunrozk,vokflok,,
923,unity,NOUN,69,"In a town called Mystic Falls, where magical creatures roam, lived three brave kids named Timmy, Sarah, and Johnny. They",grokzhaz,invented,,klenunk,bandril,rikul,,
924,advance,VERB,70,"Once upon a time, in a galaxy not so far away, there was a brilliant scientist named Dr. Asimov. She lived on a beautifu",zonta,invented,,dudkhaz,bramik,hukin,,
925,maintain,VERB,69,"Once upon a time, in a small town named Happyville, lived three best friends - Timmy the Turtle, Sally the Squirrel, and",zahat,invented,,krabuf,zumrag,hardas,,
926,merchant,NOUN,72,"And now the two sat down to the table together, but the miller's wife was frightened to death, and went to bed and took ",gatom,invented,,hazhur,ezuz,bebok,,
927,ponder,VERB,69,"In a small town named Curiosityville lived two best friends, Timmy the Tortoise and Kara the Kitten. They loved explorin",nubok,invented,,gramgul,wazez,kabdhrak,,
928,handsome,ADJ,72,"Time passed on again, and the youngest son too wished to set out into the wide world to seek for the golden bird; but hi",rarkhu,invented,,kokok,uzkum,lingron,,
929,manner,NOUN,72,Then the gardener's eldest son set out and thought to find the golden bird very easily; and when he had gone but a littl,vangka,invented,,gronkot,zagunguz,grikabung,,
931,eventual,ADJ,69,"Once upon a time, in the quiet town of Sci-Fi Falls, lived two best friends named Max and Alexa. They loved going to see",kabkhrur,invented,,drizonk,engdriz,thradrug,,
933,future,NOUN,69,"Every morning, Sam and his robot brother, Bolt, raced against time to reach school. They had exactly 30 minutes to get t",vutruk,shared,@future/ADJ,,,,,same word as future/ADJ
934,price,NOUN,69,Little baker Andy loved making and selling delicious birthday cakes! He would buy all sorts of sweet ingredients like fl,tindra,invented,,dhrozurn,labaf,gurgrez,,
935,respect,NOUN,69,"Once upon a time, in a small town called Harmonyville, lived two best friends - Benny the Beaver and Sally Sunshine, a c",bazgun,shared,@respect/VERB,,,,,same word as respect/VERB
936,finding,NOUN,68,"In a bustling city full of towering buildings and bright lights lived two best friends, Timmy the Tester and Sally the S",ganarun,invented,,strigurel,erkhranu,arare,,
937,overcome,VERB,69,"Once upon a time, in a small town named Harmonyville, lived three best friends - Timmy the Tortoise, Sally the Squirrel,",santum,invented,,kvokul,dwudang,dangobak,,
938,atmosphere,NOUN,68,"Once upon a time, in a small town named Harmonyville, lived Grandma Appleberry and her little grandson, Timmy. They both",skudrurin,invented,,gotdwangak,arbagra,nanglakor,,
939,design,VERB,68,"It was a sunny day and Timmy was walking to his old school with his friend, Lucy. They were both excited because they ha",udaz,invented,,krerkha,tinid,atrunt,,
940,grand,ADJ,69,It was a grand day at the palace! All the debutantes were getting ready for their big entrance into society. Do you know,thrirkham,invented,,khubra,zonglel,nandek,,
943,need,NOUN,68,"Once upon a time, in a land called Rogaland, there lived two best friends named Kai and Signe. They loved exploring thei",vald,shared,@need/VERB,,,,,same word as need/VERB
944,adapt,VERB,67,"Once upon a time, three animal friends named Sammy the spider monkey, Pedro the puma, and Maria the macaw lived in the l",murama,invented,,brorinez,gizgibin,kanozand,,
945,social,ADJ,67,"Once upon a time, in a small town called Harmonyville, lived three best friends - Alex the Ant, Benny the Bee, and Cathy",trelk,invented,,gangdraf,dakis,grengrol,,
946,fail,VERB,69,"There was once a queen who had a little daughter, still too young to run alone. One day the child was very troublesome, ",klalago,invented,,drelombu,dazuzkorn,darebung,,
947,responsibility,NOUN,67,"Once upon a time, in the land of Athletica, lived three best friends - Speedy Sammy, Jumpy Jack, and Strong Sally. They ",adag,invented,,zagrum,dhrerkal,grolkar,,
948,ability,NOUN,67,"It was a sunny day and Billy, Madison, and Ryan were having a picnic in the park. They were eating juicy, red watermelon",grekerbog,invented,,walamga,kanglarer,zagdhabin,,
949,experiment,NOUN,67,"One sunny day, Timmy and his robot friend Tilly decided to make breakfast together. They wanted to make scrambled eggs, ",dremutin,invented,,grorninga,rageku,gukural,,
950,experience,VERB,67,"Once upon a time, in a small town named Sunnyville, lived two best friends - Timmy the Tortoise and Benny the Bird. They",slud,shared,@experience/NOUN,,,,,same word as experience/NOUN
952,sweep,VERB,68,"In a bustling playground, lived two best friends - Benny the butterfly and Sammy the sparrow. They spent their days expl",sarongo,invented,,grarothat,bungrengin,dilgazron,,
953,transform,VERB,67,"Once upon a time, in the land of Athletica, lived three best friends - Speedy Sammy, Jumpy Jack, and Strong Sally. They ",unbun,invented,,throrank,randil,vegru,,
954,choice,NOUN,67,"Once upon a time, in a bustling city called Manhattan, there lived a curious little mouse named Max. Max wanted to buy h",khangab,invented,,bukin,balkhrag,vahawaz,,
955,leader,NOUN,67,"Once upon a time, three animal friends named Sammy the spider monkey, Pedro the puma, and Maria the macaw lived in the l",bathdhras,invented,,grukwol,makord,kirgara,,
958,sink,VERB,69,"Hans took the stone, and went his way with a light heart: his eyes sparkled for joy, and he said to himself, ‘Surely I m",kabshurond,invented,,drungongim,dozhrazak,didukwal,,
959,cast,VERB,68,"She mumbled something to herself, seized the nightingale, and went away with it in her hand. Poor Jorindel saw the night",dhrantos,invented,,kuwul,brebkaz,zurdal,,
961,impossible,ADJ,68,Towards two o'clock he went into the garden and on to the tan-heap to watch for the raven. He had not been there long be,worabdhran,invented,,dhrabararz,giwazhar,mongura,,
962,perseverance,NOUN,66,"In a bustling city full of towering buildings and bright lights lived two best friends, Timmy the Tester and Sally the S",grorkak,invented,,thadrarn,grunek,shakflu,,
963,chance,NOUN,67,"In a bustling town, there were three soccer clubs: Wrexham, Tranmere Rovers, and Northwich Victoria. Every child in the ",untingal,invented,,undaruz,banbaka,gazamut,,
965,guide,VERB,66,"Once upon a time, three animal friends named Sammy the spider monkey, Pedro the puma, and Maria the macaw lived in the l",zhaba,invented,,beshkrag,zhunkuz,gringnim,,
966,factor,NOUN,66,"It was a sunny day and Billy, Madison, and Ryan were having a picnic in the park. They were eating juicy, red watermelon",grarur,invented,,sizof,angkum,nozkuz,,
968,meadow,NOUN,67,"But the false bride said to the prince, ‘Dear husband, pray do me one piece of kindness.’ ‘That I will,’ said the prince",kazhunuk,invented,,zurashka,dogwozrin,dwotun,,
971,awareness,NOUN,65,"Once upon a time in a small town called Eco-ville, lived two best friends named Bella and Finn. They both loved explorin",brabrokok,invented,,drurazish,ronkoba,kawinga,,
972,library,NOUN,65,"Once upon a time, in a small town called New Meliora, lived two best friends, Max and Lily. They were fascinated by stor",vokardru,invented,,skurutuz,dangrerkal,venankik,,
973,device,NOUN,65,"Little Timmy loved learning about science and history, so every day after school, he would visit his wise friend Mr. Map",marara,invented,,nongetal,iruma,lambekram,,
974,hasten,VERB,68,"One summer's morning a little tailor was sitting on his table by the window; he was in good spirits, and sewed with all ",gamum,invented,,gathgork,grozint,skringaz,,
975,huntsman,NOUN,68,"They went on together, and as they passed a cherry-tree, the giant laid hold of the top of the tree where the ripest fru",zazhark,invented,,rukez,voskash,romag,,
977,element,NOUN,65,"One sunny day, Little Timmy decided to watch a new movie he had been excited about. As the credits rolled, his face fell",dakrak,invented,,grokwa,dobrol,zundre,,
978,direct,ADJ,66,"In the bright, sunny town of Springburg, lived two best friends - Timmy the rabbit and Sally the squirrel. They loved ex",gruzut,invented,,irgru,katgriz,vulthre,,
979,instant,ADJ,66,"The old Fairy's turn coming next, with a head shaking more with spite than age, she said that the Princess should have h",gramrum,invented,,hakthra,trorid,grongril,,
980,accept,VERB,66,"“Everything!” said the shadow. “For I saw everything, and I know everything!” “How did it look in the furthest saloon?” ",dhrunguk,invented,,kukwu,azkuth,batash,,
981,inform,VERB,66,"The little tailor went onwards, always following his own pointed nose. After he had walked for a long time, he came to t",grinal,invented,,dragla,grukirn,thranang,,
982,reason,NOUN,66,Now there was once a maiden whose name was Jorinda. She was prettier than all the pretty girls that ever were seen befor,ebkaz,invented,,zhugol,hutin,gritraf,,
983,artist,NOUN,64,"Once upon a time, in a small town named Artville, there was a wonderful museum called ""Marvelous Museum."" It had many ex",gandor,invented,,vurkol,zokat,ogriruf,,
984,realm,NOUN,66,The Emperor's New Clothes The Swineherd The Real Princess The Shoes of Fortune The Fir Tree The Snow Queen The Leap-Frog,ogdhara,invented,,rangrazirl,uladang,bazkaru,,
986,appearance,NOUN,65,The Emperor's New Clothes The Swineherd The Real Princess The Shoes of Fortune The Fir Tree The Snow Queen The Leap-Frog,datanul,invented,,umuzug,gothuzkar,dabunda,,
987,creep,VERB,66,"Hans took the stone, and went his way with a light heart: his eyes sparkled for joy, and he said to himself, ‘Surely I m",zhanink,invented,,khugfraz,dokig,grudom,,
988,necessary,ADJ,64,"Once upon a time, in a land called Rogaland, there lived two best friends named Kai and Signe. They loved exploring thei",glaronk,invented,,grerob,grobakh,dalflam,,
991,cook,NOUN,66,"After he had travelled a little way, he spied a dog lying by the roadside and panting as if he were tired. ‘What makes y",dwerg,shared,@cook/VERB,,,,,same word as cook/VERB
992,amount,NOUN,63,"Deep beneath the ocean surface, in a world full of color and mystery, lived two best friends named Finnley the Anglerfis",burdharkha,invented,,elkhronif,ronkalash,kirbal,,
993,faithful,ADJ,66,"One of these lucky beings was neighbour Hans. Seven long years he had worked hard for his master. At last he said, ‘Mast",luzkaz,invented,,grorkul,durum,grunizh,,
994,direction,NOUN,64,Once a little explorer named Alex was on a mission to find hidden treasures in the land of vectors. Alex had a magical c,drokuz,invented,,kankek,vatdhril,grabof,,
995,arm,VERB,64,"Once upon a time, in a bustling city called Manhattan, there lived a curious little mouse named Max. Max wanted to buy h",trorz,shared,@arm/NOUN,,,,,same word as arm/NOUN
997,delight,VERB,65,"‘Oh, indeed?’ answered the little tailor, and unbuttoned his coat, and showed the giant the girdle, ‘there may you read ",thoban,invented,,wunrat,dhatroran,watrabalg,,
998,support,VERB,63,"Once upon a time, in a small town named Harmonyville, lived three best friends - Timmy the Tortoise, Sally the Squirrel,",wunu,invented,,brasdal,bukthral,zalelkhrof,,
1003,effect,NOUN,63,"One sunny day, Little Timmy decided to watch a new movie he had been excited about. As the credits rolled, his face fell",kakras,invented,,nanval,vavang,sambaf,,
1004,pair,NOUN,64,"Rapunzel grew into the most beautiful child under the sun. When she was twelve years old, the enchantress shut her into ",bikan,invented,,kirkak,elkhrez,rondrat,,
1005,season,NOUN,63,"Little Timmy loved learning about science and history, so every day after school, he would visit his wise friend Mr. Map",kangiz,invented,,thraror,rolarg,skalurm,,
1006,gaze,VERB,64,Now there was once a maiden whose name was Jorinda. She was prettier than all the pretty girls that ever were seen befor,grilkhol,invented,,mandran,thrubid,hangum,,
1007,magician,NOUN,65,You see he ought to have said that sooner; for the moment he expressed the wish his head was free; and cured of all his ,zudru,invented,,trokard,karot,kungdhaz,,
1008,royal,ADJ,65,"Then she gave him a cloak, and said, ‘As soon as you put that on you will become invisible, and you will then be able to",drogdhon,invented,,zarot,grugez,dhrengkul,,
1009,determination,NOUN,62,"Once upon a time, in a small town named Harmonyville, lived Grandma Appleberry and her little grandson, Timmy. They both",tharkhal,invented,,grazez,rumgaz,nakas,,
1011,perspective,NOUN,62,"Once upon a time, in a small town called Harmonyville, lived three best friends - Alex the Ant, Benny the Bee, and Cathy",krador,invented,,thrugak,barkaf,skamoz,,
1012,state,NOUN,63,"One sunny day, Timmy and his robot friend Tilly decided to make breakfast together. They wanted to make scrambled eggs, ",throzhak,invented,,dhrekog,wardrut,tigrul,,
1013,disappointment,NOUN,62,"Once upon a time, in a bustling city called Manhattan, there lived a curious little mouse named Max. Max wanted to buy h",abarkak,invented,,unduntang,sendakrog,klokinong,,
1014,threaten,VERB,63,"Deep in the Whispering Woods, lived two best friends, Timmy the Termite and Sally the Squirrel. They loved exploring the",bezem,invented,,vudrim,stradal,trobonrul,,
1016,release,VERB,62,"Once upon a time, in a small town named Happyville, lived three best friends - Timmy the Turtle, Sally the Squirrel, and",wangrin,invented,,drugru,dasaz,danrarz,,
1018,thank,NOUN,62,"Once upon a time, in the beautiful city of Cagliari, Italy, there lived four friends named Marco, Sofia, Luca, and Giada",dhrin,shared,@thank/VERB,,,,,same word as thank/VERB
1019,general,ADJ,64,"The bear and the wolf grew uneasy, and turned back and went into their holes. The young willow-wrens, however, continued",ankuk,invented,,brindul,orbung,khumdubkaz,,
1020,case,NOUN,63,"They could not, however, reach the great city the first day; so when night came on, they went into a wood to sleep. The ",vobul,invented,,thragdhol,skrizek,mezba,,
1021,wander,VERB,63,Now there was once a maiden whose name was Jorinda. She was prettier than all the pretty girls that ever were seen befor,zhungrun,invented,,wikthrak,gragenk,angfin,,
1023,pleasure,NOUN,64,"‘Home! home! look at the shoe! Princess! the shoe was made for you! Prince! prince! take home your bride, For she is the",tritrok,invented,,rikir,thretal,dalkik,,
1024,collaboration,NOUN,61,"In a bustling city full of towering buildings and bright lights lived two best friends, Timmy the Tester and Sally the S",zumbe,invented,,wukflag,thazhaz,gambol,,
1025,creativity,NOUN,61,"Once upon a time, in a small town named Happyville, lived three best friends - Timmy the Turtle, Sally the Squirrel, and",drolak,invented,,thruba,thrimash,razozar,,
1026,diverse,ADJ,61,"Once upon a time, three animal friends named Sammy the spider monkey, Pedro the puma, and Maria the macaw lived in the l",thrungaz,invented,,milash,dhranging,saruzk,,
1027,recognize,VERB,62,"Once upon a time, in a small town named Explorville, lived two best friends - Benny the Beaver and Sammy the Squirrel. T",strazol,invented,,urgrul,wazris,gruzogin,,
1028,research,NOUN,61,"Once upon a time, three animal friends named Sammy the spider monkey, Pedro the puma, and Maria the macaw lived in the l",kokrik,invented,,dazek,dwurab,vekda,,
1029,villager,NOUN,61,"In a small village on the windswept shores of the Shetland Islands, two curious children named Erin and Liam lived. They",gresil,invented,,trakang,zegram,dhrugran,,
1030,mention,VERB,62,"Once upon a time, in the bustling city of Seattle, lived two best friends named Russell and Max. Russell was a football ",wulkhu,invented,,krazshaz,hastral,skakos,,
1031,mission,NOUN,61,Once a little explorer named Alex was on a mission to find hidden treasures in the land of vectors. Alex had a magical c,khukam,invented,,skrazhaz,mukung,kobang,,
1033,welcome,VERB,62,"In a small town, there was a quaint schoolhouse filled with curious students. Sister Catherine, who always wore a long b",kongoz,shared,@welcome/ADJ,,,,,same word as welcome/ADJ
1034,greet,VERB,62,"Once upon a time in a small town called Eco-ville, lived two best friends named Bella and Finn. They both loved explorin",okam,invented,,strigol,gukwan,ratint,,
1035,beat,VERB,63,Now that very day the hundred years were ended; and as the prince came to the thicket he saw nothing but beautiful flowe,rakeg,invented,,dhrazgo,govingul,nolmuzazk,,
1036,account,NOUN,63,Before the castle gate all was as the fox had said: so the son went in and found the chamber where the golden bird hung ,dhrinda,invented,,trumban,hudgrun,skodag,,
1037,diversity,NOUN,60,"Once upon a time, in a small town named ""Cinema Village,"" lived ten little friends: Rico the Rhino from Brazil, Pato the",dankuza,invented,,ongadang,dramthezaz,andatuk,,
1038,meanwhile,ADV,60,"Once upon a time, in a small town named Harmonyville, lived Grandma Appleberry and her little grandson, Timmy. They both",barbola,invented,,wurangar,karakaf,ardungrif,,
1039,alive,ADJ,62,"‘The better to hear you with, my child,’ was the reply. ‘But, grandmother, what big eyes you have!’ she said. ‘Oh! but, ",klamdu,invented,,drungut,gronend,engank,,
1040,emotion,NOUN,60,"Once upon a time, in the city of Musicville, lived two best friends named Melody and Harmony. They loved to sing and dan",rabnal,invented,,kungdra,glazang,furmaz,,
1042,coach,NOUN,62,"A king and queen once upon a time reigned in a country a great way off, where there were in those days fairies. Now this",zandan,invented,,hukwar,zadu,brundash,,
1045,drop,NOUN,62,"Hans brushed his coat, wiped his face and hands, rested a while, and then drove off his cow quietly, and thought his bar",borild,shared,@drop/VERB,,,,,same word as drop/VERB
1046,attend,VERB,61,"Long, long ago in a bustling town named Alpha, there was a famous English school known for its excellent teaching method",skukum,invented,,rutin,gozgak,rongraz,,
1048,particular,ADJ,61,"In a bustling town filled with curious kids, lived two bright young scientists named Jamie and Danny. They both loved ex",kazkurg,invented,,flangal,anthram,trarkha,,
1049,grandmother,NOUN,62,"At last she came to Mother Holle's house, and as she had heard all about the large teeth from her sister, she was not af",tirunkak,invented,,kubikaz,grirating,varikwong,,
1051,giant,ADJ,61,"They went on together, and as they passed a cherry-tree, the giant laid hold of the top of the tree where the ripest fru",skalanga,shared,@giant/NOUN,,,,,same word as giant/NOUN
1052,shut,VERB,62,Now that very day the hundred years were ended; and as the prince came to the thicket he saw nothing but beautiful flowe,dhaban,invented,,haldrun,malog,ildrel,,
1053,witch,NOUN,62,"The coast once clear, our travellers soon sat down and dispatched what the robbers had left, with as much eagerness as i",maskazhok,invented,,gargriru,dekaba,zuthskazaz,,
1054,maid,NOUN,62,Now that very day the hundred years were ended; and as the prince came to the thicket he saw nothing but beautiful flowe,veduzaz,invented,,drorkaruk,ulthrikum,vuzharan,,
1055,oxygen,NOUN,59,"Once upon a time, in a small town named Harmonyville, lived Grandma Appleberry and her little grandson, Timmy. They both",klelind,invented,,drengras,dazek,kushdhal,,
1056,resolve,VERB,61,"One summer's morning a little tailor was sitting on his table by the window; he was in good spirits, and sewed with all ",omdank,invented,,larbam,maroz,shasal,,
1057,constant,ADJ,60,"Deep beneath the ocean surface, in a world full of color and mystery, lived two best friends named Finnley the Anglerfis",okagrath,invented,,khringakuf,gagraku,takagre,,
1059,chain,NOUN,61,"The goldsmith was in his workshop making a gold chain, when he heard the song of the bird on his roof. He thought it so ",ungrund,invented,,endruth,zanbalg,dunthre,,
1060,movement,NOUN,59,Once a little explorer named Alex was on a mission to find hidden treasures in the land of vectors. Alex had a magical c,utrab,invented,,khanun,kardraz,ragin,,
1061,soil,NOUN,59,"Once upon a time, in a land far away, there was a magical forest where all different kinds of animals lived together in ",gangnang,invented,,skulom,durkhand,agsmak,,
1062,depend,VERB,59,"On a sunny day in Classyville, all the students were excitedly preparing for their annual science fair! This year, two b",dagoz,invented,,lozung,gikolg,matzum,,
1063,consequence,NOUN,59,In a land of data lived tiny creatures called Bytes. They had special powers to store and process information in their h,krukumaz,invented,,trozamuk,kararash,nagarork,,
1065,sense,NOUN,59,"Once upon a time, in the bustling halls of Beaumont High School, there was a talented basketball team known as the Wildc",durazun,invented,,odorog,orongkank,gurakal,,
1066,subject,NOUN,60,"Here, then, we will stay for the present. In one of the houses not far from the new market a party was invited--a very l",garkhozal,invented,,nagdorik,dungara,glibunmal,,
1067,circumstance,NOUN,59,"Once upon a time, in a small town named Happyville, lived three best friends - Timmy the Turtle, Sally the Squirrel, and",tragul,invented,,lugik,kruzhank,andralaz,,
1069,delightful,ADJ,60,"Then she gave him a cloak, and said, ‘As soon as you put that on you will become invisible, and you will then be able to",donshaz,invented,,hagrard,dedrin,skorkhez,,
1070,law,NOUN,60,"So he hired some villains to murder him; and having shown them where to lie in ambush, he went to his brother, and said,",gakizk,invented,,grunkuz,bongral,ruzkog,,
1072,robber,NOUN,61,"This, too, happened as the fox said; they carried off the bird, the princess mounted again, and they rode on to a great ",gingaz,invented,,guzkrud,grunshu,grukzhak,,
1073,round,VERB,61,Now there was once a maiden whose name was Jorinda. She was prettier than all the pretty girls that ever were seen befor,rongdran,shared,@round/ADJ,,,,,same word as round/ADJ
1074,steed,NOUN,61,"Not long afterwards, the country was overrun by war. The king gathered together his people, and did not know whether or ",skruga,invented,,gronkat,khabgal,vozulk,,
1075,setback,NOUN,58,"Once upon a time, in a small town called Harmonyville, lived three best friends - Alex the Ant, Benny the Bee, and Cathy",onkariz,invented,,sagamard,andrizar,olgakar,,
1077,gravity,NOUN,58,"Once upon a time, in the land of Sportsville, there lived four best friends named Goldie the Gymnast, Swimmy the Swimmer",vihaz,invented,,wazhgruz,druroz,tenthrak,,
1078,thrive,VERB,58,"In a small village on the windswept shores of the Shetland Islands, two curious children named Erin and Liam lived. They",arbarz,invented,,ezbuk,threkon,gritek,,
1079,waste,NOUN,58,"Once upon a time in a small town called Eco-ville, lived two best friends named Bella and Finn. They both loved explorin",varkhun,invented,,wotrok,dhrebunk,dantord,,
1083,church,NOUN,60,"A certain cat had made the acquaintance of a mouse, and had said so much to her about the great love and friendship she ",dogrof,invented,,zinbel,sandarg,denin,,
1084,fellow,NOUN,60,"Soon afterwards the wolf came and wished him joy, and said, ‘Now, my good fellow, you must tell no tales, but turn your ",kraza,invented,,grakwog,truzhruz,nuwaz,,
1085,engage,VERB,58,"Little Timmy loved learning about science and history, so every day after school, he would visit his wise friend Mr. Map",razkand,invented,,drazdif,grezung,kharla,,
1088,awake,VERB,60,Before the castle gate all was as the fox had said: so the son went in and found the chamber where the golden bird hung ,dobu,invented,,golgez,takug,smizat,,
1089,drink,NOUN,59,"Hans took the stone, and went his way with a light heart: his eyes sparkled for joy, and he said to himself, ‘Surely I m",glok,shared,@drink/VERB,,,,,same word as drink/VERB
1090,throne,NOUN,60,"‘O man of the sea! Hearken to me! My wife Ilsabill Will have her own will, And has sent me to beg a boon of you!’ ‘Well,",rizrom,invented,,bunron,verboz,arbarul,,
1091,suffer,VERB,59,"All went right, and the groom lay snoring with his hand upon the golden saddle. But when the son looked at the horse, he",nongarkuk,invented,,gondelak,azungnu,hatakal,,
1092,player,NOUN,57,"Once upon a time, in the bustling halls of Beaumont High School, there was a talented basketball team known as the Wildc",zharerkha,invented,,mokaru,norkhakal,garagrin,,
1093,ingredient,NOUN,57,"Once upon a time in a small town called Eco-ville, lived two best friends named Bella and Finn. They both loved explorin",dradom,invented,,graldot,dhrangek,muzkur,,
1094,shape,VERB,57,"Once upon a time, in a land far away, there lived two best friends named Lingua and Cultura. They lived in a beautiful v",krurd,shared,@shape/NOUN,,,,,same word as shape/NOUN
1095,return,NOUN,59,"A king and queen once upon a time reigned in a country a great way off, where there were in those days fairies. Now this",skrazangik,shared,@return/VERB,,,,,same word as return/VERB
1096,arise,VERB,58,"In a bustling town called Dataville, lived two best friends, Sammy the Software Engineer and Alex the Application Develo",grulak,invented,,rinraf,thablun,gregru,,
1097,slight,ADJ,57,"In a bustling town filled with curious kids, lived two bright young scientists named Jamie and Danny. They both loved ex",sharantab,invented,,grizawent,rikindo,wufdoba,,
1099,image,NOUN,57,"Once upon a time, in a small town named Melodyville, lived two best friends - Benny the Beatboxer and Daisy the Drummer.",haroroz,invented,,darindal,engoldrok,wengetul,,
1100,personification,NOUN,59,"""Great Surtur, with his burning sword, Southward at Muspel's gate kept ward, And flashes of celestial flame, Life-giving",brizhu,invented,,gawun,wungkond,munkak,,
1101,vanish,VERB,58,"The shepherd did as she bade him, and next morning just as day dawned, he saw the chest open, and the flower come out. S",udrunder,invented,,salkunrok,ragdhakal,zongrol,,
1102,enchant,VERB,57,"Once upon a time, in the bustling city of San Francisco, lived four best friends - Sara the butterfly, Benny the bumbleb",koruzbaz,invented,,ungriru,grazerin,kanrangind,,
1103,factory,NOUN,56,"Once upon a time, in a small town called Harmonyville, there lived two best friends named Sam and Alex. They were both c",gruzar,invented,,thrivarl,dangnu,danar,,
1104,realization,NOUN,56,"Once upon a time, in a small town called Harmonyville, lived three best friends - Alex the Ant, Benny the Bee, and Cathy",ritran,invented,,drugok,threnrak,klenran,,
1105,structure,NOUN,56,"Once upon a time, in a small town called Veggiville, lived four friends named Zoey Zucchini, Sammy Spinach, Benny Beet, ",krabaz,invented,,grubrab,dagrosh,kobror,,
1106,teamwork,NOUN,56,"One sunny day, Little Timmy decided to watch a new movie he had been excited about. As the credits rolled, his face fell",karungruk,invented,,shalekwul,hamumbal,gramumik,,
1107,video,NOUN,56,"Once upon a time, in the town of LOLville, lived two best friends named Chuckle and Guffaw. They were both famous comedi",milagrog,invented,,graregroz,grabegu,buragdha,,
1109,concern,NOUN,56,"In a bustling town called Dataville, lived two best friends, Sammy the Software Engineer and Alex the Application Develo",simbat,invented,,olkhriz,khabroz,gongon,,
1111,gust,NOUN,56,"In a tiny village lived busy little cells. They were always working hard, carrying out important tasks. But they had one",azukaf,invented,,dunkaroz,morukunt,kudhrunuz,,
1112,peculiar,ADJ,56,"In a small town named Curiosityville lived two best friends, Timmy the Tortoise and Kara the Kitten. They loved explorin",khrongrak,invented,,skundal,ratangarm,ranbazdug,,
1113,right,NOUN,57,"Rapunzel grew into the most beautiful child under the sun. When she was twelve years old, the enchantress shut her into ",grimba,invented,,uskarg,kimak,bankak,,
1114,venture,VERB,57,"In a village dwelt a poor old woman, who had gathered together a dish of beans and wanted to cook them. So she made a fi",dola,invented,,makorg,brogak,drunkhal,,
1118,survive,VERB,56,"Once upon a time, in a small town called Rocketville, lived two best friends named Sam and Alex. They were both curious ",zengol,invented,,karluk,gozhun,rarkend,,
1119,mere,ADJ,57,"Here, then, we will stay for the present. In one of the houses not far from the new market a party was invited--a very l",thikronkal,invented,,zimbangna,dregika,zaraldrag,,
1120,mile,NOUN,57,"‘O man of the sea! Hearken to me! My wife Ilsabill Will have her own will, And has sent me to beg a boon of you!’ ‘Well,",dugangkon,invented,,enezek,karlalal,baldrarul,,
1121,succeed,VERB,57,"Then the king made it known to all the land, that if any person could discover the secret, and find out where it was tha",dashal,invented,,drunding,umuzk,kabulg,,
1122,purpose,NOUN,57,"The little tailor went forth, and the hundred horsemen followed him. When he came to the outskirts of the forest, he sai",shangrang,invented,,trindoz,grintun,zandum,,
1123,kindness,NOUN,56,"Once upon a time, in a small town named Harmonyville, lived Grandma Appleberry and her little grandson, Timmy. They both",uzog,invented,,thrazhazh,drarkuroz,guntakul,,
1124,lush,ADJ,55,"Once upon a time, three animal friends named Sammy the spider monkey, Pedro the puma, and Maria the macaw lived in the l",guhal,invented,,grolath,wagik,vindurz,,
1126,secure,VERB,57,"The King was about to give this order, when the minister's son, to save himself from such an indignity, admitted that th",dabel,invented,,dingrath,dushuk,vumazk,,
1127,website,NOUN,55,"Once upon a time, in a bustling city called Manhattan, there lived a curious little mouse named Max. Max wanted to buy h",voring,invented,,kitang,dratral,ashdhran,,
1128,control,NOUN,55,"Long, long ago in a bustling town named Alpha, there was a famous English school known for its excellent teaching method",thribat,invented,,khungun,smukon,dhramtha,,
1129,ahead,ADV,55,"Long, long ago in a bustling town named Alpha, there was a famous English school known for its excellent teaching method",frerm,invented,,selum,skralek,sandang,,
1131,possession,NOUN,57,"He now had a little daughter born to him; the child of his first wife was a boy, who was as red as blood and as white as",guzoz,invented,,skekul,grobol,kalkhruzakh,,
1136,character,NOUN,55,"Once upon a time, in a faraway land called Hollywood, there was a group of very smart people called filmmakers. They lov",nuntil,invented,,dangkhral,varub,anthroz,,
1137,danger,NOUN,56,"After he had travelled a little way, he spied a dog lying by the roadside and panting as if he were tired. ‘What makes y",ritol,invented,,drarunga,abarkhu,skrizolag,,
1138,will,VERB,57,"It was very natural that the dangers incurred in hunting and fishing under these inclement skies, and the suffering enta",hahol,invented,,ikthrol,kvagrariz,nagragat,,
1139,express,VERB,55,"Once upon a time, in the city of Musicville, lived two best friends named Melody and Harmony. They loved to sing and dan",elkhron,invented,,glibaz,wuksmak,zazanush,,
1141,bond,NOUN,55,"Once upon a time, in a small town named Harmonyville, lived Grandma Appleberry and her little grandson, Timmy. They both",sornaga,invented,,ongaldrus,drozinof,vilarda,,
1142,duo,NOUN,54,"Once upon a time, in the city of Musicville, lived two best friends named Melody and Harmony. They loved to sing and dan",gringra,invented,,stringak,gordres,mabnin,,
1143,generation,NOUN,54,"In a small village on the windswept shores of the Shetland Islands, two curious children named Erin and Liam lived. They",vazkel,invented,,hinin,dunmat,angun,,
1144,extra,ADJ,54,"Little James loved building things. One day, he was given the task to build a new parking lot for the town fair! The lot",sisku,invented,,thingku,klaluk,kharurn,,
1145,absorb,VERB,54,"Long, long ago in a bustling town named Alpha, there was a famous English school known for its excellent teaching method",zaze,invented,,mokwak,drirlang,zuzkazk,,
1146,education,NOUN,54,"Once upon a time, in a small town called Harmonyville, there lived two best friends named Sam and Alex. They were both c",gaban,invented,,dhrarun,gramo,bugilg,,
1147,gasp,VERB,54,"Once upon a time, in a small town called New Meliora, lived two best friends, Max and Lily. They were fascinated by stor",mashfraz,invented,,aftag,akthran,dronker,,
1148,source,NOUN,54,"In a tiny village lived busy little cells. They were always working hard, carrying out important tasks. But they had one",durbo,invented,,bandrang,dratraf,okandek,,
1149,inhabitant,NOUN,55,"Once upon a time, in a small town called Harmonyville, lived two best friends - Benny the Beaver and Sally Sunshine, a c",rakabuld,invented,,donezek,dirarard,dakordos,,
1150,meeting,NOUN,54,"Once upon a time, in a small town called Harmonyville, there lived two best friends named Sam and Alex. They were both c",tramathdul,invented,,zekthrazhun,zuradra,damdengro,,
1151,loss,NOUN,55,"Once upon a time in Photoville, there was a friendly photographer named Freddie. Freddie loved taking pictures of the be",dunrilgal,invented,,kraranon,tokundral,hazgaruz,,
1152,meat,NOUN,56,"They could not, however, reach the great city the first day; so when night came on, they went into a wood to sleep. The ",skurkhum,invented,,argrik,lodhraz,adkhrul,,
1153,symbol,NOUN,54,"In a small village on the windswept shores of the Shetland Islands, two curious children named Erin and Liam lived. They",venrat,invented,,grelald,truga,nazhu,,
1154,ash,NOUN,56,"The coast once clear, our travellers soon sat down and dispatched what the robbers had left, with as much eagerness as i",aralil,invented,,drolomog,kashurung,drizhalal,,
1155,glitter,VERB,56,"The coast once clear, our travellers soon sat down and dispatched what the robbers had left, with as much eagerness as i",thokana,invented,,grathgamal,wukthraroz,habalkuz,,
1156,shelter,NOUN,54,"Once upon a time, three animal friends named Sammy the spider monkey, Pedro the puma, and Maria the macaw lived in the l",afzhul,invented,,skazhar,drokwet,gribin,,
1159,innovation,NOUN,53,"Once upon a time, in a small town called New Meliora, lived two best friends, Max and Lily. They were fascinated by stor",zongzal,invented,,rugwal,kungriz,drakum,,
1160,sadden,VERB,53,"Once upon a time, in a small town called New Meliora, lived two best friends, Max and Lily. They were fascinated by stor",dozok,invented,,throkend,gudurn,lelbaz,,
1161,uncover,VERB,53,Once a little explorer named Alex was on a mission to find hidden treasures in the land of vectors. Alex had a magical c,wunkik,invented,,grinshul,kabwak,skratosh,,
1163,demonstrate,VERB,53,"One sunny day, Timmy and his robot friend Tilly decided to make breakfast together. They wanted to make scrambled eggs, ",warungonk,invented,,ranmoreng,drezabu,lizdo,,
1164,root,NOUN,54,In a land of data lived tiny creatures called Bytes. They had special powers to store and process information in their h,drankik,invented,,zindar,zarof,vareng,,
1165,exist,VERB,53,"In a cozy classroom filled with curious little creatures called Fuzzles, their teacher, Ms. Sparkle, presented them with",hazda,invented,,kangnuk,bodrol,lengal,,
1168,sport,NOUN,53,"It was a sunny day and Billy, Madison, and Ryan were having a picnic in the park. They were eating juicy, red watermelon",ahuf,invented,,dromrikh,volthral,anmim,,
1170,treat,VERB,54,"Thus Chanticleer was left alone with his dead Partlet; and having dug a grave for her, he laid her in it, and made a lit",wazizkolg,shared,@treat/NOUN,,,,,same word as treat/NOUN
1171,weight,NOUN,53,It was a grand day at the palace! All the debutantes were getting ready for their big entrance into society. Do you know,hantuzirm,invented,,onbazan,ograzdo,uzongral,,
1172,freeze,VERB,54,"She carried him down, and then with loud screams she hastened to the boy's father, ‘Your boy,’ cried she, ‘has been the ",gazankonk,invented,,sogrobund,vanurol,krugimdal,,
1173,half,NOUN,54,Now there was once a maiden whose name was Jorinda. She was prettier than all the pretty girls that ever were seen befor,grazorlif,invented,,zerobun,zavarduz,datizob,,
1174,spite,NOUN,55,In the evening the seven dwarfs came home; and I need not say how grieved they were to see their faithful Snowdrop stret,dardag,invented,,dhrumdu,norurl,balel,,
1175,wicke,VERB,55,"Rapunzel grew into the most beautiful child under the sun. When she was twelve years old, the enchantress shut her into ",grunkal,invented,,zurind,glandang,zamrornu,,
1177,tune,NOUN,53,"Once upon a time, in the city of Musicville, lived two best friends named Melody and Harmony. They loved to sing and dan",drazo,invented,,sazaf,zongank,dabold,,
1178,last,VERB,53,"Little Timmy loved learning about science and history, so every day after school, he would visit his wise friend Mr. Map",gunar,shared,@last/ADJ,,,,,same word as last/ADJ
1179,vital,ADJ,52,"One sunny day, Timmy and his robot friend Tilly decided to make breakfast together. They wanted to make scrambled eggs, ",silduz,invented,,rikut,khangu,wutarn,,
1180,develop,VERB,52,"In a bustling city full of towering buildings and bright lights lived two best friends, Timmy the Tester and Sally the S",drenraz,invented,,oshkruk,kizuk,zakflud,,
1181,code,NOUN,52,"In a classroom full of curious little creatures called Glibbers, their teacher, Mrs. Spellwell, announced an exciting ac",gotan,invented,,gangur,grozkul,grirunk,,
1182,delight,NOUN,53,"Now it so happened that on this very day the queen lost her most beautiful ring, and suspicion of having stolen it fell ",thoban,shared,@delight/VERB,,,,,same word as delight/VERB
1184,preparation,NOUN,52,"In a bustling city full of towering buildings and bright lights lived two best friends, Timmy the Tester and Sally the S",zarkha,invented,,grivuz,bruring,gikkhrun,,
1185,marriage,NOUN,54,"When Sunday came, and it was time for the girl to start, a feeling of dread came over her which she could not explain, a",vuklan,invented,,dulkhuf,dhrekiz,gredro,,
1186,view,NOUN,52,"Once upon a time, three animal friends named Sammy the spider monkey, Pedro the puma, and Maria the macaw lived in the l",rasfrag,invented,,walung,komboz,grobke,,
1187,crystal,NOUN,52,"Once upon a time, in a small town called Sandy Shores on the beautiful Cayman Islands, lived three best friends - Sally ",ezral,invented,,gindunk,wukenk,nekul,,
1188,speed,NOUN,52,"On a sunny day in Classyville, all the students were excitedly preparing for their annual science fair! This year, two b",frangu,invented,,skralong,okil,klenrang,,
1189,breathe,VERB,52,"Once upon a time, in a small town called Sandy Shores on the beautiful Cayman Islands, lived three best friends - Sally ",dolath,invented,,gabark,uzkush,skrumun,,
1190,passion,NOUN,52,"Long, long ago in a bustling town named Alpha, there was a famous English school known for its excellent teaching method",dranezhrol,invented,,sababkan,marakez,kinrag,,
1191,plant,VERB,52,"In the bustling city of Cleveland, a baby boy named Albert B. White was born. As he grew up, his curiosity bloomed like ",drezh,shared,@plant/NOUN,,,,,same word as plant/NOUN
1192,search,NOUN,53,"In a village dwelt a poor old woman, who had gathered together a dish of beans and wanted to cook them. So she made a fi",flink,shared,@search/VERB,,,,,same word as search/VERB
1194,gas,NOUN,51,"In a bustling town filled with curious kids, lived two bright young scientists named Jamie and Danny. They both loved ex",galfok,invented,,nilkhaz,angink,drerlal,,
1195,improvement,NOUN,51,"Once upon a time, in a small town named Happyville, lived three best friends - Timmy the Turtle, Sally the Squirrel, and",ranek,invented,,umbot,bokthru,izgu,,
1196,reality,NOUN,52,"In the heart of the sparkling blue ocean, there was a magnificent cruise ship called ""Explorer's Paradise."" This floatin",grorut,invented,,drinuf,vokfrul,zuntal,,
1198,await,VERB,52,"Long, long ago in a bustling town named Alpha, there was a famous English school known for its excellent teaching method",brekunt,invented,,gokol,gazor,rubolk,,
1201,thinking,NOUN,51,"In the heart of the sparkling blue ocean, there was a magnificent cruise ship called ""Explorer's Paradise."" This floatin",thrungul,invented,,zongrish,flagonk,sanruz,,
1202,former,ADJ,53,"Then her kind friend the bird brought a dress still finer than the former one, and slippers which were all of gold: so t",dardul,invented,,bratoz,gagink,grirosh,,
1203,gardener,NOUN,53,The text is based on translations from the Grimms’ Kinder und Hausmärchen by Edgar Taylor and Marian Edwardes. THE GOLDE,uzib,invented,,kalgarn,mankak,biron,,
1204,hold,NOUN,53,Before the castle gate all was as the fox had said: so the son went in and found the chamber where the golden bird hung ,khazon,shared,@hold/VERB,,,,,same word as hold/VERB
1205,design,NOUN,51,"One sunny day, Little Timmy decided to watch a new movie he had been excited about. As the credits rolled, his face fell",udaz,shared,@design/VERB,,,,,same word as design/VERB
1206,bank,NOUN,52,"This, too, happened as the fox said; they carried off the bird, the princess mounted again, and they rode on to a great ",wulkrez,invented,,nindunk,sardaz,skirul,,
1207,pursue,VERB,52,"When she had gone away, the girl got up and went to her sweetheart, who was called Roland, and knocked at his door. When",enkarung,invented,,trikomil,thoberkat,vabunga,,
1210,efficient,ADJ,50,"Once upon a time, in a land called Rogaland, there lived two best friends named Kai and Signe. They loved exploring thei",dutozkul,invented,,zoronglind,krabazosh,lundagro,,
1211,technique,NOUN,50,"Once upon a time, in a small town named Harmonyville, lived three best friends - Timmy the Tortoise, Sally the Squirrel,",grizang,invented,,krungong,sangag,grankuf,,
1212,half,ADJ,52,"Before long the cat was seized by another fit of yearning. She said to the mouse: ‘You must do me a favour, and once mor",grazorlif,shared,@half/NOUN,,,,,same word as half/NOUN
1213,contribute,VERB,50,"Once upon a time in a small town called Eco-ville, lived two best friends named Bella and Finn. They both loved explorin",dalanum,invented,,vagaban,dharenglin,zankirush,,
1214,effective,ADJ,50,"Once upon a time, in a small town called Harmonyville, lived three best friends - Alex the Ant, Benny the Bee, and Cathy",leraz,invented,,skeraz,hazguz,hanran,,
1215,phenomenon,NOUN,50,"In a small town named Curiosityville lived two best friends, Timmy the Tortoise and Kara the Kitten. They loved explorin",ronorkharg,invented,,urarkhar,sadandrel,watungok,,
1216,weapon,NOUN,52,"Odin, who had been the leading spirit in all these undertakings, now bade the gods, his descendants, follow him to the b",zakwak,invented,,ardil,zukfluz,draval,,
1217,chaos,NOUN,50,"On a sunny day in Classyville, all the students were excitedly preparing for their annual science fair! This year, two b",dwingol,invented,,arlorm,drezhag,grubin,,
1218,electricity,NOUN,50,"Once upon a time, in a small town called New Meliora, lived two best friends, Max and Lily. They were fascinated by stor",galgreku,invented,,grerbuta,suzbalak,borungko,,
1220,member,NOUN,50,"Once upon a time, in a small town called Harmonyville, lived three best friends - Alex the Ant, Benny the Bee, and Cathy",zutum,invented,,grolmal,ratrak,uzhrol,,
1221,neighborhood,NOUN,50,"Once upon a time, in a small town called Harmonyville, there lived two best friends named Sam and Alex. They were both c",gruvong,invented,,zagom,skangud,grekal,,
1223,break,NOUN,50,"Once upon a time, in a small town named Happyville, lived three best friends - Timmy the Turtle, Sally the Squirrel, and",grelg,shared,@break/VERB,,,,,same word as break/VERB
1224,visitor,NOUN,50,"In the heart of the sparkling blue ocean, there was a magnificent cruise ship called ""Explorer's Paradise."" This floatin",thrukash,invented,,zokan,dhrenmar,thruzkal,,
1225,custom,NOUN,51,"They could not, however, reach the great city the first day; so when night came on, they went into a wood to sleep. The ",skazal,invented,,klanu,brazkok,zakush,,
1227,victory,NOUN,51,"So she thanked the sun, and went on her way till eventide; and when the moon arose, she cried to it, and said, ‘You shin",nundru,invented,,bunront,minul,throbund,,
1229,memory,NOUN,50,It was a grand day at the palace! All the debutantes were getting ready for their big entrance into society. Do you know,skalmuk,invented,,stozon,ditorn,azkangu,,
1230,motion,NOUN,50,In a bustling city lived two energetic kids named Mia and Ben. They both loved playing soccer and dreamed of being part ,flagik,invented,,drashath,kleron,trozduz,,
1233,meaning,NOUN,50,"Once upon a time, in the city of Musicville, lived two best friends named Melody and Harmony. They loved to sing and dan",muming,invented,,nanglink,kaluth,girazok,,
1234,faraway,ADJ,49,"Once upon a time, in a faraway land called Hollywood, there was a group of very smart people called filmmakers. They lov",threnduk,invented,,kuzhal,flazbez,zushgrak,,
1235,molecule,NOUN,49,"One sunny day, Timmy and his robot friend Tilly decided to make breakfast together. They wanted to make scrambled eggs, ",dukinunk,invented,,enuraz,urirkhul,lantirul,,
1236,particle,NOUN,49,"It was a sunny day and Timmy, wearing his favorite blue shirt, decided to play outside with his new toy car. He ran arou",sibid,invented,,drombog,zokwa,sarbak,,
1237,potential,ADJ,49,"Once upon a time, in a small town named Explorville, lived two best friends - Benny the Beaver and Sammy the Squirrel. T",davul,invented,,dunkom,kromarz,ditra,,
1240,sacred,ADJ,51,"Odin, who had been the leading spirit in all these undertakings, now bade the gods, his descendants, follow him to the b",grindarol,invented,,azuzhur,nugarur,dhranuhazh,,
1241,dishearten,VERB,49,"One sunny day, Little Timmy decided to watch a new movie he had been excited about. As the credits rolled, his face fell",kaftol,invented,,gungna,grondaran,kiwarak,,
1242,level,NOUN,49,"Once upon a time, in a small town named Happyville, lived three best friends - Timmy the Turtle, Sally the Squirrel, and",gantat,invented,,hashaz,gringun,norot,,
1244,specie,NOUN,49,"Once upon a time, in a small town called Harmonyville, lived three best friends - Alex the Ant, Benny the Bee, and Cathy",gubkulg,invented,,khanraz,akflazh,vasma,,
1245,fellow,ADJ,49,"Once upon a time, in a land far, far away, there were four brave Viking explorers named Leif, Thorunn, Erik, and Freya. ",kraza,shared,@fellow/NOUN,,,,,same word as fellow/NOUN
1248,vain,ADJ,51,"She mumbled something to herself, seized the nightingale, and went away with it in her hand. Poor Jorindel saw the night",zidrir,invented,,brurung,damdhraf,verurong,,
1249,earn,VERB,49,Little baker Andy loved making and selling delicious birthday cakes! He would buy all sorts of sweet ingredients like fl,throzug,invented,,razrul,girdal,grurwag,,
1251,medium,NOUN,48,"Once upon a time, in a small town called Harmonyville, lived three best friends - Alex the Ant, Benny the Bee, and Cathy",thrantush,invented,,grezus,zirar,wandaz,,
1252,significant,ADJ,48,"Once upon a time, in a small town named Happyville, lived three best friends - Timmy the Turtle, Sally the Squirrel, and",gregat,invented,,dangkal,skuzog,hongik,,
1254,ray,NOUN,49,"Little Timmy loved exploring his family's backyard. One sunny afternoon, he found a mysterious old book hidden beneath s",zongrum,invented,,drokan,galam,zhagdrag,,
1255,rejoice,VERB,50,"‘Blow, breezes, blow! Let Curdken's hat go! Blow, breezes, blow! Let him after it go! Over hills, dales, and rocks, Away",halgath,invented,,nangdro,algozul,dhrangakang,,
1258,confident,ADJ,48,"Once upon a time, in a small town named Happyville, lived three best friends - Timmy the Turtle, Sally the Squirrel, and",zuraro,invented,,akrungal,barintag,ralmarak,,
1262,interest,NOUN,48,"Once upon a time, in a small town named Harmonyville, lived Grandma Appleberry and her little grandson, Timmy. They both",zukwag,shared,@interest/VERB,,,,,same word as interest/VERB
1264,consent,VERB,50,The text is based on translations from the Grimms’ Kinder und Hausmärchen by Edgar Taylor and Marian Edwardes. THE GOLDE,glagdhazek,invented,,tudondin,drudurang,khunrazka,,
1265,merry,ADJ,50,"Hans was delighted as he sat on the horse, drew himself up, squared his elbows, turned out his toes, cracked his whip, a",skrogobun,invented,,udurir,awakank,grodena,,
1266,twice,ADV,49,"Rapunzel grew into the most beautiful child under the sun. When she was twelve years old, the enchantress shut her into ",dalalmuk,invented,,graruzuk,gulizba,galgrelang,,
1267,test,VERB,48,"In a bustling city full of towering buildings and bright lights lived two best friends, Timmy the Tester and Sally the S",barongiz,invented,,trukalkhu,khamdoran,darontan,,
1268,spell,NOUN,49,"She mumbled something to herself, seized the nightingale, and went away with it in her hand. Poor Jorindel saw the night",rureth,invented,,windril,ranthrug,alangruk,,
1269,edge,NOUN,48,"It was a bright, sunny day and Tommy Turtle was out exploring the meadow. He came across a big pile of rocks that he had",gratriz,invented,,skagrang,khintal,dromthaz,,
1272,taste,NOUN,48,"Once upon a time, in the beautiful city of Cagliari, Italy, there lived four friends named Marco, Sofia, Luca, and Giada",grazkom,shared,@taste/VERB,,,,,same word as taste/VERB
1273,recover,VERB,49,"And now what happened? The sausage started in search of wood, the bird made the fire, and the mouse put on the pot, and ",itdhrak,invented,,klatuk,growag,dufta,,
1274,round,NOUN,49,Now that very day the hundred years were ended; and as the prince came to the thicket he saw nothing but beautiful flowe,rongdran,shared,@round/ADJ,,,,,same word as round/ADJ
1276,intend,VERB,49,"And now the best food was cooked for poor Hansel, but Gretel got nothing but crab-shells. Every morning the woman crept ",smingoth,invented,,wungronk,skaror,gruzdol,,
1278,benefit,NOUN,47,"Once upon a time, in a town called Melody Meadows, lived two best friends named Bella the Butterfly and Sammy the Squirr",karazku,invented,,laribul,zuzodang,trordushu,,
1279,crowd,NOUN,48,"Once upon a time, in a small town named Sunnyville, lived two best friends - Timmy the Tortoise and Benny the Bird. They",gubkal,invented,,nakwel,dagdha,egant,,
1280,insight,NOUN,47,"In a bustling town filled with vibrant colors and exciting events, lived two best friends named Alex and Taylor. They we",kulbam,invented,,stonek,khazhug,ginmak,,
1281,bold,ADJ,49,"The coast once clear, our travellers soon sat down and dispatched what the robbers had left, with as much eagerness as i",gamumboz,invented,,mabarin,kuzangrot,gilanok,,
1283,difficulty,NOUN,48,"One sunny day, Liz and her friend Tim were playing in the park. They decided to take a break and have some lunch.  Liz s",glizan,invented,,skalark,balan,dumdag,,
1284,measure,NOUN,48,"After some time the young queen heard her husband say in his dreams at night: ‘Boy, make me the doublet, and patch the p",kakthrol,shared,@measure/VERB,,,,,same word as measure/VERB
1286,straw,NOUN,49,The text is based on translations from the Grimms’ Kinder und Hausmärchen by Edgar Taylor and Marian Edwardes. THE GOLDE,zorkhan,invented,,dunot,dingan,kalkhril,,
1287,emerge,VERB,47,"Once upon a time, in a small town called New Meliora, lived two best friends, Max and Lily. They were fascinated by stor",zhuzba,invented,,rungret,horeng,zangthut,,
1288,nation,NOUN,48,"“What is your name, what is your family, and from what country do you come?” “I am the son of the prime minister of a gr",unglang,invented,,hangrez,ramrong,dhrunmal,,
1289,forward,ADJ,49,"And so they travelled; the shadow was master, and the master was the shadow; they drove with each other, they rode and w",rokon,shared,@forward/ADV,,,,,same word as forward/ADV
1290,settle,VERB,48,"The bear and the wolf grew uneasy, and turned back and went into their holes. The young willow-wrens, however, continued",dengul,invented,,azdhrol,dathsmal,skrulun,,
1291,extreme,ADJ,48,"SECOND STORY. A Little Boy and a Little Girl In a large town, where there are so many houses, and so many people, that t",kimdam,invented,,klagarn,zimgink,vozard,,
1292,figure,NOUN,48,"And now the old king gathered together his court, and asked all his kingdom to come and celebrate the wedding of his son",undresh,shared,@figure/VERB,,,,,same word as figure/VERB
1296,possess,VERB,48,"‘Good day, Mrs Cat of Kehrewit, How comes it that alone you sit? What are you making good?’ ‘In milk I'm breaking bread ",eraf,invented,,kezern,namink,zorkhazh,,
1297,presence,NOUN,48,"Then he called to the miser, and said, ‘Tell us now, you vagabond, where you got that gold, or I shall play on for your ",zozhuk,invented,,grabuld,lulgan,tadik,,
1298,soul,NOUN,48,"When Sunday came, and it was time for the girl to start, a feeling of dread came over her which she could not explain, a",mizarl,invented,,krangrel,gratwaz,dhrurobu,,
1299,achieve,VERB,46,"Once upon a time, in a small town named Knowville, lived two best friends - Smarty the ant and Brainy the butterfly. The",donul,invented,,durnu,slegraz,thrabka,,
1302,temperature,NOUN,46,"On a sunny day in Classyville, all the students were excitedly preparing for their annual science fair! This year, two b",duldrune,invented,,gunrobung,zurirok,gronribin,,
1303,item,NOUN,46,Little baker Andy loved making and selling delicious birthday cakes! He would buy all sorts of sweet ingredients like fl,wadard,invented,,khalor,skretan,grimuk,,
1304,reaction,NOUN,46,"Once upon a time, in the bustling halls of Beaumont High School, there was a talented basketball team known as the Wildc",dwotram,invented,,roblarn,tatul,valdrekh,,
1305,equal,VERB,46,"Long, long ago in a bustling town named Alpha, there was a famous English school known for its excellent teaching method",khargan,shared,@equal/ADJ,,,,,same word as equal/ADJ
1306,style,NOUN,46,"Once upon a time, in the city of Musicville, lived two best friends named Melody and Harmony. They loved to sing and dan",khrazhrul,invented,,kalzhurl,dizkin,glengruz,,
1307,fountain,NOUN,48,"‘Open the door, my princess dear, Open the door to your true love here! And mind the words that you and I said By the fo",grozhruf,invented,,thrazhag,nuzerk,gralkhon,,
1308,drag,VERB,48,"One of these lucky beings was neighbour Hans. Seven long years he had worked hard for his master. At last he said, ‘Mast",zarbrom,invented,,kangdhrar,grothal,irkhuf,,
1309,government,NOUN,46,"Once upon a time, in a small town called Harmonyville, there lived two best friends named Sam and Alex. They were both c",kokal,invented,,vangrul,montun,damthok,,
1310,visit,NOUN,47,"An hour or two afterwards the landlord got up, and took his handkerchief to wipe his face, but the pin ran into him and ",skogruka,shared,@visit/VERB,,,,,same word as visit/VERB
1311,afterward,ADV,47,"She ran on as fast as she could. There then came a whole regiment of snow-flakes, but they did not fall from above, and ",wazbisaz,invented,,gubata,skrururom,zatazil,,
1312,instruction,NOUN,46,"Little Timmy loved learning about language and science. One day, his teacher gave him a special assignment - to check if",granmoth,invented,,gomung,trakud,angdra,,
1313,universe,NOUN,46,"Once upon a time, in a faraway land called Jerusalem, lived a kind and wise man named Ezra. Ezra loved learning about th",truzbat,invented,,zhukang,agris,dwukrung,,
1314,harm,VERB,46,"In the bright, sunny town of Springburg, lived two best friends - Timmy the rabbit and Sally the squirrel. They loved ex",thrathgaz,shared,@harm/NOUN,,,,,same word as harm/NOUN
1315,astonish,VERB,47,"But she was mistaken; for when night came again she heard the same tapping at the door; and the frog came once more, and",nuzkarin,invented,,azkazhru,utrungka,zhalugran,,
1317,unhappy,ADJ,47,"And now what happened? The sausage started in search of wood, the bird made the fire, and the mouse put on the pot, and ",ulgrub,invented,,glanral,grarozh,golon,,
1319,anymore,ADJ,45,"In the land down under, on an enchanting island called Tasmania, lay a magical city named Hobart. Sara, a curious little",khrazh,shared,@anymore/ADV,,,,,same word as anymore/ADV
1320,impact,NOUN,45,"Once upon a time in a small town called Eco-ville, lived two best friends named Bella and Finn. They both loved explorin",kantard,invented,,nashskut,gazhug,drardil,,
1321,invention,NOUN,45,"Once upon a time, in a small town called New Meliora, lived two best friends, Max and Lily. They were fascinated by stor",rardug,invented,,gratral,senrul,nilunk,,
1323,detail,NOUN,45,"In a bustling city full of towering buildings and bright lights lived two best friends, Timmy the Tester and Sally the S",thakurl,invented,,grantong,thrubar,domtha,,
1325,behavior,NOUN,45,"In a bustling city full of towering buildings and bright lights lived two best friends, Timmy the Tester and Sally the S",wangthrab,invented,,giku,grikund,dhrebul,,
1326,charm,VERB,47,"He came into a spacious outward court, where everything he saw might have frozen the most fearless person with horror. T",bungok,invented,,drograk,glangak,hulgink,,
1327,reward,NOUN,46,"The little tailor demanded of the king the promised reward; he, however, repented of his promise, and again bethought hi",bonut,invented,,grulush,barkhang,tunbaf,,
1328,tongue,NOUN,46,"Hans brushed his coat, wiped his face and hands, rested a while, and then drove off his cow quietly, and thought his bar",akinkash,invented,,nuzungrof,dabangla,dwubane,,
1332,mean,NOUN,46,"After he had travelled a little way, he spied a dog lying by the roadside and panting as if he were tired. ‘What makes y",gralol,invented,,grosku,urbuzk,grakdhik,,
1333,examine,VERB,45,"In a cozy classroom filled with curious little creatures called Fuzzles, their teacher, Ms. Sparkle, presented them with",zerag,invented,,waskif,braduz,klamluk,,
1334,graceful,ADJ,45,"Once upon a time in the magical land of Fashville, there lived two best friends named Tilly the Tutu Fairy and Zara the ",zazkum,invented,,kingak,rezun,dunkvik,,
1337,rapid,ADJ,45,"In the heart of Bogotá, a bustling city known for its vibrant culture and friendly people, there stood a beautiful old b",dhreruk,invented,,lizam,wungos,grovark,,
1339,describe,VERB,45,"In a bustling playground, lived two best friends - Benny the butterfly and Sammy the sparrow. They spent their days expl",nontak,invented,,gizkat,godrulk,grikwam,,
1340,ecosystem,NOUN,44,"Once upon a time, in a small town called Harmonyville, lived three best friends - Alex the Ant, Benny the Bee, and Cathy",krakakal,invented,,erkirak,zakibkaz,gangrunka,,
1341,empathy,NOUN,44,In a quiet neighborhood lived a kind scientist named Mr. Johnson. He had recently gotten married to a lovely woman named,bagalend,invented,,thronurdiz,rendrilal,shazalak,,
1342,explorer,NOUN,44,Once a little explorer named Alex was on a mission to find hidden treasures in the land of vectors. Alex had a magical c,dizoz,invented,,zolgro,yaref,slerm,,
1343,flavor,NOUN,44,"Once upon a time, in the beautiful city of Cagliari, Italy, there lived four friends named Marco, Sofia, Luca, and Giada",algral,invented,,ardok,gobol,zizharba,,
1344,further,ADJ,45,"One sunny day, Timmy and his robot friend Tilly decided to make breakfast together. They wanted to make scrambled eggs, ",bulamrom,invented,,dranugish,wazbuzbun,thanruzhru,,
1346,concern,VERB,45,"In a small town in Texas lived a funny yet peculiar man named Jack Griffith, also known as Papa to his two daughters, Au",simbat,shared,@concern/NOUN,,,,,same word as concern/NOUN
1347,conclusion,NOUN,44,"Long, long ago in a bustling town named Alpha, there was a famous English school known for its excellent teaching method",skrabol,invented,,bazrut,ratazak,thrarenshum,,
1348,obtain,VERB,46,"“Do you now see,” said Care, “what happiness your Galoshes have brought to mankind?” “To him, at least, who slumbers her",dirandra,invented,,zanirgruz,tromduzob,kamazhun,,
1351,supper,NOUN,46,"After they had travelled along a little way, they met a needle and a pin walking together along the road: and the needle",laha,invented,,boloth,guntal,dhroliz,,
1352,repeat,VERB,45,"The forester climbed up, brought the child down, and thought to himself: ‘You will take him home with you, and bring him",thrimabkan,invented,,olgraze,ranefdal,vomlizal,,
1353,example,NOUN,44,"One sunny day, Little Timmy decided to watch a new movie he had been excited about. As the credits rolled, his face fell",kazhan,invented,,draskaf,dhralgak,dranglal,,
1354,army,NOUN,45,"The bear and the wolf grew uneasy, and turned back and went into their holes. The young willow-wrens, however, continued",grungil,invented,,elkraz,klalguz,dhrodrut,,
1355,depth,NOUN,45,"Her second sister was soon after married, and when Lily was asked to go to the wedding, she said to the prince, ‘I will ",thrurul,invented,,dutag,zagrog,kitrum,,
1356,luck,NOUN,45,"Time passed on again, and the youngest son too wished to set out into the wide world to seek for the golden bird; but hi",borkangoz,invented,,uruta,yarangrur,hafthrazez,,
1357,conduct,VERB,44,"Once upon a time, in a small town named Explorville, lived two best friends - Benny the Beaver and Sammy the Squirrel. T",vabako,invented,,grahamuz,drikundu,zengobank,,
1358,anger,NOUN,45,"Thus Chanticleer was left alone with his dead Partlet; and having dug a grave for her, he laid her in it, and made a lit",skrudin,invented,,dengdrang,dhrengkor,luruz,,
1359,distant,ADJ,44,"Once upon a time, in a land called Rogaland, there lived two best friends named Kai and Signe. They loved exploring thei",bruzorn,invented,,wugaz,kunkil,balgom,,
1362,belief,NOUN,44,"Once upon a time, in a small town called Harmonyville, there lived two best friends named Sam and Alex. They were both c",bobkon,invented,,draguk,zenink,draskag,,
1363,individual,ADJ,43,"Once upon a time, in a small town called Veggiville, lived four friends named Zoey Zucchini, Sammy Spinach, Benny Beet, ",gangildrik,invented,,alkhranun,mukofdan,krurebat,,
1364,program,NOUN,43,"In a bustling town called Dataville, lived two best friends, Sammy the Software Engineer and Alex the Application Develo",dargan,invented,,dhrunun,ziman,flungron,,
1365,property,NOUN,44,"One sunny day, Timmy and his robot friend Tilly decided to make breakfast together. They wanted to make scrambled eggs, ",namdurul,invented,,grakamzham,dikagdruz,gebez,,
1366,propose,VERB,44,"Once upon a time, in a small town called Harmonyville, there lived two best friends named Sam and Alex. They were both c",zanglal,invented,,smankon,zilgral,grarkhal,,
1368,midst,NOUN,45,"And then the prince and Briar Rose were married, and the wedding feast was given; and they lived happily together all th",naharn,invented,,duziz,smibak,shazak,,
1369,flight,NOUN,44,"Once upon a time, in a small town called Rocketville, lived two best friends named Sam and Alex. They were both curious ",khakflul,invented,,krogrur,trangat,klikard,,
1371,seat,VERB,45,"‘Oh, indeed?’ answered the little tailor, and unbuttoned his coat, and showed the giant the girdle, ‘there may you read ",drakwab,shared,@seat/NOUN,,,,,same word as seat/NOUN
1372,customer,NOUN,43,"Once upon a time in a small town called Eco-ville, lived two best friends named Bella and Finn. They both loved explorin",modrak,invented,,skranud,thrikdal,kromba,,
1373,failure,NOUN,43,"In a bustling city full of towering buildings and bright lights lived two best friends, Timmy the Tester and Sally the S",nungal,invented,,mukrang,gozhkraz,sanglazk,,
1374,support,NOUN,43,"Once upon a time, in a small town named Harmonyville, lived Grandma Appleberry and her little grandson, Timmy. They both",wunu,shared,@support/VERB,,,,,same word as support/VERB
1375,control,VERB,43,"Once upon a time, three animal friends named Sammy the spider monkey, Pedro the puma, and Maria the macaw lived in the l",thribat,shared,@control/NOUN,,,,,same word as control/NOUN
1376,performance,NOUN,43,"Once upon a time, in a small town named Knowville, lived two best friends - Smarty the ant and Brainy the butterfly. The",drazud,invented,,thraror,zamlak,zomena,,
1377,chariot,NOUN,45,"Without seeming to have noticed anything, he said, in a confidential way: “Not that I have any dislike to the Fairy of t",krigrom,invented,,dinkazh,dhriran,walbot,,
1378,dreadful,ADJ,45,"‘O man of the sea! Hearken to me! My wife Ilsabill Will have her own will, And has sent me to beg a boon of you!’ ‘What ",zenuz,invented,,namgang,ardurd,brandir,,
1379,salt,NOUN,44,"And now what happened? The sausage started in search of wood, the bird made the fire, and the mouse put on the pot, and ",tazunink,invented,,berokond,iriful,strirahaz,,
1381,courage,NOUN,44,"The next thing she came to was a little house, and there she saw an old woman looking out, with such large teeth, that s",valkhrof,invented,,karosh,mangthrok,gliwak,,
1382,expression,NOUN,43,"Once upon a time, in the bustling halls of Beaumont High School, there was a talented basketball team known as the Wildc",grida,invented,,gengin,mizaz,zarkhek,,
1383,lip,NOUN,44,"One of these lucky beings was neighbour Hans. Seven long years he had worked hard for his master. At last he said, ‘Mast",klunul,invented,,bulbun,brungnak,gobath,,
1387,fortune,NOUN,44,"As he came to the next village, he saw a scissor-grinder with his wheel, working and singing, ‘Over hill and over dale S",skrakuz,invented,,molin,aldrash,kulthrozal,,
1390,analyze,VERB,42,"In a bustling city full of towering buildings and bright lights lived two best friends, Timmy the Tester and Sally the S",danorm,invented,,rugaz,thrikarg,gimgas,,
1391,app,NOUN,42,"In a bustling city full of towering buildings and bright lights lived two best friends, Timmy the Tester and Sally the S",mabna,invented,,skolgal,yamun,dwaruk,,
1392,nutrient,NOUN,42,"Once upon a time, in a land far away, there was a magical forest where all different kinds of animals lived together in ",dhrintiz,invented,,dazkonk,bratzuk,drazez,,
1393,messenger,NOUN,44,"At the birth of her first little child she was very glad, and forgot the dwarf, and what she had said. But one day he ca",dolunk,invented,,singnal,uzgunt,vindeg,,
1394,relationship,NOUN,42,"Once upon a time, in a small town named Harmonyville, lived Grandma Appleberry and her little grandson, Timmy. They both",dhravog,invented,,kabruz,girgra,vugrash,,
1395,revelation,NOUN,42,"Once upon a time, in a small town named Happyville, lived three best friends - Timmy the Turtle, Sally the Squirrel, and",berab,invented,,bagre,bazhril,vokrunt,,
1396,crop,NOUN,42,"In the bustling city of Cleveland, a baby boy named Albert B. White was born. As he grew up, his curiosity bloomed like ",dwuguk,invented,,vasko,wabar,dhrorel,,
1397,grief,NOUN,44,"Rapunzel grew into the most beautiful child under the sun. When she was twelve years old, the enchantress shut her into ",ankakord,invented,,doluma,drikubaz,deraskrak,,
1398,journey,VERB,43,"So the woodman at last said he would sell Tom to the strangers for a large piece of gold, and they paid the price. ‘Wher",khrunok,shared,@journey/NOUN,,,,,same word as journey/NOUN
1399,term,NOUN,42,"In a bustling town filled with scholars, lived two curious siblings named Mei and Xiao. They were both passionate about ",gruleng,invented,,graldos,slabnan,dirdu,,
1402,inch,NOUN,42,"It was a sunny day and Billy, Madison, and Ryan were having a picnic in the park. They were eating juicy, red watermelon",atak,invented,,engraz,gogok,hondal,,
1404,content,NOUN,42,"Once upon a time, in a small town named Happyville, lived three best friends - Timmy the Turtle, Sally the Squirrel, and",erkazh,invented,,nindram,drarkhor,grongral,,
1405,festival,NOUN,42,"In a bustling town filled with vibrant colors and exciting events, lived two best friends named Alex and Taylor. They we",daranma,invented,,butonkal,grululik,venrokung,,
1408,stable,ADJ,43,"‘Nibble, nibble, gnaw, Who is nibbling at my little house?’ and went on eating without disturbing themselves. Hansel, wh",warogung,invented,,urunma,roragrig,grurkizu,,
1410,color,VERB,42,"Pedro estaba muy interesado en aprender sobre las nubes y cómo funcionaban. Un día, mientras observaba el cielo con sus ",klatash,shared,@color/NOUN,,,,,same word as color/NOUN
1411,height,NOUN,42,"One sunny day, Tommy and his little sister Lucy decided to go on an adventure. They packed some sandwiches, water bottle",ranoz,invented,,grawik,vagum,thrunglong,,
1413,lover,NOUN,43,"When she had gone away, the girl got up and went to her sweetheart, who was called Roland, and knocked at his door. When",ingruk,invented,,darkholg,dwuntut,okikan,,
1414,cruel,ADJ,43,"And then the prince and Briar Rose were married, and the wedding feast was given; and they lived happily together all th",drazkela,invented,,frarufru,grazkarun,zazare,,
1415,damage,VERB,41,"Once upon a time, in a small town named Artville, there was a wonderful museum called ""Marvelous Museum."" It had many ex",grangrong,invented,,urtrom,khandrar,gratin,,
1417,navigate,VERB,41,"Once upon a time, three animal friends named Sammy the spider monkey, Pedro the puma, and Maria the macaw lived in the l",ebak,invented,,adurn,kvuron,thrukar,,
1418,someday,ADV,41,"In a bustling city full of towering buildings and bright lights lived two best friends, Timmy the Tester and Sally the S",zinstal,invented,,zhakok,vomdur,grehuz,,
1419,twinkle,VERB,41,"In a bustling town filled with curious kids, lived two bright young scientists named Jamie and Danny. They both loved ex",grorokh,invented,,drundu,ezkunt,drazhrin,,
1420,unforeseen,ADJ,41,"Once upon a time, in a small town named Harmonyville, lived Grandma Appleberry and her little grandson, Timmy. They both",dundil,invented,,nasiz,kvekul,zakardaz,,
1424,claim,VERB,42,"The humorous poem was admirably recited, and the speaker much applauded. Among the audience was the young man of the hos",kukdaz,invented,,dhrarith,threngam,dekil,,
1425,restore,VERB,42,"When they had eaten and drank, and were very merry, the old king said he would tell them a tale. So he began, and told a",thrazink,invented,,gulgog,drozush,rerut,,
1426,identify,VERB,41,"In a classroom full of curious little creatures called Glibbers, their teacher, Mrs. Spellwell, announced an exciting ac",galfith,invented,,grulard,kekak,durat,,
1428,speech,NOUN,42,"When the time came for them to set out, the fairy went into her bed-chamber, and took a little knife, and cut off a lock",zunilid,invented,,ungratrez,ahabluk,kukogwin,,
1429,pure,ADJ,42,The text is based on translations from the Grimms’ Kinder und Hausmärchen by Edgar Taylor and Marian Edwardes. THE GOLDE,drodruf,invented,,gonrin,skangkal,lizskol,,
1430,silent,ADJ,42,"She carried him down, and then with loud screams she hastened to the boy's father, ‘Your boy,’ cried she, ‘has been the ",gasku,invented,,hinol,dhragrud,dhrarban,,
1432,accompany,VERB,42,The whole city was talking of the splendid cloth which the Emperor had ordered to be woven at his own expense. And now t,vambar,invented,,ulfin,hinkan,vorud,,
1433,myth,NOUN,42,"Produced by the Online Distributed Proofreading Team at https://www.pgdp.net/ Author of ""The Myths of Greece and Rome"" e",zandro,invented,,khrugag,kazhtund,halgord,,
1434,worth,ADJ,41,"Once upon a time, in a town called Harmonyville, lived two best friends, Benny the Bunny and Melody the Mouse. They love",druwa,invented,,zaboz,zodral,kvuzkun,,
1435,expert,NOUN,40,"Once upon a time, in a small town named Harmonyville, lived Grandma Appleberry and her little grandson, Timmy. They both",ingorm,invented,,grazhak,kokthroz,kiksol,,
1436,guidance,NOUN,40,"Once upon a time, in a faraway land called Jerusalem, lived a kind and wise man named Ezra. Ezra loved learning about th",onduzak,invented,,rakulda,orimbu,brizaran,,
1437,habitat,NOUN,40,"Once upon a time, in a bustling city called Manhattan, there lived a curious little mouse named Max. Max wanted to buy h",skobingal,invented,,uzarun,kogulan,durika,,
1438,photosynthesis,NOUN,40,"Once upon a time, in a small town named Harmonyville, lived Grandma Appleberry and her little grandson, Timmy. They both",monruk,invented,,mandruk,drimul,grobkiz,,
1440,strategy,NOUN,40,"Once upon a time, in a small town named Harmonyville, lived three best friends - Timmy the Tortoise, Sally the Squirrel,",kimingark,invented,,damosuf,anekkhung,sersaruk,,
1441,enthusiasm,NOUN,40,"It was a bright, sunny day and Lucy was so excited! She had been preparing for her big science project presentation at s",dralerwan,invented,,baldrakam,zurarbak,gunglakat,,
1442,fancy,VERB,42,"Little Red-Cap raised her eyes, and when she saw the sunbeams dancing here and there through the trees, and pretty flowe",azbeg,shared,@fancy/ADJ,,,,,same word as fancy/ADJ
1443,damage,NOUN,40,"In a small village on the windswept shores of the Shetland Islands, two curious children named Erin and Liam lived. They",grangrong,shared,@damage/VERB,,,,,same word as damage/VERB
1444,communicate,VERB,40,"Once upon a time, in the town of LOLville, lived two best friends named Chuckle and Guffaw. They were both famous comedi",unduzh,invented,,donkar,udrankul,skelabruz,,
1445,handle,VERB,40,"Once upon a time, in a small town named Harmonyville, lived three best friends - Timmy the Tortoise, Sally the Squirrel,",dhrageb,invented,,khrunril,kluzel,skilkuz,,
1446,landscape,NOUN,40,"Once upon a time, in a small town named Harmonyville, lived Grandma Appleberry and her little grandson, Timmy. They both",bengnor,invented,,thrazon,kungkhral,zegrand,,
1448,set,NOUN,40,"Little Coder was working hard on their latest project - they were trying to calculate something called the ""bivariate Po",gruzkas,shared,@set/VERB,,,,,same word as set/VERB
1449,wooden,ADJ,41,"Time passed on again, and the youngest son too wished to set out into the wide world to seek for the golden bird; but hi",vodreziz,invented,,tanguzu,arugoz,urwadrung,,
1450,deal,NOUN,41,"One of these lucky beings was neighbour Hans. Seven long years he had worked hard for his master. At last he said, ‘Mast",thranin,invented,,nozag,grazkib,rugdhak,,
1451,scarce,ADJ,41,"She promised her godmother she would not fail of leaving the ball before midnight; and then away she drives, scarce able",uburun,invented,,agozkan,narulgra,izika,,
1454,occasion,NOUN,41,"After this he rode up the glass mountain. When he reached the gate of the castle, he found it closed, but he gave it a b",umgirul,invented,,dragdhaga,kalukar,grugerez,,
1456,sound,ADJ,40,"One sunny day, Little Timmy decided to watch a new movie he had been excited about. As the credits rolled, his face fell",zushukral,shared,@sound/NOUN,,,,,same word as sound/NOUN
1457,evil,ADJ,41,"Just as eleven of them had done blessing her, a great noise was heard in the courtyard, and word was brought that the th",kashzan,invented,,smarun,zagwaz,zharlun,,
1458,carriage,NOUN,41,"When they had eaten and drank, and were very merry, the old king said he would tell them a tale. So he began, and told a",durakiz,invented,,rangumful,gradurarz,alafrung,,
1460,about,ADJ,41,"Thus Chanticleer was left alone with his dead Partlet; and having dug a grave for her, he laid her in it, and made a lit",gadrarn,invented,,skuruz,drongrin,ardam,,
1461,boar,NOUN,41,"Soon afterwards the wolf came and wished him joy, and said, ‘Now, my good fellow, you must tell no tales, but turn your ",rinruz,invented,,grilum,thronruk,ziftaz,,
1462,breast,NOUN,41,"The little tailor went forth, and the hundred horsemen followed him. When he came to the outskirts of the forest, he sai",dubkak,invented,,dakdaz,frudul,kongrash,,
1463,digital,ADJ,39,"In a bustling city full of towering buildings and bright lights lived two best friends, Timmy the Tester and Sally the S",slirn,invented,,dimdak,skoskaz,vuzhrend,,
1464,gentleman,NOUN,41,"Hans brushed his coat, wiped his face and hands, rested a while, and then drove off his cow quietly, and thought his bar",vinguz,invented,,umor,kakis,grarboz,,
1465,persistence,NOUN,39,"Deep beneath the ocean surface, in a world full of color and mystery, lived two best friends named Finnley the Anglerfis",wugral,invented,,brungiz,dornond,zadu,,
1466,product,NOUN,39,It was a grand day at the palace! All the debutantes were getting ready for their big entrance into society. Do you know,vestrat,invented,,grugral,kvator,engras,,
1468,slave,NOUN,41,"‘O man of the sea! Hearken to me! My wife Ilsabill Will have her own will, And has sent me to beg a boon of you!’ ‘Well,",irkara,invented,,dukilgur,uzongan,gazarir,,
1469,stuff,NOUN,40,"Once upon a time, in a faraway land called Hollywood, there was a group of very smart people called filmmakers. They lov",mokandrab,invented,,onora,unashklal,gruziku,,
1470,intently,ADV,39,"In a small town named Curiosityville lived two best friends, Timmy the Tortoise and Kara the Kitten. They loved explorin",kigaz,invented,,wakdu,ilum,drihum,,
1472,benefit,VERB,39,"Once upon a time, in a small town called Harmonyville, lived three best friends - Alex the Ant, Benny the Bee, and Cathy",karazku,shared,@benefit/NOUN,,,,,same word as benefit/NOUN
1473,correct,ADJ,39,"It was a sunny day and Billy, Madison, and Ryan were having a picnic in the park. They were eating juicy, red watermelon",wanlum,invented,,urbur,umink,dhragdhan,,
1474,disease,NOUN,39,"Once upon a time, in a small village named Greensville, lived two best friends - Sammy the farmer and Benny the biologis",baragkra,invented,,rugrugal,hingagrong,karekaz,,
1476,massive,ADJ,39,"Once upon a time, in a small town called Rocketville, lived two best friends named Sam and Alex. They were both curious ",dumdur,invented,,nadob,zundur,donam,,
1477,cause,NOUN,40,"Then Clever Elsie began to weep and said: ‘If I get Hans, and we have a child, and he grows big, and we send him into th",engrozk,shared,@cause/VERB,,,,,same word as cause/VERB
1478,desire,NOUN,40,"Thus Chanticleer was left alone with his dead Partlet; and having dug a grave for her, he laid her in it, and made a lit",thangro,shared,@desire/VERB,,,,,same word as desire/VERB
1480,explanation,NOUN,39,"In a bustling town, there was a big decision to be made. Mr. Investor was thinking about putting money into a new movie ",dambiz,invented,,grushuz,dhongrun,hukon,,
1483,hasty,ADJ,40,"The king had a son of eight years, who was once playing in the courtyard, and while he was playing, his golden ball fell",thala,invented,,harkhank,sazhrung,gikarz,,
1484,guard,NOUN,40,"All went right, and the groom lay snoring with his hand upon the golden saddle. But when the son looked at the horse, he",drarash,invented,,slakok,dokof,grubuk,,
1485,prefer,VERB,39,"Once upon a time, in the city of Musicville, lived two best friends named Melody and Harmony. They loved to sing and dan",grutu,invented,,vitrul,dandrus,goduz,,
1486,renew,VERB,39,"Once upon a time, in a small town named Harmonyville, lived three best friends - Timmy the Tortoise, Sally the Squirrel,",franon,invented,,gundag,ungnark,grokuth,,
1487,scene,NOUN,39,"Once upon a time, in a faraway land called Hollywood, there was a group of very smart people called filmmakers. They lov",dimath,invented,,mathguz,dwenank,grozog,,
1491,region,NOUN,39,"Once upon a time, three animal friends named Sammy the spider monkey, Pedro the puma, and Maria the macaw lived in the l",shurbek,invented,,oshkan,durbosh,hungungal,,
1492,remove,VERB,39,In a land of data lived tiny creatures called Bytes. They had special powers to store and process information in their h,beringral,invented,,trazhalan,agrirboz,rukor,,
1493,hunger,NOUN,40,"And then the prince and Briar Rose were married, and the wedding feast was given; and they lived happily together all th",hozkul,invented,,molgrul,dhradro,klidik,,
1494,attempt,NOUN,39,"Once upon a time, in a small town named Harmonyville, lived Grandma Appleberry and her little grandson, Timmy. They both",dongkhuk,invented,,angkhrak,throbu,gratunk,,
1496,afterwards,ADV,40,"After he had travelled a little way, he spied a dog lying by the roadside and panting as if he were tired. ‘What makes y",gabok,invented,,vunkoz,babaz,graking,,
1497,abode,NOUN,40,"The coast once clear, our travellers soon sat down and dispatched what the robbers had left, with as much eagerness as i",zorarkhang,invented,,bamardo,khunerun,dhrutkazan,,
1498,assure,VERB,40,"Thereupon the old woman led her behind a large cask, which quite hid her from view. ‘Keep as still as a mouse,’ she said",bigdhazh,invented,,zuzkil,ezhron,brirak,,
1499,cottage,NOUN,40,"There was once a fisherman who lived with his wife in a pigsty, close by the seaside. The fisherman used to go out all d",ekthra,invented,,elgab,vakazaz,kalagan,,
1500,dove,NOUN,40,Now there was once a maiden whose name was Jorinda. She was prettier than all the pretty girls that ever were seen befor,duzdaz,invented,,zhadrul,mimluk,kobok,,
1502,poet,NOUN,40,Such verses as these people write when they are in love! But no man in his senses ever thinks of printing them. Here one,zikthrangan,invented,,dingthrungun,koraku,uradok,,
1503,satisfy,VERB,40,"The coast once clear, our travellers soon sat down and dispatched what the robbers had left, with as much eagerness as i",wubran,invented,,kukash,kralmoz,gakkhalg,,
1504,request,NOUN,39,"In a bustling town full of colorful buildings and friendly faces, lived two curious little robots named Joule and Watt. ",ulgon,invented,,throngkak,sazgurd,skrinek,,
1505,adversity,NOUN,38,"Once upon a time, in a small town named Harmonyville, lived Grandma Appleberry and her little grandson, Timmy. They both",mugu,invented,,gakdak,dita,khagur,,
1506,album,NOUN,38,"Once upon a time, in the city of Musicville, lived two best friends named Melody and Harmony. They loved to sing and dan",gonoz,invented,,okil,zangnorm,zendurg,,
1507,harmful,ADJ,38,"Once upon a time in the beautiful city of Amsterdam, there lived two best friends named Anna and Ben. They loved explori",nardel,invented,,gegral,garlat,glandug,,
1508,research,VERB,38,"Deep beneath the ocean surface, in a world full of color and mystery, lived two best friends named Finnley the Anglerfis",kokrik,shared,@research/NOUN,,,,,same word as research/NOUN
1509,soccer,NOUN,38,"In a bustling town, there were three soccer clubs: Wrexham, Tranmere Rovers, and Northwich Victoria. Every child in the ",driskof,invented,,shabek,thrawaz,benol,,
1510,worker,NOUN,38,"It was a sunny day and Timmy was walking to his old school with his friend, Lucy. They were both excited because they ha",dhrezhun,invented,,threkul,gregrang,skebunk,,
1511,exercise,NOUN,38,"Once upon a time, in a small town named Happyville, lived three best friends - Timmy the Turtle, Sally the Squirrel, and",thingkhru,invented,,grarath,gashzhar,kroruz,,
1512,personal,ADJ,38,"Once upon a time, in a small town named Explorville, lived two best friends - Benny the Beaver and Sammy the Squirrel. T",borbazh,invented,,strado,shandrak,khashud,,
1513,rely,VERB,38,"Once upon a time in Cyberville, there was a smart little robot named Byte. Byte loved learning about all things technolo",goruzerd,invented,,gutukflik,gekflikal,khurbazak,,
1515,individual,NOUN,38,"Once upon a time, in the bustling halls of Beaumont High School, there was a talented basketball team known as the Wildc",gangildrik,shared,@individual/ADJ,,,,,same word as individual/ADJ
1516,list,NOUN,38,"In a bustling town full of curious creatures called the ""Codewonders,"" everyone spoke the language of technology. They l",hanbat,invented,,sawor,uzkud,alant,,
1517,struggle,NOUN,39,"Yes; it was not a very polite epistle from the manager of a theatre, in which both pieces were flatly refused. “Hem! hem",hutaz,shared,@struggle/VERB,,,,,same word as struggle/VERB
1519,plenty,NOUN,39,"So on he jogged, and all seemed now to go right with him: he had met with some misfortunes, to be sure; but he was now w",dhrankiz,invented,,zengik,erdril,dindresh,,
1522,reassure,VERB,38,In a quiet neighborhood lived a kind scientist named Mr. Johnson. He had recently gotten married to a lovely woman named,glezak,invented,,muzag,khurkal,krigarn,,
1523,office,NOUN,39,"Presently she came to the top of a hill, down the side of which there was a road so narrow that the cart wheels always c",dabunt,invented,,zangrint,dhrandok,nikarn,,
1524,habit,NOUN,38,"Once upon a time, in a small town named Healthville, lived a kind and caring girl named Lily. She took great care of her",grengo,invented,,grudgul,grasash,khardond,,
1525,grant,VERB,39,"When they had eaten and drank, and were very merry, the old king said he would tell them a tale. So he began, and told a",drabnumak,invented,,valongnant,akutrel,sordrok,,
1527,deal,VERB,38,"In a classroom full of curious little creatures called Glibbers, their teacher, Mrs. Spellwell, announced an exciting ac",thranin,shared,@deal/NOUN,,,,,same word as deal/NOUN
1529,sparrow,NOUN,39,"And then the prince and Briar Rose were married, and the wedding feast was given; and they lived happily together all th",trungon,invented,,thranub,ombund,drarkhiz,,
1530,resemble,VERB,39,"And now the old king gathered together his court, and asked all his kingdom to come and celebrate the wedding of his son",tuzirak,invented,,dalbonet,rakrushwan,vizuna,,
1531,dear,NOUN,38,In a quiet neighborhood lived a kind scientist named Mr. Johnson. He had recently gotten married to a lovely woman named,dhrozk,shared,@dear/ADJ,,,,,same word as dear/ADJ
1532,elder,NOUN,38,"Once upon a time, in a town called Melody Meadows, lived two best friends named Bella the Butterfly and Sammy the Squirr",granant,invented,,gonka,zharark,vunku,,
1533,fulfil,VERB,39,"A king and queen once upon a time reigned in a country a great way off, where there were in those days fairies. Now this",wutakul,invented,,barganglung,drabazhon,nengraga,,
1534,opinion,NOUN,38,"One sunny day, Alex decided to build a new app! They wanted their friends to help test it out. So, they sent invites to ",klarogu,invented,,dawandroz,sazorbank,rorbadund,,
1535,version,NOUN,38,"One sunny day, Little Timmy decided to watch a new movie he had been excited about. As the credits rolled, his face fell",gangranbok,invented,,uzdindak,trararkan,zaketin,,
1536,hut,NOUN,39,"At the birth of her first little child she was very glad, and forgot the dwarf, and what she had said. But one day he ca",stozh,invented,,kurdol,wamleth,grorkhog,,
1537,sorrowful,ADJ,39,"All went right, and the groom lay snoring with his hand upon the golden saddle. But when the son looked at the horse, he",khabrosh,invented,,wuzand,dhrurbal,grebar,,
1538,adaptation,NOUN,37,"Deep beneath the ocean surface, in a world full of color and mystery, lived two best friends named Finnley the Anglerfis",mizdarak,invented,,skruruzib,mazaraz,dubazo,,
1540,calculation,NOUN,37,"It was a sunny day and Billy, Madison, and Ryan were having a picnic in the park. They were eating juicy, red watermelon",razkaz,invented,,mumga,zurind,grirguk,,
1542,grain,NOUN,38,"Then she threw the peas down among the ashes, but the little maiden ran out at the back door into the garden, and cried ",throzal,invented,,rubur,grerund,badririm,,
1543,promote,VERB,37,"Once upon a time in the beautiful city of Amsterdam, there lived two best friends named Anna and Ben. They loved explori",maskungunk,invented,,garurkhak,zanganbak,garegik,,
1544,user,NOUN,37,"In a bustling city full of towering buildings and bright lights lived two best friends, Timmy the Tester and Sally the S",thrilfon,invented,,nazba,khukuk,zorush,,
1545,mark,VERB,38,"‘Alas! alas! if your mother knew it, Sadly, sadly, would she rue it.’ And as she leaned down to drink, the lock of hair ",lurkhul,invented,,kongram,geldrel,thruzaz,,
1546,nestle,VERB,37,"One bright, beautiful day, Lucy and her little brother Tommy discovered a secret place in the woods – a quiet, magical f",skrangag,invented,,zarkhel,grengre,truzet,,
1547,stun,VERB,37,"Little Timmy loved learning about science and history, so every day after school, he would visit his wise friend Mr. Map",grabku,invented,,ruzkuk,nengraz,dhrilek,,
1548,observation,NOUN,37,"Little Coder was working hard on their latest project - they were trying to calculate something called the ""bivariate Po",ambin,invented,,zulfuk,gromik,ruzhrurn,,
1549,topic,NOUN,37,"Once upon a time, in a small town named Harmonyville, lived three best friends - Timmy the Tortoise, Sally the Squirrel,",grakrul,invented,,grazal,druzid,sekrin,,
1550,possibility,NOUN,37,"In a bustling town filled with vibrant colors and exciting events, lived two best friends named Alex and Taylor. They we",bandrukil,invented,,dalbaskul,zebrakal,gibalgrul,,
1552,silence,NOUN,38,"When Sunday came, and it was time for the girl to start, a feeling of dread came over her which she could not explain, a",vobeng,invented,,walek,zirkam,thagorn,,
1553,store,VERB,37,In a land of data lived tiny creatures called Bytes. They had special powers to store and process information in their h,hormaz,shared,@store/NOUN,,,,,same word as store/NOUN
1554,deserve,VERB,38,"All went right, and the groom lay snoring with his hand upon the golden saddle. But when the son looked at the horse, he",khrikdon,invented,,wekrik,krumro,nankin,,
1555,desert,NOUN,37,"In the heart of the hot, sandy desert, there lived two best friends named Amira and Khalil. Even though they lived in a ",rezhaz,invented,,holdral,khakthra,morkhaz,,
1556,fate,NOUN,38,Now there was once a maiden whose name was Jorinda. She was prettier than all the pretty girls that ever were seen befor,aldrana,invented,,graliluk,galfinak,thrizhrazan,,
1557,misfortune,NOUN,38,"So on he jogged, and all seemed now to go right with him: he had met with some misfortunes, to be sure; but he was now w",skenba,invented,,thrathwam,drangrul,gatkhul,,
1558,tremble,VERB,38,Now there was once a maiden whose name was Jorinda. She was prettier than all the pretty girls that ever were seen befor,skobarg,invented,,tazor,thrizur,vangul,,
1559,continual,ADJ,38,"And little Tukey lay in his bed: it seemed to him as if he dreamed, and yet as if he were not dreaming; however, somebod",usiz,invented,,strubuz,wezhung,grishal,,
1560,sorrow,NOUN,38,"Hans was delighted as he sat on the horse, drew himself up, squared his elbows, turned out his toes, cracked his whip, a",ringam,invented,,hangronk,dushgrok,galthran,,
1565,marvellous,ADJ,38,"In the warm lands every window has a balcony, and the people came out on all the balconies in the street--for one must h",skarlal,invented,,shurin,zilgru,zankel,,
1566,morrow,NOUN,38,"Hans was delighted as he sat on the horse, drew himself up, squared his elbows, turned out his toes, cracked his whip, a",grurdu,invented,,bulgaf,babrim,zurbun,,
1567,pearl,NOUN,38,"She mumbled something to herself, seized the nightingale, and went away with it in her hand. Poor Jorindel saw the night",dwagralul,invented,,skrinurak,khrordaruk,danelkhre,,
1568,swear,VERB,38,"Soon afterwards the wolf came and wished him joy, and said, ‘Now, my good fellow, you must tell no tales, but turn your ",dangava,invented,,bekwatur,gratorloz,bikazun,,
1569,terrify,VERB,38,"They went on together, and as they passed a cherry-tree, the giant laid hold of the top of the tree where the ripest fru",almakak,invented,,skudatra,zahabkam,awangnez,,
1572,gadget,NOUN,36,"Once upon a time in Cyberville, there was a smart little robot named Byte. Byte loved learning about all things technolo",onba,invented,,tuzkorz,brilun,sokralg,,
1573,overall,ADJ,36,"Once upon a time, in a small town named Happyville, lived three best friends - Timmy the Turtle, Sally the Squirrel, and",zuzan,invented,,drelun,zidorn,glibag,,
1574,sustainable,ADJ,36,"Once upon a time in a small town called Eco-ville, lived two best friends named Bella and Finn. They both loved explorin",dingril,invented,,glumda,gikat,kangur,,
1576,nevertheless,ADV,37,"‘Oh, indeed?’ answered the little tailor, and unbuttoned his coat, and showed the giant the girdle, ‘there may you read ",gavar,invented,,kirkin,kalgir,zenthru,,
1578,continuous,ADJ,36,"In a bustling town called Dataville, lived two best friends, Sammy the Software Engineer and Alex the Application Develo",zoskarz,invented,,grunkizh,thruzeb,zangebak,,
1579,professor,NOUN,36,"Long, long ago in a bustling town named Alpha, there was a famous English school known for its excellent teaching method",kugiz,invented,,guskank,wararkhuz,kimgirol,,
1580,citizen,NOUN,36,"Once upon a time, in a small town called Harmonyville, there lived two best friends named Sam and Alex. They were both c",arandrig,invented,,khumulthrat,unkogro,akrakruz,,
1581,risk,NOUN,36,"In a small town in Texas lived a funny yet peculiar man named Jack Griffith, also known as Papa to his two daughters, Au",saradoz,invented,,dhranguzkoz,kazanggo,bokoldruf,,
1582,complete,VERB,36,"Once upon a time in a land far away, there was a magical school called Nottingham Trent University. This school had spec",tragrala,shared,@complete/ADJ,,,,,same word as complete/ADJ
1583,conquer,VERB,37,"The little tailor went onwards, always following his own pointed nose. After he had walked for a long time, he came to t",dhragug,invented,,engal,krumil,grungeku,,
1584,fuel,NOUN,36,"In a tiny village lived busy little cells. They were always working hard, carrying out important tasks. But they had one",abon,invented,,skarkhol,mungdrak,dombor,,
1585,left,ADJ,37,"Rapunzel grew into the most beautiful child under the sun. When she was twelve years old, the enchantress shut her into ",smazan,invented,,nargru,uzhrush,gruzern,,
1586,warm,VERB,37,"When she had gone away, the girl got up and went to her sweetheart, who was called Roland, and knocked at his door. When",vorog,shared,@warm/ADJ,,,,,same word as warm/ADJ
1587,rule,VERB,37,"Before long the sexton came by and saw his master, the parson, running behind three girls. He was astonished at this and",rukan,shared,@rule/NOUN,,,,,same word as rule/NOUN
1588,substance,NOUN,36,"In a small town named Curiosityville lived two best friends, Timmy the Tortoise and Kara the Kitten. They loved explorin",gokang,invented,,thrangrat,olbraz,dhazuz,,
1590,public,ADJ,36,"Once upon a time in the beautiful city of Amsterdam, there lived two best friends named Anna and Ben. They loved explori",barora,invented,,kitzarash,ardonik,thrarakuz,,
1591,foe,NOUN,37,"So the young man set out to seek his fortune. And he gaed a’ that day, and a’ the next day; and on the third day, in the",gungruz,invented,,kuldrag,tinbugrob,banorkhath,,
1594,solemn,ADJ,37,"I had sent so many petitions for my liberty that his Majesty at length mentioned the matter in a full council, where it ",bengikraz,invented,,kurkhunga,drezkava,dugrakag,,
1595,leave,NOUN,37,"All went right, and the groom lay snoring with his hand upon the golden saddle. But when the son looked at the horse, he",briba,shared,@leave/VERB,,,,,same word as leave/VERB
1597,rate,NOUN,36,"Once upon a time in the beautiful Eastern Cape, there was a little town called Skillville. This town had lots of kind pe",grerlak,invented,,dahok,dhrirag,ikrongat,,
1599,grasp,VERB,36,"Little Timmy loved learning about science and history, so every day after school, he would visit his wise friend Mr. Map",drobas,invented,,dindram,langre,grimid,,
1600,amuse,VERB,37,"‘Alas! alas! if your mother knew it, Sadly, sadly, would she rue it.’ And as she leaned down to drink, the lock of hair ",wungakflu,invented,,bebuzuk,duromdar,bazengu,,
1601,eagle,NOUN,37,Then the chamberlains came and brought her the most beautiful robes; and her father and his whole court were there alrea,glazakaz,invented,,bongugrum,zordonrul,grokhbarel,,
1602,likewise,ADV,37,"In a village dwelt a poor old woman, who had gathered together a dish of beans and wanted to cook them. So she made a fi",fladul,invented,,huzhrin,shalbun,thregru,,
1603,pity,NOUN,37,"All went right, and the groom lay snoring with his hand upon the golden saddle. But when the son looked at the horse, he",dhramlaz,invented,,kronduz,dagik,granfal,,
1604,everyday,ADJ,35,"One sunny day, Little Timmy decided to watch a new movie he had been excited about. As the credits rolled, his face fell",glizuk,invented,,dobom,nunek,ginfle,,
1605,harmonious,ADJ,35,"Once upon a time, in a town called Melody Meadows, lived two best friends named Bella the Butterfly and Sammy the Squirr",grakush,invented,,manbar,ikim,wukrur,,
1606,aid,NOUN,36,"Her second sister was soon after married, and when Lily was asked to go to the wedding, she said to the prince, ‘I will ",skrodam,invented,,vakos,virin,skrizhok,,
1607,comfort,VERB,36,"After some time the young queen heard her husband say in his dreams at night: ‘Boy, make me the doublet, and patch the p",ulgrin,invented,,zhabun,labash,zenak,,
1608,training,NOUN,35,"Once upon a time, in the bustling city of Seattle, lived two best friends named Russell and Max. Russell was a football ",riwun,invented,,zazdar,zadgrong,bandrang,,
1609,alike,ADV,35,"In the heart of the sparkling blue ocean, there was a magnificent cruise ship called ""Explorer's Paradise."" This floatin",donand,invented,,angin,dingal,rozhrunulk,,
1610,burst,VERB,36,"In a village dwelt a poor old woman, who had gathered together a dish of beans and wanted to cook them. So she made a fi",tharobnid,invented,,hashthrudaz,dradunda,zurakik,,
1611,climate,NOUN,35,"Once upon a time, in a small town named Sunnyville, lived two best friends - Timmy the Tortoise and Benny the Bird. They",gratand,invented,,dokwal,draroth,ufruf,,
1612,cost,NOUN,35,Little baker Andy loved making and selling delicious birthday cakes! He would buy all sorts of sweet ingredients like fl,dralgat,invented,,kurgral,vagarz,threzaz,,
1613,descend,VERB,36,"Thus Chanticleer was left alone with his dead Partlet; and having dug a grave for her, he laid her in it, and made a lit",grukun,invented,,grazim,garbak,dugrik,,
1617,uneasy,ADJ,36,"Hans brushed his coat, wiped his face and hands, rested a while, and then drove off his cow quietly, and thought his bar",rakim,invented,,garbul,khanash,wezba,,
1620,assistance,NOUN,35,"Once upon a time, in a small town named Techville, lived two best friends – Alex and Jamie. They loved exploring new thi",kamdak,invented,,frongus,skekuk,gredral,,
1621,avoid,VERB,35,"Once upon a time, in a small town named Sunnyville, lived two best friends - Timmy the Tortoise and Benny the Bird. They",tatzhun,invented,,kahog,relut,grogdhash,,
1624,main,ADJ,35,"It was a sunny day in Music Town, where all the instruments lived happily together. One of the main attractions in Music",tumbok,invented,,glagar,khuwal,erwadat,,
1626,broad,ADJ,36,"‘O man of the sea! Hearken to me! My wife Ilsabill Will have her own will, And has sent me to beg a boon of you!’ ‘Well,",nohaz,invented,,skururn,azhruk,onash,,
1628,instrument,NOUN,35,"Once upon a time, in a town called Melody Meadows, lived two best friends named Bella the Butterfly and Sammy the Squirr",tondreg,invented,,kabrod,intuld,drashang,,
1629,metal,NOUN,35,"In a bustling city lived two young friends, Max and Lily, who were big fans of music. They loved to explore different ge",khugugru,invented,,skrorogak,vezabuf,arungrar,,
1630,boil,VERB,36,"The forester climbed up, brought the child down, and thought to himself: ‘You will take him home with you, and bring him",zogriz,invented,,mezut,arlunk,drakdug,,
1632,dwell,VERB,36,"The youth wandered on, and after some time came to a fortress where he begged for a night's lodging. ‘Yes,’ said the lor",gurik,invented,,zankhrag,wato,ringdret,,
1633,dwelling,NOUN,36,"The little tailor went onwards, always following his own pointed nose. After he had walked for a long time, he came to t",umgol,invented,,zodath,damdorl,grintun,,
1634,proceed,VERB,36,The watchman's spirit understood the language of the inhabitants of the moon pretty well. The Selenites* disputed variou,dobankid,invented,,thorbazka,zutaftro,azkangul,,
1636,tide,NOUN,35,"Little Sailor Sam was so excited! Today was the day he would take his small boat, the Sea Breeze, to Ayala Cove on Angel",throzik,invented,,zilkag,gobol,dwebrok,,
1637,approach,NOUN,35,"Once upon a time, in a small town called Harmonyville, there lived two best friends named Sam and Alex. They were both c",nazkar,shared,@approach/VERB,,,,,same word as approach/VERB
1639,draught,NOUN,36,Now that very day the hundred years were ended; and as the prince came to the thicket he saw nothing but beautiful flowe,gurezal,invented,,rinkoru,drakeron,gurongos,,
1641,shepherd,NOUN,36,"Hans was delighted as he sat on the horse, drew himself up, squared his elbows, turned out his toes, cracked his whip, a",urizo,invented,,gazuran,alkumva,uranguzk,,
1642,spear,NOUN,36,"She ran on as fast as she could. There then came a whole regiment of snow-flakes, but they did not fall from above, and ",dhrikrazhak,invented,,kimbordul,zekhalar,bregurong,,
1644,aware,ADJ,35,"‘Nibble, nibble, gnaw, Who is nibbling at my little house?’ and went on eating without disturbing themselves. Hansel, wh",dhreraror,invented,,ahangik,dokarnang,throsharak,,
1645,bar,NOUN,35,"They went on together, and as they passed a cherry-tree, the giant laid hold of the top of the tree where the ripest fru",brorazot,invented,,bubaral,satrutard,rintubor,,
1646,option,NOUN,34,"In the heart of the sparkling blue ocean, there was a magnificent cruise ship called ""Explorer's Paradise."" This floatin",grazshular,invented,,alaro,rethgorun,kalurirl,,
1647,restaurant,NOUN,34,"Once upon a time, in the beautiful city of Cagliari, Italy, there lived four friends named Marco, Sofia, Luca, and Giada",dubakash,invented,,vazhdhraguk,glaguraz,babulma,,
1648,total,NOUN,34,"Long, long ago in a bustling town named Alpha, there was a famous English school known for its excellent teaching method",dondrik,invented,,zasgral,skririf,khanbag,,
1649,traditional,ADJ,34,"Once upon a time in a small town called Eco-ville, lived two best friends named Bella and Finn. They both loved explorin",nenka,invented,,kindel,kandat,grazag,,
1651,hopeful,ADJ,34,"Once upon a time, in a land far away, there was a magical forest where all different kinds of animals lived together in ",ninok,invented,,kenal,nabet,grifran,,
1652,recipe,NOUN,34,"Once upon a time, in a small town called Veggiville, lived four friends named Zoey Zucchini, Sammy Spinach, Benny Beet, ",ginkuza,invented,,urkhural,zunanre,wafdibkun,,
1654,solar,ADJ,34,"Once upon a time, in a small town named Explorville, lived two best friends - Benny the Beaver and Sammy the Squirrel. T",ekronu,invented,,dangstaral,dranginum,thriduras,,
1655,blend,VERB,34,"Once upon a time, three animal friends named Sammy the spider monkey, Pedro the puma, and Maria the macaw lived in the l",krelum,invented,,khrakul,grarbat,ardusko,,
1658,industry,NOUN,34,"Once upon a time in a small town called Eco-ville, lived two best friends named Bella and Finn. They both loved explorin",borkurz,invented,,thruling,klanu,denarn,,
1659,echo,VERB,34,"Every morning, Sam and his robot brother, Bolt, raced against time to reach school. They had exactly 30 minutes to get t",zuzint,invented,,skanka,ringlal,theraz,,
1660,replace,VERB,34,"Once upon a time, in a small town named Happyville, lived three best friends - Timmy the Turtle, Sally the Squirrel, and",thanguring,invented,,dundukoz,dantikon,zazdardot,,
1661,endless,ADJ,34,"In a bustling cardboard city lived two best friends, Timmy the Triangle and Sally the Square. They loved to play games a",zitro,invented,,khangre,moldruz,grokrakh,,
1662,firm,ADJ,35,"In front of the house there was a court, in which grew a juniper-tree. One winter's day the wife stood under the tree to",kikda,invented,,skantha,grerkhazo,nazunsog,,
1663,foster,VERB,34,"Once upon a time, in a faraway land called Russia, there lived a kind and curious little girl named Anastasia. She loved",krimaz,invented,,butrash,undin,gruraf,,
1664,instance,NOUN,34,"Once upon a time, in a faraway land called Hollywood, there was a group of very smart people called filmmakers. They lov",rarandhrar,invented,,ozazguz,glaketaz,erdakan,,
1665,recent,ADJ,34,"Once upon a time, in a small town named Explorville, lived two best friends - Benny the Beaver and Sammy the Squirrel. T",zengkaz,invented,,grazuzh,darkhik,gardol,,
1666,thread,NOUN,35,"In a village dwelt a poor old woman, who had gathered together a dish of beans and wanted to cook them. So she made a fi",dhrubu,invented,,zishdhral,vularl,grarton,,
1668,plain,ADJ,35,"“Ah! we shall soon see that!” thought the old Queen-mother; however, she said not a word of what she was going to do; bu",landonk,invented,,lalkhra,bragval,grangnik,,
1669,capital,NOUN,35,"One of these lucky beings was neighbour Hans. Seven long years he had worked hard for his master. At last he said, ‘Mast",guldrok,invented,,glagdhaz,titrul,arkirk,,
1671,joyful,ADJ,35,"Then he was brought before the king, and the king said, ‘You shall never have my daughter unless in eight days you dig a",sabun,invented,,dibiz,zularkhug,glidrabak,,
1672,share,NOUN,34,"Little Karlee loved picnics in the park with her friends, Giana and Ansley. They would pack their favorite fruits, lay o",bazh,shared,@share/VERB,,,,,same word as share/VERB
1673,sole,ADJ,34,"In a faraway land called Guantanamo Bay, there were many animals who lived in harmony, except for two - Leo the Lion and",zanmenkul,invented,,amugrul,grikrikal,kokthralek,,
1675,summon,VERB,35,"The bear and the wolf grew uneasy, and turned back and went into their holes. The young willow-wrens, however, continued",babro,invented,,barwol,wangkil,ungkol,,
1676,fond,ADJ,35,"Time passed on again, and the youngest son too wished to set out into the wide world to seek for the golden bird; but hi",buban,invented,,wekard,gondrig,igdhalg,,
1677,host,NOUN,35,"One summer's morning a little tailor was sitting on his table by the window; he was in good spirits, and sewed with all ",golkla,invented,,irgrog,gakeng,gukath,,
1679,period,NOUN,34,"In a small village on the windswept shores of the Shetland Islands, two curious children named Erin and Liam lived. They",utze,invented,,dramgar,drokwat,nardo,,
1681,club,NOUN,34,"Once upon a time, in a small town named Knowville, lived two best friends - Smarty the ant and Brainy the butterfly. The",gamal,invented,,branglon,drezkag,sezand,,
1683,musician,NOUN,34,"Once upon a time, in a town called Melody Meadows, lived two best friends named Bella the Butterfly and Sammy the Squirr",rukif,invented,,dokkhraz,kardhaz,khragrik,,
1684,birth,NOUN,35,"On the same day that she cast out Rapunzel, however, the enchantress fastened the braids of hair, which she had cut off,",markol,invented,,zandraz,strulur,zaso,,
1685,gratitude,NOUN,34,"Once upon a time, in a small town named Harmonyville, lived Grandma Appleberry and her little grandson, Timmy. They both",kulthrol,invented,,flaba,ukflok,muldruf,,
1686,haste,NOUN,35,"The bridegroom, who during this recital had grown deadly pale, up and tried to escape, but the guests seized him and hel",marag,invented,,tukard,dhrizka,dridaz,,
1687,thief,NOUN,35,"A shepherd had a faithful dog, called Sultan, who was grown very old, and had lost all his teeth. And one day when the s",nagag,invented,,grangle,zorunk,zitvul,,
1688,will,NOUN,35,"There was once a fisherman who lived with his wife in a pigsty, close by the seaside. The fisherman used to go out all d",hahol,shared,@will/VERB,,,,,same word as will/VERB
1689,behold,VERB,35,Now there was once a maiden whose name was Jorinda. She was prettier than all the pretty girls that ever were seen befor,darurn,invented,,dukilk,akflok,warband,,
1691,fasten,VERB,35,"On the same day that she cast out Rapunzel, however, the enchantress fastened the braids of hair, which she had cut off,",krugrut,invented,,sunthrom,rundruz,garot,,
1692,miller,NOUN,35,"It also related that once when Red-Cap was again taking cakes to the old grandmother, another wolf spoke to her, and tri",motaz,invented,,grogond,mizgam,kabdhaz,,
1693,sake,NOUN,35,"‘Alas! alas! if your mother knew it, Sadly, sadly, would she rue it.’ And as she leaned down to drink, the lock of hair ",grukangrang,invented,,vangrizhar,kuzkarul,vorlakan,,
1694,smoke,NOUN,34,"One sunny day, Timmy and his robot friend Tilly decided to make breakfast together. They wanted to make scrambled eggs, ",glurin,invented,,vibun,tongrun,vangunk,,
1695,weary,ADJ,35,"One of these lucky beings was neighbour Hans. Seven long years he had worked hard for his master. At last he said, ‘Mast",kikon,invented,,vizong,grardal,woruka,,
1696,bend,VERB,34,"They went on together, and as they passed a cherry-tree, the giant laid hold of the top of the tree where the ripest fru",ungolmek,invented,,thrizazkak,dashazrak,tolaraz,,
1698,classroom,NOUN,33,"Once upon a time, in a small town named Harmonyville, lived Grandma Appleberry and her little grandson, Timmy. They both",drithak,invented,,grokwur,drurbaz,gararl,,
1699,generate,VERB,33,"Little Timmy loved learning about language and science. One day, his teacher gave him a special assignment - to check if",braka,invented,,kranbum,muror,kazul,,
1700,innovative,ADJ,33,"Once upon a time, in a small town named Explorville, lived two best friends - Benny the Beaver and Sammy the Squirrel. T",zalazond,invented,,gruhumak,zardugu,fluzazkuz,,
1702,pollution,NOUN,33,"Once upon a time, in a small town called Harmonyville, there lived two best friends named Sam and Alex. They were both c",izkhron,invented,,grombung,bunrat,wonkuz,,
1704,unpredictable,ADJ,33,"In a bustling city full of towering buildings and bright lights lived two best friends, Timmy the Tester and Sally the S",grerbek,invented,,ufdif,danun,dwerkhol,,
1705,virus,NOUN,33,"Deep in a lab, far, far away, lived two best friends, Amy the Antibody, and Virus Vex. They were both very curious about",akikthra,invented,,khruzulul,rubrizam,nashunku,,
1706,educate,VERB,33,"Once upon a time in a small town called Eco-ville, lived two best friends named Bella and Finn. They both loved explorin",thrakek,invented,,zalend,skrozar,klazbal,,
1707,site,NOUN,33,"In a small village on the windswept shores of the Shetland Islands, two curious children named Erin and Liam lived. They",rakukflun,invented,,wazbaka,grakablud,etraban,,
1708,agreement,NOUN,33,"One sunny day, Liz and her friend Tim were playing in the park. They decided to take a break and have some lunch.  Liz s",grabengoz,invented,,wendruzul,urarbin,darbokat,,
1709,pressure,NOUN,33,"In the bustling city of Cleveland, a baby boy named Albert B. White was born. As he grew up, his curiosity bloomed like ",tranroz,invented,,kumgor,zibgrel,stirag,,
1710,violent,ADJ,34,"Once upon a time there was a widow who had two daughters; one of them was beautiful and industrious, the other ugly and ",renbam,invented,,umard,nankul,skizharn,,
1711,supply,NOUN,33,"Once upon a time, in a peaceful village nestled between green hills, lived three best friends - Sally the scientist, Tim",fraban,invented,,dagdhaz,batond,skangal,,
1712,study,NOUN,33,"Once upon a time, in a small town named Harmonyville, lived three best friends - Timmy the Tortoise, Sally the Squirrel,",duth,shared,@study/VERB,,,,,same word as study/VERB
1713,talent,NOUN,33,"Once upon a time, in the bustling city of Bollywood, lived a famous actor named Nasser. He was known for his incredible ",kakazkun,invented,,kuldrulaz,korozaz,mordugro,,
1714,fashion,NOUN,33,"Once upon a time in a small town called Eco-ville, lived two best friends named Bella and Finn. They both loved explorin",dratwakar,invented,,skirizont,danulba,ingrika,,
1715,strive,VERB,33,"Once upon a time, in a land far away, there was a magical forest where all different kinds of animals lived together in ",onin,invented,,zokskal,ulthral,mazdank,,
1717,confusion,NOUN,33,"Once upon a time, in a faraway land called Jerusalem, lived a kind and wise man named Ezra. Ezra loved learning about th",galaka,invented,,veraraz,rarwagrat,gratrazol,,
1718,familiar,ADJ,33,"Once upon a time, in a small town called Veggiville, lived four friends named Zoey Zucchini, Sammy Spinach, Benny Beet, ",vunkongoz,invented,,kazhrenkoz,anagif,kandano,,
1719,perch,VERB,34,"After he had travelled a little way, he spied a dog lying by the roadside and panting as if he were tired. ‘What makes y",rurof,invented,,rirdur,dhrangan,skukor,,
1720,dash,VERB,34,"When the queen heard this she jumped for joy, and as soon as her little friend came she sat down upon her throne, and ca",dusak,invented,,rungnul,dufrarl,dudrunk,,
1721,despair,NOUN,34,Before the castle gate all was as the fox had said: so the son went in and found the chamber where the golden bird hung ,derkor,invented,,flokum,garnon,dralok,,
1722,flock,NOUN,34,"The next morning, as they were going through the dark gate, the poor girl looked up at Falada's head, and cried: ‘Bride,",werkora,invented,,waragrom,kunginal,dafdugot,,
1723,cease,VERB,34,"A king and queen once upon a time reigned in a country a great way off, where there were in those days fairies. Now this",grubarn,invented,,dikrank,khrumin,klibug,,
1724,heat,VERB,33,"One sunny day, Tommy and his little sister Lucy decided to go on an adventure. They packed some sandwiches, water bottle",smurl,shared,@heat/NOUN,,,,,same word as heat/NOUN
1726,command,VERB,34,"‘Nibble, nibble, gnaw, Who is nibbling at my little house?’ and went on eating without disturbing themselves. Hansel, wh",vandol,invented,,werik,duntiz,skrulaz,,
1727,attendant,NOUN,34,"‘O man of the sea! Hearken to me! My wife Ilsabill Will have her own will, And has sent me to beg a boon of you!’ ‘What ",kanglarg,invented,,murba,egank,thruzun,,
1728,breakfast,NOUN,33,"One sunny day, Timmy and his robot friend Tilly decided to make breakfast together. They wanted to make scrambled eggs, ",degrarak,invented,,okazral,morakot,mabakun,,
1731,harness,VERB,33,"Once upon a time, in a land called Scotland, there was a group of friendly animals who lived together in harmony. Among ",zorkumu,invented,,karushsma,bazdaga,sazribret,,
1732,permission,NOUN,33,"Once upon a time in Photoville, there was a friendly photographer named Freddie. Freddie loved taking pictures of the be",zarir,invented,,dhrazul,dazketh,anthruk,,
1735,invisible,ADJ,33,"Then she gave him a cloak, and said, ‘As soon as you put that on you will become invisible, and you will then be able to",kordruk,invented,,drurdal,strolil,likak,,
1736,warn,VERB,33,"By and by in came the masters of the cottage. Now they were seven little dwarfs, that lived among the mountains, and dug",grizolge,invented,,aturath,murungkon,anagal,,
1738,environmental,ADJ,32,"Once upon a time, in a small town called Harmonyville, there lived two best friends named Sam and Alex. They were both c",rasdrak,invented,,kanbof,bubrak,monbazk,,
1739,wealth,NOUN,33,The text is based on translations from the Grimms’ Kinder und Hausmärchen by Edgar Taylor and Marian Edwardes. THE GOLDE,thrinboz,invented,,vonar,mazalk,unkungra,,
1740,muscle,NOUN,32,"Once upon a time in Fitness Forest, there lived five friends named Hippy, Hammy, Shelly, Quinn, and Chris Chest. They lo",rirkhund,invented,,brungluz,zushdhrak,trilban,,
1741,disaster,NOUN,32,"It was a bright, sunny day and Lucy was so excited! She had been preparing for her big science project presentation at s",urdre,invented,,grezhhul,thrutrar,dorlil,,
1743,witness,VERB,32,"Once upon a time, in a small town called Rocketville, lived two best friends named Sam and Alex. They were both curious ",sorik,invented,,rokil,dozhuf,drulang,,
1744,opposite,ADJ,33,Then the gardener's eldest son set out and thought to find the golden bird very easily; and when he had gone but a littl,bondraz,invented,,grikirm,gluma,threftal,,
1747,apart,ADV,32,"Once upon a time, in a small town named Explorville, lived two best friends - Benny the Beaver and Sammy the Squirrel. T",tangnol,invented,,didang,gongkim,zhulol,,
1749,false,ADJ,33,"But the false bride said to the prince, ‘Dear husband, pray do me one piece of kindness.’ ‘That I will,’ said the prince",anunrarz,invented,,ibungral,welkhagrul,wibangrong,,
1752,guard,VERB,33,"‘Now comes your turn,’ said he to the young tailor; ‘sew the eggs and the young birds in them together again, so neatly ",drarash,shared,@guard/NOUN,,,,,same word as guard/NOUN
1753,leap,VERB,33,"On the same day that she cast out Rapunzel, however, the enchantress fastened the braids of hair, which she had cut off,",kangrazk,invented,,bozbak,uldrif,vanda,,
1754,part,VERB,33,Now there was once a maiden whose name was Jorinda. She was prettier than all the pretty girls that ever were seen befor,smath,shared,@part/NOUN,,,,,same word as part/NOUN
1755,fisherman,NOUN,33,The text is based on translations from the Grimms’ Kinder und Hausmärchen by Edgar Taylor and Marian Edwardes. THE GOLDE,bilumrak,invented,,emendruk,komunol,grozrun,,
1757,captain,NOUN,33,"The coast once clear, our travellers soon sat down and dispatched what the robbers had left, with as much eagerness as i",brululg,invented,,rulol,drenkath,wangu,,
1758,deed,NOUN,33,"And then the prince and Briar Rose were married, and the wedding feast was given; and they lived happily together all th",morkhu,invented,,brinkoz,frengul,grurkhol,,
1759,depart,VERB,33,"The little tailor went onwards, always following his own pointed nose. After he had walked for a long time, he came to t",klutroz,invented,,glazon,drobok,zadrang,,
1760,like,INTJ,32,In a land of data lived tiny creatures called Bytes. They had special powers to store and process information in their h,klal,shared,@like/VERB,,,,,same word as like/VERB
1761,test,NOUN,32,"Once upon a time, in a small town named Harmonyville, lived three best friends - Timmy the Tortoise, Sally the Squirrel,",barongiz,shared,@test/VERB,,,,,same word as test/VERB
1762,emblem,NOUN,33,"None but Odin and his wife and queen Frigga were privileged to use this seat, and when they occupied it they generally g",vorkha,invented,,tamuz,algulk,grimuz,,
1763,rage,NOUN,33,"He walked nearer than a hundred paces to it, and yet he did not become fixed as before, but found that he could go quite",kvorun,invented,,drival,imarn,klano,,
1764,regard,VERB,32,"In the heart of the sparkling blue ocean, there was a magnificent cruise ship called ""Explorer's Paradise."" This floatin",umingdraz,invented,,bengekthru,bakflanga,dwarokos,,
1765,entrance,NOUN,32,It was a grand day at the palace! All the debutantes were getting ready for their big entrance into society. Do you know,garazut,invented,,galfukwak,grimize,mingakol,,
1766,cost,VERB,32,"And then the prince and Briar Rose were married, and the wedding feast was given; and they lived happily together all th",dralgat,shared,@cost/NOUN,,,,,same word as cost/NOUN
1767,either,ADV,32,"There was once a queen who had a little daughter, still too young to run alone. One day the child was very troublesome, ",dhrolan,invented,,bronkaz,krizong,grongrar,,
1770,chemical,NOUN,31,"Once upon a time, in a small town named Happyville, lived three best friends - Timmy the Turtle, Sally the Squirrel, and",barkot,invented,,halong,morgriz,thrureth,,
1771,chime,VERB,31,"One sunny day, Sammy the scientist caterpillar was exploring his garden home. He loved learning about how plants grew an",gumlez,invented,,klazub,drelgak,dhraluz,,
1772,faith,NOUN,32,"‘Oh, indeed?’ answered the little tailor, and unbuttoned his coat, and showed the giant the girdle, ‘there may you read ",bazhal,invented,,dikunk,wazeng,grizhrash,,
1773,incorporate,VERB,31,"Once upon a time, in the town of LOLville, lived two best friends named Chuckle and Guffaw. They were both famous comedi",shangun,invented,,vagstal,olthron,grambor,,
1774,lightning,NOUN,32,"Then the man went shivering with fear; and as he was going down to the shore a dreadful storm arose, so that the trees a",tukol,invented,,khranku,glukraz,thrazhat,,
1776,painting,NOUN,31,"Once upon a time, in a small town named Harmonyville, lived Grandma Appleberry and her little grandson, Timmy. They both",gukso,invented,,kasuz,dwogan,dwazel,,
1777,planning,NOUN,31,"In the heart of the sparkling blue ocean, there was a magnificent cruise ship called ""Explorer's Paradise."" This floatin",lawoldral,invented,,fazkazun,grorunga,threrdarog,,
1778,red,NOUN,32,"Thereupon the old woman led her behind a large cask, which quite hid her from view. ‘Keep as still as a mouse,’ she said",zurl,shared,@red/ADJ,,,,,same word as red/ADJ
1779,reminder,NOUN,31,"Once upon a time, in a small town named Sunnyville, lived two best friends - Timmy the Tortoise and Benny the Bird. They",drazkor,invented,,dagdhant,thramat,hazro,,
1780,rhythm,NOUN,31,"Once upon a time, in the city of Musicville, lived two best friends named Melody and Harmony. They loved to sing and dan",irkhunk,invented,,diwag,hulthrang,throweth,,
1781,though,ADV,31,"Once upon a time, in a faraway land called Hollywood, there was a group of very smart people called filmmakers. They lov",klagokil,invented,,ruzona,lazera,ezathgrag,,
1783,cultural,ADJ,31,"Once upon a time, in the bustling city of San Francisco, lived four best friends - Sara the butterfly, Benny the bumbleb",kalgrib,invented,,gumgar,wurbu,bramlok,,
1785,accidentally,ADV,31,"Once upon a time, in the bustling city of Seattle, lived two best friends named Russell and Max. Russell was a football ",runam,invented,,shaga,trekrud,rigaman,,
1786,waiting,NOUN,32,"From this time forth no one invited the cat to be godmother, but when the winter had come and there was no longer anythi",threlu,invented,,ilgrung,thrukrin,buron,,
1787,society,NOUN,31,It was a grand day at the palace! All the debutantes were getting ready for their big entrance into society. Do you know,zoskuz,invented,,zuskut,zhutran,danarz,,
1788,any,ADV,32,"Then the fish came swimming to him, and said, ‘Well, what is her will? What does your wife want?’ ‘Ah!’ said the fisherm",kirdungnan,invented,,omsmarul,kezumaz,antunro,,
1789,melody,NOUN,31,"Once upon a time, in the city of Musicville, lived two best friends named Melody and Harmony. They loved to sing and dan",ukokil,invented,,kundurkhuk,zuzkaral,erorul,,
1790,yield,VERB,32,"Not long afterwards, there was once more great dearth throughout the land, and the children heard their mother saying at",brumdu,invented,,nathstul,zalank,thibaz,,
1791,record,NOUN,31,"Once upon a time, in the land of Athletica, lived three best friends - Speedy Sammy, Jumpy Jack, and Strong Sally. They ",imbolut,invented,,dudomik,mukonka,dhraragand,,
1792,secure,ADJ,31,"Once upon a time, in a small town named Safeplace, everyone felt very secure because of all the advanced security camera",dabel,shared,@secure/VERB,,,,,same word as secure/VERB
1793,seemingly,ADV,31,"In a bustling town filled with curious kids, lived two bright young scientists named Jamie and Danny. They both loved ex",algozkak,invented,,unathgek,urwamiz,uzgakath,,
1795,travel,NOUN,31,"Once upon a time, in a land called Rogaland, there lived two best friends named Kai and Signe. They loved exploring thei",lilazdag,shared,@travel/VERB,,,,,same word as travel/VERB
1796,noble,ADJ,32,"Hans was delighted as he sat on the horse, drew himself up, squared his elbows, turned out his toes, cracked his whip, a",arone,invented,,ungrabna,gakrowok,granida,,
1797,conceal,VERB,32,"As they were now set free, Roland said: ‘Now I will go to my father and arrange for the wedding.’ ‘Then in the meantime ",glagruz,invented,,kashkag,muzang,bubarm,,
1799,fling,VERB,32,"Hans was delighted as he sat on the horse, drew himself up, squared his elbows, turned out his toes, cracked his whip, a",egroz,invented,,krangrin,tilang,kozdard,,
1800,obey,VERB,32,"When the wild man had once more reached the dark forest, he took the boy down from his shoulder, and said to him: ‘You w",gingakal,invented,,vekalkuf,glizangraz,grurukrik,,
1801,pale,ADJ,32,Now there was once a maiden whose name was Jorinda. She was prettier than all the pretty girls that ever were seen befor,klorat,invented,,alarn,gilbal,zaskram,,
1802,worthy,ADJ,32,"So on he jogged, and all seemed now to go right with him: he had met with some misfortunes, to be sure; but he was now w",shantaz,invented,,narsloz,wanglil,drurkhak,,
1803,avenge,VERB,32,"The Sultan, who was sitting in his closet, mourning for his lost daughter, happened to look up, and rubbed his eyes, for",glaman,invented,,dankug,glagro,mindab,,
1804,calf,NOUN,32,"There was once a very old man, whose eyes had become dim, his ears dull of hearing, his knees trembled, and when he sat ",guzatalit,derived,@cow/NOUN+DIM,,,,,guzatal+DIM
1805,excellent,ADJ,31,"Once upon a time, in a small town called Harmonyville, lived three best friends - Alex the Ant, Benny the Bee, and Cathy",dongrim,invented,,afreth,kigrang,kvifdu,,
1806,fashion,VERB,32,"""Under the armpit grew, It is said of Hrim-thurs, A girl and boy together; Foot with foot begat, Of that wise Joetun, A ",dratwakar,shared,@fashion/NOUN,,,,,same word as fashion/NOUN
1807,resist,VERB,31,"Once upon a time, in a small town called Veggiville, lived four friends named Zoey Zucchini, Sammy Spinach, Benny Beet, ",thrakshal,invented,,thrulkam,ganon,khazil,,
1808,hand,VERB,31,"Thereupon she led the girl by the hand up to a broad gateway. The gate was opened, and as the girl passed through, a sho",dhruz,shared,@hand/NOUN,,,,,same word as hand/NOUN
1810,position,NOUN,31,"In a bustling town, there were three soccer clubs: Wrexham, Tranmere Rovers, and Northwich Victoria. Every child in the ",dwakor,invented,,bridik,wanrig,kvingril,,
1812,coal,NOUN,31,"The coast once clear, our travellers soon sat down and dispatched what the robbers had left, with as much eagerness as i",kingin,invented,,oduk,azkvag,dandez,,
1813,gradual,ADJ,31,"""And as th' last deep accents Of reconcilement and of blessing sounded; Lo! Ing'borg sudden enters, rich adorn'd With br",zonku,invented,,nugshaz,gazrog,skagun,,
1814,otherwise,ADV,31,"Time passed on again, and the youngest son too wished to set out into the wide world to seek for the golden bird; but hi",gototh,invented,,azkhra,gidral,grazral,,
1815,swift,ADJ,31,"After three days’ search, they found the hut. The Prince was still sitting by the door and had been so happy in the maid",rilha,invented,,mukdak,aftul,zelal,,
1816,appreciation,NOUN,30,"One bright, beautiful day, Lucy and her little brother Tommy discovered a secret place in the woods – a quiet, magical f",khaliz,invented,,mandang,sharam,digrid,,
1817,atom,NOUN,30,"In ancient Rome, there lived two best friends named Marcus and Brutus. They were both part of the distinguished gens Jun",irazkog,invented,,khrazashar,arbungan,zankabka,,
1818,available,ADJ,30,"Little James loved building things. One day, he was given the task to build a new parking lot for the town fair! The lot",kozar,invented,,skruger,alkhrar,kobkaz,,
1819,council,NOUN,31,The text is based on translations from the Grimms’ Kinder und Hausmärchen by Edgar Taylor and Marian Edwardes. THE GOLDE,kengrand,invented,,krekik,throlbal,katruk,,
1820,evolve,VERB,30,"Once upon a time, in the city of Musicville, lived two best friends named Melody and Harmony. They loved to sing and dan",glunaza,invented,,guzanu,lobalgrel,vardaldot,,
1821,multiple,ADJ,30,"Once upon a time, in a small town named Explorville, lived two best friends - Benny the Beaver and Sammy the Squirrel. T",trombak,invented,,grekak,wanduk,grenuk,,
1823,result,VERB,30,Once a little explorer named Alex was on a mission to find hidden treasures in the land of vectors. Alex had a magical c,dhrezdok,shared,@result/NOUN,,,,,same word as result/NOUN
1824,total,ADJ,30,"It was a bright, sunny day and Lucy was so excited! She had been preparing for her big science project presentation at s",dondrik,shared,@total/NOUN,,,,,same word as total/NOUN
1825,capture,VERB,30,"Once upon a time, in a small town called Veggiville, lived four friends named Zoey Zucchini, Sammy Spinach, Benny Beet, ",koku,invented,,nakwel,zilik,bungazk,,
1826,command,NOUN,31,"The poor soldier fell without injury on the moist ground, and the blue light went on burning, but of what use was that t",vandol,shared,@command/VERB,,,,,same word as command/VERB
1827,negative,ADJ,30,"Once upon a time, in a small town called Sandy Shores on the beautiful Cayman Islands, lived three best friends - Sally ",skazre,invented,,zhaduk,sungliz,wunkung,,
1828,surrounding,NOUN,30,"Once upon a time, in a faraway land called Russia, there lived a kind and curious little girl named Anastasia. She loved",higrak,invented,,dundrush,dhruzuk,ondebran,,
1829,development,NOUN,30,"In a bustling town called Dataville, lived two best friends, Sammy the Software Engineer and Alex the Application Develo",gringnut,invented,,garkhol,mobral,dwatun,,
1830,multiply,VERB,30,Once a little explorer named Alex was on a mission to find hidden treasures in the land of vectors. Alex had a magical c,burendraf,invented,,gagkhrorun,grikelga,kugungnuk,,
1831,underground,ADJ,31,"The poor soldier fell without injury on the moist ground, and the blue light went on burning, but of what use was that t",dhrukra,invented,,khundig,zhurol,zingrizk,,
1832,apartment,NOUN,31,"While expressing his wish, the charm of the shoes, which he had put on, began to work; the watchman entered into the bei",dentuz,invented,,zharol,garduz,strelul,,
1833,chat,VERB,30,"In a bustling town filled with vibrant colors and exciting events, lived two best friends named Alex and Taylor. They we",zangarz,invented,,drakurg,diwas,komritek,,
1834,layer,NOUN,30,"Deep in the Whispering Woods, lived two best friends, Timmy the Termite and Sally the Squirrel. They loved exploring the",tumdakar,invented,,galengel,kimbadal,gorgremag,,
1836,article,NOUN,30,"Deep in a lab, far, far away, lived two best friends, Amy the Antibody, and Virus Vex. They were both very curious about",larkur,invented,,gruralg,grazbat,borbriz,,
1837,officer,NOUN,31,"Meanwhile the miser crept out of the bush half-naked and in a piteous plight, and began to ponder how he should take his",wadro,invented,,zarod,dimbez,engdhrar,,
1838,quarter,NOUN,31,"They could not, however, reach the great city the first day; so when night came on, they went into a wood to sleep. The ",grunkon,invented,,brunruk,kaborl,trorung,,
1839,barrier,NOUN,30,"Once upon a time, in a bustling town called Techville, lived two curious kids named Alex and Jamie. They were always eag",zulkhuzbuz,invented,,kraraging,kriranur,hanraldu,,
1841,overhear,VERB,30,"In a bustling town called Dataville, lived two best friends, Sammy the Software Engineer and Alex the Application Develo",zambal,invented,,skulgur,grandom,arluk,,
1842,overwhelm,VERB,30,"Once upon a time, in a small town named Colorville, lived two best friends - Benny the Brainy Beaver and Polly the Playf",khrontik,invented,,khazrang,hundrik,khulol,,
1843,protection,NOUN,30,"Once upon a time in Cyberville, there was a smart little robot named Byte. Byte loved learning about all things technolo",groweng,invented,,thakom,grulunk,brarkhok,,
1844,heaven,NOUN,31,"Hans brushed his coat, wiped his face and hands, rested a while, and then drove off his cow quietly, and thought his bar",skuta,invented,,vakrin,afdhrum,bongul,,
1845,tender,ADJ,31,"Hans brushed his coat, wiped his face and hands, rested a while, and then drove off his cow quietly, and thought his bar",mazandral,invented,,gunugrok,zotrakus,grulongig,,
1846,tone,NOUN,31,"Now it so happened that on this very day the queen lost her most beautiful ring, and suspicion of having stolen it fell ",nantaz,invented,,darid,guruld,rezkan,,
1848,distinct,ADJ,30,"In a small village on the windswept shores of the Shetland Islands, two curious children named Erin and Liam lived. They",grorig,invented,,gogdwaz,kralarg,kvekurur,,
1849,flesh,NOUN,31,"When the time came the mother harnessed the horse to the cart, and put Tom into his ear; and as he sat there the little ",kakenril,invented,,ridalmuz,dromdaza,groldero,,
1850,frost,NOUN,31,"“The sweet air!” continued he of the police-office, in his dreamy imaginings; “how it reminds me of the violets in the g",zumda,invented,,garbul,enez,grengla,,
1851,bless,VERB,31,"An hour or two afterwards the landlord got up, and took his handkerchief to wipe his face, but the pin ran into him and ",dwalil,invented,,frara,khangon,ranglez,,
1852,cloak,NOUN,31,"Then she gave him a cloak, and said, ‘As soon as you put that on you will become invisible, and you will then be able to",grakwungob,invented,,kiliza,klikuzdaz,kakonu,,
1853,grieve,VERB,31,"A king and queen once upon a time reigned in a country a great way off, where there were in those days fairies. Now this",barang,invented,,kurkarz,dralibog,gendrangun,,
1854,kindly,ADJ,31,"Three days after my arrival, walking out of curiosity to the northeast coast of the island, I observed at some distance ",kvoskal,invented,,skobka,grokrun,kradrun,,
1855,mead,NOUN,31,"“Merciful God, where am I!” exclaimed he in agony; and while he so thought, all his ideas and feelings of overpowering d",ufdan,invented,,dwezhu,stuzun,rumoz,,
1856,overtake,VERB,31,"A shepherd had a faithful dog, called Sultan, who was grown very old, and had lost all his teeth. And one day when the s",batisez,invented,,vazuzhrezk,uranda,nalaza,,
1857,treatment,NOUN,30,"Once upon a time, in a small town named Harmonyville, lived three best friends - Timmy the Turtle, Sara the Squirrel, an",kukarkat,invented,,grorate,throrungud,graribnar,,
1858,interrupt,VERB,30,"Little Timmy loved learning about science and history, so every day after school, he would visit his wise friend Mr. Map",zangak,invented,,bawand,lintas,adolg,,
1859,trusty,ADJ,30,"Once upon a time in a land far away, there was a magical school called Nottingham Trent University. This school had spec",kangket,invented,,skrolong,nolkhash,olez,,
1860,past,ADJ,30,"Once upon a time, in a small town named Harmonyville, lived Grandma Appleberry and her little grandson, Timmy. They both",kazhut,invented,,drozga,ronif,dribkim,,
1863,beginning,NOUN,30,"The third brother met a huntsman, who took him with him, and taught him so well all that belonged to hunting, that he be",gramdut,invented,,shungruz,dhraros,graluzal,,
1866,guy,NOUN,29,"Little Levi loved exploring his backyard. One sunny day, he found five bright, yellow lemons hanging on the tree! He ran",dratarz,invented,,drogal,throgruz,gralgung,,
1867,limit,VERB,29,"In a bustling town called Dataville, lived two best friends, Sammy the Software Engineer and Alex the Application Develo",drobkak,invented,,dafreb,flaka,khagrorg,,
1868,sibling,NOUN,29,"In a town called Mystic Falls, where magical creatures roam, lived three brave kids named Timmy, Sarah, and Johnny. They",gangrik,invented,,hazer,gamdun,wungulg,,
1869,weave,VERB,30,"Rapunzel grew into the most beautiful child under the sun. When she was twelve years old, the enchantress shut her into ",natun,invented,,huklar,anrush,brunru,,
1870,impress,VERB,29,"It was a bright, sunny day and Lucy was so excited! She had been preparing for her big science project presentation at s",rakriru,invented,,thangazaz,drargahan,ugargur,,
1871,sunset,NOUN,29,"Once upon a time in the beautiful city of Amsterdam, there lived two best friends named Anna and Ben. They loved explori",azbakro,invented,,dagazuz,zutangrug,kaldurdaz,,
1872,widen,VERB,29,"Little Timmy loved learning about science and history, so every day after school, he would visit his wise friend Mr. Map",lingoskan,invented,,narangraz,ginguna,kharandin,,
1873,hearty,ADJ,30,"When the queen heard this she jumped for joy, and as soon as her little friend came she sat down upon her throne, and ca",klurkhal,invented,,grurkhok,halon,serork,,
1874,spectacle,NOUN,30,"No mishap overtook them; if they had stayed too late in the forest, and night came on, they laid themselves down near on",klazhak,invented,,rumla,bonkond,eringthrun,,
1875,thunder,NOUN,30,"Then the man went shivering with fear; and as he was going down to the shore a dreadful storm arose, so that the trees a",dangfrak,invented,,drantid,zakflo,klangok,,
1876,vary,VERB,29,"Deep beneath the ocean surface, in a world full of color and mystery, lived two best friends named Finnley the Anglerfis",threzil,invented,,zungdra,drorug,ratzuk,,
1877,tower,VERB,29,"In a bustling city full of towering buildings and bright lights lived two best friends, Timmy the Tester and Sally the S",zeza,shared,@tower/NOUN,,,,,same word as tower/NOUN
1879,collection,NOUN,29,"One sunny day, two groups of animal friends decided to go on a camping trip in the woods. Group P consisted of porcupine",kozut,invented,,dubat,skruzol,vongos,,
1880,display,VERB,29,"Little Timmy loved learning about science and history, so every day after school, he would visit his wise friend Mr. Map",rihank,invented,,vazkuz,ongruz,thangthruz,,
1882,freedom,NOUN,29,"Once upon a time, in a small town called Harmonyville, there lived two best friends named Sam and Alex. They were both c",nurkindu,invented,,lumibrong,werankak,narkhizal,,
1883,lively,ADJ,29,"Once upon a time, in the city of Musicville, lived two best friends named Melody and Harmony. They loved to sing and dan",oldrok,invented,,dazkurz,shuzin,abagul,,
1884,deceive,VERB,30,"Rapunzel grew into the most beautiful child under the sun. When she was twelve years old, the enchantress shut her into ",utikral,invented,,rardrilung,krazhunto,stodatzul,,
1885,evil,NOUN,30,"The youngest son fell to the bottom of the river's bed: luckily it was nearly dry, but his bones were almost broken, and",kashzan,shared,@evil/ADJ,,,,,same word as evil/ADJ
1886,hunting,NOUN,30,"After he had travelled a little way, he spied a dog lying by the roadside and panting as if he were tired. ‘What makes y",skuton,invented,,zengur,bataz,kozulk,,
1887,flee,VERB,30,"The bear and the wolf grew uneasy, and turned back and went into their holes. The young willow-wrens, however, continued",skanand,invented,,zalkhal,dhrorbuf,bargeg,,
1889,reign,VERB,30,"A king and queen once upon a time reigned in a country a great way off, where there were in those days fairies. Now this",ankalkhar,invented,,kulamlaz,grasebek,vanibarg,,
1890,devour,VERB,30,"Before long the cat was seized by another fit of yearning. She said to the mouse: ‘You must do me a favour, and once mor",zabnang,invented,,thugrung,skinkun,wurbu,,
1891,gay,ADJ,30,"So on he jogged, and all seemed now to go right with him: he had met with some misfortunes, to be sure; but he was now w",thikand,invented,,bantag,dwarkheg,karbizon,,
1892,principal,ADJ,30,"Now the king felt great joy at this, and commanded that his entire household should eat with him next day, and made a gr",grakozk,invented,,thruzin,gazkva,bumbag,,
1893,religion,NOUN,29,"Once upon a time, in a small town called Harmonyville, there lived two best friends named Sam and Alex. They were both c",domrura,invented,,nankagoz,khezalaz,rordruzin,,
1894,mass,NOUN,29,It was a grand day at the palace! All the debutantes were getting ready for their big entrance into society. Do you know,zigalar,invented,,izbugan,viraron,zogrena,,
1895,dismay,NOUN,29,"Several mice offered themselves for this mission and set out to find the young captain. “Captain,” said they, “go away q",drezuz,invented,,enthrur,flonolk,thrumor,,
1896,row,NOUN,29,"‘O man of the sea! Hearken to me! My wife Ilsabill Will have her own will, And has sent me to beg a boon of you!’ ‘What ",trugirm,invented,,wandrom,azbazk,gatundrok,,
1899,accurate,ADJ,28,"Once upon a time, in a town called Libertyville, lived three best friends named Sam, Alex, and Taylor. They were very cu",gonitat,invented,,erolal,serirak,zahulgom,,
1900,adaptability,NOUN,28,"Once upon a time, in a small town named Harmonyville, lived Grandma Appleberry and her little grandson, Timmy. They both",lukrar,invented,,yaralg,grazheth,grizrug,,
1902,conservation,NOUN,28,"In a tiny village lived busy little cells. They were always working hard, carrying out important tasks. But they had one",ugdharg,invented,,ganglu,brazam,thrimdas,,
1904,management,NOUN,28,"Once upon a time, in a small town named Harmonyville, lived three best friends - Timmy the Tortoise, Sally the Squirrel,",skrongudung,invented,,dangoskrul,ragrero,kritangok,,
1905,showcase,VERB,28,"In the heart of the sparkling blue ocean, there was a magnificent cruise ship called ""Explorer's Paradise."" This floatin",grodhru,invented,,fruzhaz,drogik,dolbul,,
1906,trunk,NOUN,29,"‘Oh, indeed?’ answered the little tailor, and unbuttoned his coat, and showed the giant the girdle, ‘there may you read ",rozuk,invented,,glamuz,bumgaf,skrozil,,
1907,virtual,ADJ,28,"Once upon a time, in a small town named Harmonyville, lived Grandma Appleberry and her little grandson, Timmy. They both",nadat,invented,,kvotrok,hantrut,vildrath,,
1908,access,NOUN,28,"Little Coder was working hard on their latest project - they were trying to calculate something called the ""bivariate Po",runkulbak,invented,,zakarboz,drangnaluz,dhribezul,,
1910,equipment,NOUN,28,"One sunny day, Alex decided to build a new app! They wanted their friends to help test it out. So, they sent invites to ",galfrug,invented,,kangku,zhumal,skezarl,,
1911,limit,NOUN,28,"In a bustling city full of towering buildings and bright lights lived two best friends, Timmy the Tester and Sally the S",drobkak,shared,@limit/VERB,,,,,same word as limit/VERB
1912,punishment,NOUN,29,"But when he began to hew down a tree, it was not long before he made a false stroke, and the axe cut him in the arm, so ",grungungran,invented,,grahadhrash,zelinkul,rugarkug,,
1913,celebration,NOUN,28,"Once upon a time, in the bustling city of San Francisco, lived four best friends - Sara the butterfly, Benny the bumbleb",gokurkha,invented,,grulutran,forarik,khangrangar,,
1914,shock,VERB,28,"In a bustling town called Jamahiriya, everyone lived happily under their wise leader, Captain Muammar Gaddafi. He had wr",skarkhan,invented,,kungkvik,sengrul,grugra,,
1915,duty,NOUN,29,"Once upon a time, a mouse, a bird, and a sausage, entered into partnership and set up house together. For a long time al",razdin,invented,,dawak,rutroz,zhuzundrul,,
1918,authority,NOUN,29,The watchman's spirit understood the language of the inhabitants of the moon pretty well. The Selenites* disputed variou,vankun,invented,,kadur,dadurg,khanro,,
1919,courtyard,NOUN,29,"Just as eleven of them had done blessing her, a great noise was heard in the courtyard, and word was brought that the th",barangthral,invented,,thrazerkhel,zamgashu,varkharoz,,
1920,instant,NOUN,29,"He next told them how he was king of the Golden Mountain, and was married to a princess, and had a son seven years old. ",gramrum,shared,@instant/ADJ,,,,,same word as instant/ADJ
1921,feature,NOUN,28,"One sunny day, Alex decided to build a new app! They wanted their friends to help test it out. So, they sent invites to ",drukurba,invented,,radsarkha,dronkatan,otoldral,,
1922,separate,ADJ,28,In a land of data lived tiny creatures called Bytes. They had special powers to store and process information in their h,dendru,invented,,khrungras,liluz,almor,,
1923,threat,NOUN,28,"Deep beneath the ocean surface, in a world full of color and mystery, lived two best friends named Finnley the Anglerfis",magtak,invented,,azorg,rungend,karkhot,,
1924,pink,NOUN,29,"The cook, however, thought to himself: ‘If the child has the power of wishing, and I am here, he might very easily get m",grangru,shared,@pink/ADJ,,,,,same word as pink/ADJ
1925,swallow,VERB,29,"From this time forth no one invited the cat to be godmother, but when the winter had come and there was no longer anythi",amgalg,invented,,duzhdal,thangdran,thulthrok,,
1926,assemble,VERB,29,"The bear and the wolf grew uneasy, and turned back and went into their holes. The young willow-wrens, however, continued",mandrof,invented,,lakrel,vazul,khangdru,,
1927,terror,NOUN,29,"Thus Chanticleer was left alone with his dead Partlet; and having dug a grave for her, he laid her in it, and made a lit",tarwaz,invented,,drelel,dumthin,mirkat,,
1928,modern,ADJ,28,"Once upon a time, in a town called Melody Meadows, lived two best friends named Bella the Butterfly and Sammy the Squirr",arnab,invented,,rorgru,gundrak,wutmuz,,
1929,ass,NOUN,29,"He walked nearer than a hundred paces to it, and yet he did not become fixed as before, but found that he could go quite",rakot,invented,,higrund,irkath,drungurgaf,,
1930,bargain,NOUN,29,"Hans was delighted as he sat on the horse, drew himself up, squared his elbows, turned out his toes, cracked his whip, a",hungran,invented,,khringoz,narlang,zumark,,
1931,cock,NOUN,29,"After he had travelled a little way, he spied a dog lying by the roadside and panting as if he were tired. ‘What makes y",nolthrarul,invented,,gratomo,ukambaz,azingazk,,
1932,meanwhile,ADJ,29,"“You must die, madam,” said he, “and that presently.” “Since I must die,” answered she (looking upon him with her eyes a",barbola,shared,@meanwhile/ADV,,,,,same word as meanwhile/ADV
1934,perish,VERB,29,"Now the king felt great joy at this, and commanded that his entire household should eat with him next day, and made a gr",britrut,invented,,gregarz,frurlak,thrazazk,,
1936,slipper,NOUN,29,Then first came two white doves in at the kitchen window; next came two turtle-doves; and after them came all the little,togdhal,invented,,stroga,grozkuth,dwukand,,
1937,thrust,VERB,29,"And now the best food was cooked for poor Hansel, but Gretel got nothing but crab-shells. Every morning the woman crept ",kanaz,invented,,zelthril,grashkhuk,grontang,,
1938,crack,VERB,28,"One sunny day, Timmy and his robot friend Tilly decided to make breakfast together. They wanted to make scrambled eggs, ",dubirk,invented,,sezunk,stamaz,zasaf,,
1940,separate,VERB,28,"In Musicville, where everyone loved to sing and dance, there was an annual competition called the Harmony Honors. Every ",dendru,shared,@separate/ADJ,,,,,same word as separate/ADJ
1943,attract,VERB,28,"One summer's morning a little tailor was sitting on his table by the window; he was in good spirits, and sewed with all ",glabarg,invented,,kathgung,throkru,vatal,,
1944,frequent,ADJ,28,"In the middle ages, when the belief in the old heathen deities was partly forgotten, the leader of the Wild Hunt was no ",dhrarong,invented,,miduz,drebshuf,sonkon,,
1945,breeze,NOUN,28,"But the false bride said to the prince, ‘Dear husband, pray do me one piece of kindness.’ ‘That I will,’ said the prince",duzgal,invented,,drunath,skonrel,grurog,,
1946,ceremony,NOUN,28,"It was not long before someone knocked at the house-door and called: ‘Open the door, dear children; your mother is here,",dhrardeg,invented,,thrakuzk,varuk,algalgiz,,
1947,evident,ADJ,28,"“Perhaps the same thing has happened to us,” he said, smiling sheepishly. “But, Princess, what can have led you here?” “",zhumend,invented,,vodurn,kharend,dahizk,,
1948,hurry,VERB,28,"While she was making the most of it, her master came and cried: ‘Hurry up, Gretel, the guest is coming directly after me",welthru,invented,,lobran,onguf,zinrul,,
1952,loose,ADJ,28,"‘Whither away, Hans?’ ‘To Gretel, mother.’ ‘Behave well, Hans.’ ‘I'll behave well. Goodbye, mother.’ ‘Goodbye, Hans.’ Ha",gorkhun,invented,,rangnel,zarish,dongundun,,
1954,athlete,NOUN,27,"Once upon a time, in the land of Sportsville, there lived four best friends named Goldie the Gymnast, Swimmy the Swimmer",bongaz,invented,,skrimiz,zibol,kakork,,
1955,benny,VERB,27,"Once upon a time, in a small town named Explorville, lived two best friends - Benny the Beaver and Sammy the Squirrel. T",krozash,invented,,serol,dalkhuz,dhrokank,,
1956,function,NOUN,27,In a land of data lived tiny creatures called Bytes. They had special powers to store and process information in their h,amakut,invented,,obkankar,granglarik,gazongan,,
1957,interact,VERB,27,It was a grand day at the palace! All the debutantes were getting ready for their big entrance into society. Do you know,numbun,invented,,dungaz,zazkenk,kiba,,
1958,location,NOUN,27,"Once upon a time, in a bustling city called Manhattan, there lived a curious little mouse named Max. Max wanted to buy h",rirag,invented,,drombam,grarazkir,flegumguz,,
1960,resident,NOUN,27,"Deep beneath the ocean surface, in a world full of color and mystery, lived two best friends named Finnley the Anglerfis",nandrul,invented,,strangung,gravin,driroz,,
1961,twinkle,NOUN,27,"Deep beneath the ocean surface, in a world full of color and mystery, lived two best friends named Finnley the Anglerfis",grorokh,shared,@twinkle/VERB,,,,,same word as twinkle/VERB
1962,combination,NOUN,27,"Once upon a time, in the beautiful city of Cagliari, Italy, there lived four friends named Marco, Sofia, Luca, and Giada",krarazh,invented,,brerar,ulgrak,dangdor,,
1963,inventor,NOUN,27,"Once upon a time, in a land called Rogaland, there lived two best friends named Kai and Signe. They loved exploring thei",omdal,invented,,rekwun,vembara,krabrovaz,,
1964,quest,NOUN,27,"Once upon a time, in the beautiful city of Cagliari, Italy, there lived four friends named Marco, Sofia, Luca, and Giada",rirkhaz,invented,,grunglet,zurakul,sladarak,,
1965,ultimate,ADJ,27,"Once upon a time, in a faraway land called Shakesville, there was a brilliant scientist named Doc. He had a trusty lab a",trugorkut,invented,,babuzu,thrarkharo,kakorum,,
1966,cheek,NOUN,28,"Soon after came up a millstone, an egg, a duck, and a pin; and Chanticleer gave them all leave to get into the carriage ",grumthegal,invented,,throzidre,thranranga,bandrushang,,
1967,mythology,NOUN,28,The prime importance of the rude fragments of poetry preserved in early Icelandic literature will now be disputed by non,grambaz,invented,,dashkhul,nashaz,degrizk,,
1968,prisoner,NOUN,28,Before the castle gate all was as the fox had said: so the son went in and found the chamber where the golden bird hung ,gogrurl,invented,,dhralkor,stuzarm,gruluf,,
1969,solid,ADJ,27,"One sunny day, Timmy and his robot friend Tilly decided to make breakfast together. They wanted to make scrambled eggs, ",thraril,invented,,gromikh,vagik,guratonk,,
1970,assume,VERB,28,"When they came to the king's daughter, she had twelve suits of huntsmen's clothes made, all alike, and the eleven maiden",rakhal,invented,,stimaz,ganbaz,grodral,,
1971,conflict,NOUN,27,"Once upon a time, in a small village in Spain named Al-Andalus, lived two best friends, Maria and Ali. They loved explor",rezhkhral,invented,,krumdung,girand,krobnin,,
1972,dedicate,VERB,27,"Once upon a time in Techville, there was a brilliant team of engineers called ""Best Brains"" working at the esteemed orga",thatand,invented,,kharkof,grabrud,gangdrak,,
1973,enhance,VERB,27,"Once upon a time, in a small town named Happyville, lived three best friends - Timmy the Turtle, Sally the Squirrel, and",rungdrag,invented,,zamgum,kakflal,dunguf,,
1974,grey,ADJ,28,"‘O man of the sea! Hearken to me! My wife Ilsabill Will have her own will, And has sent me to beg a boon of you!’ ‘Well,",vonang,invented,,zezhu,sororm,dugrum,,
1975,mischievous,ADJ,27,"Once upon a time, in the beautiful city of Cagliari, Italy, there lived four friends named Marco, Sofia, Luca, and Giada",kungrul,invented,,grogdhin,grirkang,dagung,,
1977,horror,NOUN,28,"But as he drew near home, his little boy was so glad to see him that he crept behind him, and laid fast hold of his legs",wanthre,invented,,zakru,lazum,khazbuk,,
1978,persuade,VERB,28,"The man promised to do all that she wished, but the raven said, ‘Alas! I know even now that you will take something from",dodraz,invented,,zakork,grezand,udum,,
1980,comfort,NOUN,27,It was getting late and Jamie couldn't decide on her course choices. She looked out of the window and saw the stars twin,ulgrin,shared,@comfort/VERB,,,,,same word as comfort/VERB
1981,laughter,NOUN,27,Little baker Andy loved making and selling delicious birthday cakes! He would buy all sorts of sweet ingredients like fl,rarum,invented,,kalbu,truzkik,zobalag,,
1982,patient,NOUN,27,"Once upon a time, in a small town named Harmonyville, lived three best friends - Timmy the Turtle, Sara the Squirrel, an",nogoz,shared,@patient/ADJ,,,,,same word as patient/ADJ
1983,post,NOUN,27,"Once upon a time, in a small town named Explorville, lived two best friends - Benny the Beaver and Sammy the Squirrel. T",grumash,invented,,thangrazk,klanunk,tramgan,,
1985,latter,ADJ,28,"Next morning the king sent his people out to seek the track, but it was all in vain, for in every street poor children w",zakrurl,invented,,langun,usklok,thralikath,,
1987,amazement,NOUN,27,"Little Levi loved exploring his backyard. One sunny day, he found five bright, yellow lemons hanging on the tree! He ran",kiruraz,invented,,numaro,bukakan,runkakon,,
1989,consume,VERB,27,"Once upon a time, in a town called Eco-ville, lived two best friends - Sammy the Scientist and Jamie the Chef. They love",gorkhoz,invented,,agdha,lomig,gonglar,,
1990,remarkable,ADJ,27,"In a bustling town, there were three soccer clubs: Wrexham, Tranmere Rovers, and Northwich Victoria. Every child in the ",dwurol,invented,,angrord,grenka,ardokond,,
1991,trade,NOUN,27,"Sammy the Squirrel loved exploring new places! One day, he heard about a shiny city called “Vegas” full of big and brigh",skokank,invented,,dragdha,shindruk,votunk,,
1992,advantage,NOUN,27,"Once upon a time, in the town of LOLville, lived two best friends named Chuckle and Guffaw. They were both famous comedi",nunrag,invented,,khangrez,wandrom,kuzhkhruk,,
1994,countless,ADJ,27,"Once upon a time, in a town called Melody Meadows, lived two best friends named Bella the Butterfly and Sammy the Squirr",vazhreg,invented,,drozhun,zikruz,zenking,,
1995,thousand,NOUN,27,"In a bustling town full of colorful buildings and friendly faces, lived two curious little robots named Joule and Watt. ",addhrok,invented,,drolmo,zumgand,drakwirat,,
1996,intention,NOUN,27,"Once upon a time, in a faraway land called Shakesville, there was a brilliant scientist named Doc. He had a trusty lab a",granut,invented,,wabluk,skagu,vokag,,
1998,attempt,VERB,27,"Time passed on again, and the youngest son too wished to set out into the wide world to seek for the golden bird; but hi",dongkhuk,shared,@attempt/NOUN,,,,,same word as attempt/NOUN
1999,admit,VERB,27,"The shepherd did as she bade him, and next morning just as day dawned, he saw the chest open, and the flower come out. S",argrash,invented,,stambez,khangnog,grazhra,,
2000,transport,VERB,27,"They were telling each other, with a confidential interchange of ideas, where they had been during the day. The messenge",grirura,invented,,krivandu,ugrongkoz,karashiz,,
2001,demand,VERB,27,"The little tailor demanded of the king the promised reward; he, however, repented of his promise, and again bethought hi",ugro,invented,,kulkhun,zirbaz,grekolg,,
2002,blade,NOUN,27,He had hardly uttered these hasty words when the skirts and sleeves of his coat folded themselves together into wings; t,thromrul,invented,,drenarg,glenrak,kvitaz,,
2003,copper,NOUN,27,"As they crossed the heath again on their way home they surprised the dwarf, who had emptied out his bag of precious ston",thririm,invented,,anglarm,wagoth,brazhas,,
2004,prayer,NOUN,27,The second tablet said: ‘The key of the princess's bed-chamber must be fished up out of the lake.’ And as the dwarf came,tramba,invented,,thorleng,thritin,hazarn,,
2005,unable,ADJ,27,"In a village dwelt a poor old woman, who had gathered together a dish of beans and wanted to cook them. So she made a fi",dalthref,invented,,tangin,narval,gororm,,
2007,error,NOUN,26,"In a bustling city full of towering buildings and bright lights lived two best friends, Timmy the Tester and Sally the S",flonga,invented,,gofral,kugru,vamon,,
2008,model,NOUN,26,"Once upon a time, in a small town named Artville, there was a wonderful museum called ""Marvelous Museum."" It had many ex",dalkhro,invented,,klorum,zinkuz,grardhok,,
2009,protein,NOUN,26,"Once upon a time, in a small town named Healthville, lived a kind and caring girl named Lily. She took great care of her",graldara,invented,,nalekthrog,dakazo,nishkrugal,,
2010,routine,NOUN,26,"Once upon a time, in a small town named Harmonyville, lived three best friends - Timmy the Tortoise, Sally the Squirrel,",makwa,invented,,karkarn,zunbuf,dhrarkhul,,
2011,trap,VERB,26,"On a faraway star, named Zorgon, lived an inquisitive little alien called Zippy. Zippy was part of a rare species known ",thangla,invented,,grokir,brigur,duvik,,
2012,drone,NOUN,26,"Once upon a time, in a bustling hive named Buzzville, lived thousands of busy bees. Among them were two curious friends,",klanarz,invented,,dugraf,dwodan,unglif,,
2013,enchantment,NOUN,27,"But she was mistaken; for when night came again she heard the same tapping at the door; and the frog came once more, and",bakril,invented,,vaniz,lonma,zikung,,
2014,engineer,NOUN,26,"One sunny day, Little Timmy decided to watch a new movie he had been excited about. As the credits rolled, his face fell",rulgizk,invented,,khrongnik,mingun,frirun,,
2016,score,NOUN,26,"One sunny day, Little Timmy decided to watch a new movie he had been excited about. As the credits rolled, his face fell",grudrikh,invented,,werind,rizdan,grardal,,
2017,aside,ADV,27,"‘Blow, breezes, blow! Let Curdken's hat go! Blow, breezes, blow! Let him after it go! Over hills, dales, and rocks, Away",bazboz,invented,,thrako,grenim,kumim,,
2018,dawn,NOUN,27,"They went on together, and as they passed a cherry-tree, the giant laid hold of the top of the tree where the ripest fru",dulkhrid,invented,,banbrak,umard,kadab,,
2019,participate,VERB,26,"Once upon a time, in a small town named Harmonyville, lived Grandma Appleberry and her little grandson, Timmy. They both",ordrash,invented,,berwaz,gurbor,honkung,,
2020,lend,VERB,27,"When he found himself safe, he was overjoyed to think that he had got the Water of Life; and as he was going on his way ",dhrurog,invented,,threndol,garbak,viboz,,
2021,pound,NOUN,26,"Little Parker was always curious about how things worked. One sunny day, he decided to go to the gym and learn about wei",unalg,invented,,sharlar,lamor,hangkal,,
2023,previous,ADJ,26,"Long, long ago in a bustling town named Alpha, there was a famous English school known for its excellent teaching method",drizuzhu,invented,,okabnash,khrarizu,izdugrok,,
2024,accident,NOUN,26,In a quiet neighborhood lived a kind scientist named Mr. Johnson. He had recently gotten married to a lovely woman named,dranto,invented,,zinkon,fruntal,lashdhrak,,
2025,bronze,NOUN,27,THE BRONZE RING PRINCE HYACINTH AND THE DEAR LITTLE PRINCESS EAST OF THE SUN AND WEST OF THE MOON THE YELLOW DWARF LITTL,vezazk,invented,,kodhra,frakag,ornalol,,
2026,clerk,NOUN,27,"Meanwhile the miser crept out of the bush half-naked and in a piteous plight, and began to ponder how he should take his",zeron,invented,,talkhrul,rimarn,gruztul,,
2027,crier,NOUN,27,"The multitude of shops, stocked with all sorts of merchandise, as the finest linens from several parts of India, some pa",drodeng,invented,,dhralik,vafrur,zazkeng,,
2028,demand,NOUN,26,"In a bustling town called Dataville, lived two best friends, Sammy the Software Engineer and Alex the Application Develo",ugro,shared,@demand/VERB,,,,,same word as demand/VERB
2029,exercise,VERB,26,"Once upon a time, in a small town named Happyville, lived three best friends - Timmy the Turtle, Sally the Squirrel, and",thingkhru,shared,@exercise/NOUN,,,,,same word as exercise/NOUN
2030,girdle,NOUN,27,"One summer's morning a little tailor was sitting on his table by the window; he was in good spirits, and sewed with all ",rukus,invented,,stirond,ezuz,rilkhral,,
2031,grave,NOUN,27,"Then Chanticleer was very sorry, and cried bitterly; and all the beasts came and wept with him over poor Partlet. And si",ildroz,invented,,trirka,gezkaz,grimthik,,
2032,meantime,NOUN,27,"Just as eleven of them had done blessing her, a great noise was heard in the courtyard, and word was brought that the th",satandu,invented,,glonkolut,orezam,dhrazuzno,,
2033,mistress,NOUN,27,"After he had travelled a little way, he spied a dog lying by the roadside and panting as if he were tired. ‘What makes y",nunkus,invented,,zagur,vomok,drerak,,
2035,reflection,NOUN,26,"One sunny day, Little Timmy decided to watch a new movie he had been excited about. As the credits rolled, his face fell",sarkane,invented,,ukandroz,vungakal,engulgriz,,
2037,aim,VERB,26,"One sunny day, the Super Sports Squad - Draymond, Curry, Kelly, Durant, and Klay - decided to play a basketball game. Th",khungkuk,invented,,kazhrar,zashdhrun,glangne,,
2038,compassion,NOUN,26,"Little Timmy loved exploring his family's backyard. One sunny afternoon, he found a mysterious old book hidden beneath s",kereraz,invented,,klanelin,shanugrob,zunkanuz,,
2041,accomplish,VERB,26,"Once upon a time, in a small town named SciTown, lived two best friends - Timmy the Tinkerer and Sara the Scientist. The",kluzorl,invented,,khazhrum,nangol,gakwul,,
2043,exchange,NOUN,26,"Once upon a time in Techville, there was a brilliant team of engineers called ""Best Brains"" working at the esteemed orga",kozanruz,invented,,grigorang,drunkengul,utamdank,,
2044,past,NOUN,26,"In a small village on the windswept shores of the Shetland Islands, two curious children named Erin and Liam lived. They",kazhut,shared,@past/ADJ,,,,,same word as past/ADJ
2045,altogether,ADV,26,"Just as eleven of them had done blessing her, a great noise was heard in the courtyard, and word was brought that the th",zunruz,invented,,tazal,huktrin,markhul,,
2046,praise,VERB,26,The wolf did not want to be asked twice; so that very night he went to the house and crawled through the drain into the ,zugroz,invented,,wizon,drozban,gobun,,
2047,enable,VERB,26,"Then he looked around him, and said, ‘I wish I had something to eat, if not I shall be worse off than before; for here I",washu,invented,,vakthruk,smarbaz,kveran,,
2048,view,VERB,26,"It happened that where the Prince's father lay buried, there grew a rose tree--a most beautiful rose tree, which blossom",rasfrag,shared,@view/NOUN,,,,,same word as view/NOUN
2049,disturb,VERB,26,"‘Nibble, nibble, gnaw, Who is nibbling at my little house?’ and went on eating without disturbing themselves. Hansel, wh",talok,invented,,krazuz,erdret,kazdam,,
2050,annual,ADJ,25,"On a sunny day in Classyville, all the students were excitedly preparing for their annual science fair! This year, two b",gurdar,invented,,krulorm,gamon,tranrak,,
2051,awake,ADJ,26,"Not long afterwards, there was once more great dearth throughout the land, and the children heard their mother saying at",dobu,shared,@awake/VERB,,,,,same word as awake/VERB
2052,couple,NOUN,26,"The little tailor went forth, and the hundred horsemen followed him. When he came to the outskirts of the forest, he sai",gurgrik,invented,,ribrim,ziras,kagun,,
2053,equation,NOUN,25,"In a bustling town filled with curious creatures called Mathlings, lived three bright friends - Addy the Ant, Muliply Mo",thraruk,invented,,klograng,nokik,gurwan,,
2054,film,NOUN,25,"One sunny day, Little Timmy decided to watch a new movie he had been excited about. As the credits rolled, his face fell",drungagil,invented,,zandera,guromdu,druzatrez,,
2055,internet,NOUN,25,"Once upon a time in Cyberville, there was a smart little robot named Byte. Byte loved learning about all things technolo",ogol,invented,,drazhruz,dhrogwung,grarashsik,,
2056,judge,VERB,26,Before the castle gate all was as the fox had said: so the son went in and found the chamber where the golden bird hung ,thromaz,invented,,zukthrot,harkuz,rindof,,
2057,medical,ADJ,25,"Once upon a time, in a small town named Healthville, lived two best friends - Benny, the brave little boy, and his faith",khakang,invented,,vuzeg,sikthru,bokwel,,
2058,meditation,NOUN,25,"Once upon a time, in a small town named Slumberville, lived two best friends - Timmy Tuckered and Sara Snuggled. They we",khrurar,invented,,zenek,wezark,badon,,
2059,poster,NOUN,25,"Once upon a time, in a small town called Buildville, lived three friends named Timmy the Tool, Sara Saw, and Pete the Pl",hongond,invented,,thrurno,mulgrun,zekang,,
2060,stroke,NOUN,26,"One summer's morning a little tailor was sitting on his table by the window; he was in good spirits, and sewed with all ",ikflak,invented,,derbag,skuzeb,dogankorz,,
2061,theory,NOUN,25,"Long, long ago, in a bustling library filled with ancient scrolls and dusty books, lived two curious friends - Timmy, th",drarlez,invented,,tarban,vezol,muwaz,,
2062,thrill,VERB,25,"One sunny day, Little Timmy decided to watch a new movie he had been excited about. As the credits rolled, his face fell",razkol,invented,,amfrak,dunol,rufal,,
2063,tired,ADJ,25,"Once upon a time, in a small town named Harmonyville, lived three best friends - Timmy the Tortoise, Sally the Squirrel,",throvas,invented,,duzkir,vankarz,gralmor,,
2064,captivate,VERB,25,"Once upon a time, in the bustling city of Bollywood, lived a famous actor named Nasser. He was known for his incredible ",shakik,invented,,zerbe,gretzaz,inthrud,,
2065,expand,VERB,25,"Once upon a time, in a town called Melody Meadows, lived two best friends named Bella the Butterfly and Sammy the Squirr",ralgrik,invented,,bedran,zabrung,grordoz,,
2067,intricate,ADJ,25,"In a small village on the windswept shores of the Shetland Islands, two curious children named Erin and Liam lived. They",sardirn,invented,,thigaz,dritik,khrukurl,,
2068,overnight,ADV,25,"In a bustling town full of colorful buildings and friendly faces, lived two curious little robots named Joule and Watt. ",khundro,invented,,gromush,gukroz,zhardant,,
2069,resume,VERB,26,"When she had gone away, the girl got up and went to her sweetheart, who was called Roland, and knocked at his door. When",dalga,invented,,denma,threbem,klazga,,
2070,talente,VERB,25,"In a bustling city filled with towering buildings made of glass and steel, lived two best friends - Ada and Byte. They w",shalgra,invented,,zatag,okil,bulun,,
2072,insect,NOUN,25,"Once upon a time, in a small town called Harmonyville, lived three best friends - Alex the Ant, Benny the Bee, and Cathy",grungak,invented,,donglun,zhundut,ruva,,
2073,somewhat,ADV,26,"“That was an unpleasant dream,” said he; “but it was droll enough altogether. I fancied that I was the lieutenant over t",greram,invented,,zondroz,azbuz,nobkol,,
2074,liquid,NOUN,25,"One sunny day, Timmy and his robot friend Tilly decided to make breakfast together. They wanted to make scrambled eggs, ",zondrir,invented,,irwak,wuron,grugdhat,,
2075,pop,VERB,25,"Once upon a time, in the beautiful city of Cagliari, Italy, there lived four friends named Marco, Sofia, Luca, and Giada",dhralenot,invented,,grakrusha,agribla,dretota,,
2076,translate,VERB,25,"One sunny day, Sara and her little brother Juan were playing in their backyard when they found a mysterious box. It had ",akthre,invented,,grongla,khazkam,skizgaz,,
2077,unfold,VERB,25,"Little Coder was working hard on their latest project - they were trying to calculate something called the ""bivariate Po",khorag,invented,,grizhorl,dhronand,bozat,,
2078,divinity,NOUN,26,"We are told nothing as to sacrificial and religious rites, and all else is omitted which does not provide material for a",granga,invented,,rashdhral,duldre,hawuz,,
2079,guide,NOUN,25,"Once upon a time, three animal friends named Sammy the spider monkey, Pedro the puma, and Maria the macaw lived in the l",zhaba,shared,@guide/VERB,,,,,same word as guide/VERB
2080,o,INTJ,26,"There was once a fisherman who lived with his wife in a pigsty, close by the seaside. The fisherman used to go out all d",widrik,invented,,gakflul,dobin,dalbo,,
2081,owe,VERB,26,The following day the king's daughter asked the gardener about his boy. ‘He is at work in the garden; the queer creature,ranan,invented,,rotral,groltha,thranak,,
2082,remote,ADJ,25,"In a bustling city lived two young inventors, Alex and Tammy. They were always coming up with new ideas and creating ama",rerkind,invented,,nalar,grangnar,grongal,,
2084,career,NOUN,25,"It was a sunny day and Billy, Madison, and Ryan were having a picnic in the park. They were eating juicy, red watermelon",rintiriz,invented,,azungrug,kolgimla,robazug,,
2085,collar,NOUN,26,"The cook, however, thought to himself: ‘If the child has the power of wishing, and I am here, he might very easily get m",brozkol,invented,,dharbag,grigdho,abarg,,
2086,gracious,ADJ,26,"Now the king felt great joy at this, and commanded that his entire household should eat with him next day, and made a gr",grerkora,invented,,gimuzand,uzangnat,girkurdo,,
2087,heap,NOUN,26,"The coast once clear, our travellers soon sat down and dispatched what the robbers had left, with as much eagerness as i",grerkan,invented,,walkur,druntas,wakruk,,
2089,honour,NOUN,26,"The shepherd did as she bade him, and next morning just as day dawned, he saw the chest open, and the flower come out. S",ukongrut,invented,,kiromdank,bondazku,zasfruba,,
2090,inquire,VERB,26,"Before long the cat was seized by another fit of yearning. She said to the mouse: ‘You must do me a favour, and once mor",karango,invented,,gakanob,akekan,dalirkva,,
2091,midnight,NOUN,26,The text is based on translations from the Grimms’ Kinder und Hausmärchen by Edgar Taylor and Marian Edwardes. THE GOLDE,frangin,invented,,wurkak,dikiz,azhrol,,
2092,ogre,NOUN,26,"When a hundred years were gone and passed the son of the King then reigning, and who was of another family from that of ",zunbakek,invented,,grugrisha,khrozungaz,gukakam,,
2093,pleasant,ADJ,26,Then the gardener's eldest son set out and thought to find the golden bird very easily; and when he had gone but a littl,drunkak,invented,,bazhug,glangruk,bonkum,,
2094,strengthen,VERB,25,"Once upon a time, in a small town named Harmonyville, lived Grandma Appleberry and her little grandson, Timmy. They both",turangkul,invented,,gagirez,lekazbok,ungokorn,,
2096,hospital,NOUN,25,"Long ago, in a bustling city, there lived a kind pharmacy intern named Tim. Every day, he would eat his lunch in the cro",thralgam,invented,,nathkhrak,brinka,zhumok,,
2097,sadness,NOUN,25,"In a small village on the windswept shores of the Shetland Islands, two curious children named Erin and Liam lived. They",lendrun,invented,,dralog,golgran,kanul,,
2098,signal,NOUN,25,"Once upon a time, in a land called Rogaland, there lived two best friends named Kai and Signe. They loved exploring thei",galdraz,invented,,tratot,undrong,kulazda,,
2099,attentive,ADJ,25,"Once upon a time, in a bustling city called Manhattan, there lived a curious little mouse named Max. Max wanted to buy h",bonkok,invented,,zalkhuz,santar,nabklan,,
2100,private,ADJ,25,"Once upon a time, in a small town named Safeplace, everyone felt very secure because of all the advanced security camera",vamdank,invented,,kalslam,donglar,khrazol,,
2101,cover,NOUN,25,"Once upon a time, in a small town named Artville, there was a wonderful museum called ""Marvelous Museum."" It had many ex",vongna,shared,@cover/VERB,,,,,same word as cover/VERB
2102,existence,NOUN,25,"Once upon a time, in a small village nestled between two mountains, lived three best friends named Max, Lily, and Benny.",zulgul,invented,,kifrun,kurdand,vulash,,
2105,consult,VERB,25,"They could not, however, reach the great city the first day; so when night came on, they went into a wood to sleep. The ",sugakriz,invented,,numanank,ginoguk,thrungalon,,
2106,justice,NOUN,25,"Thus Chanticleer was left alone with his dead Partlet; and having dug a grave for her, he laid her in it, and made a lit",gurlal,invented,,uldrun,zorbek,marubil,,
2107,load,VERB,25,"And then the prince and Briar Rose were married, and the wedding feast was given; and they lived happily together all th",skizik,invented,,khutzan,valmod,drugdha,,
2108,mark,NOUN,25,"then the woman fell down again as if dead. ‘Well,’ said little Marleen, ‘I will go out too and see if the bird will give",lurkhul,shared,@mark/VERB,,,,,same word as mark/VERB
2109,gleam,VERB,25,"“But Kay--little Kay,” said Gerda, “when did he come? Was he among the number?” “Patience, patience; we are just come to",grariraz,invented,,othgarin,threrendo,inadak,,
2110,retain,VERB,25,And behold! to the Shoes of Fortune this was the cue; the whole man shrunk together and a most uncommon journey through ,thradolgot,invented,,turazkun,zazongrazh,maranglank,,
2111,robe,NOUN,25,"Then she gave him a cloak, and said, ‘As soon as you put that on you will become invisible, and you will then be able to",granril,invented,,duzrund,kuzez,kluzut,,
2112,cunning,ADJ,25,"The bear and the wolf grew uneasy, and turned back and went into their holes. The young willow-wrens, however, continued",grungrang,invented,,thangank,grungong,thanta,,
2113,free,VERB,25,"The youth wandered on, and after some time came to a fortress where he begged for a night's lodging. ‘Yes,’ said the lor",soluz,shared,@free/ADJ,,,,,same word as free/ADJ
2114,long,VERB,25,"Thus Chanticleer was left alone with his dead Partlet; and having dug a grave for her, he laid her in it, and made a lit",nurk,shared,@long/ADJ,,,,,same word as long/ADJ
2115,singing,NOUN,25,"Hans was delighted as he sat on the horse, drew himself up, squared his elbows, turned out his toes, cracked his whip, a",kuskog,invented,,rurend,glazon,strazu,,
2116,advancement,NOUN,24,"Once upon a time in Techville, there was a brilliant team of engineers called ""Best Brains"" working at the esteemed orga",sarira,invented,,yazanak,wizorash,tagaza,,
2117,application,NOUN,24,"Once upon a time, in a small town named Explorville, lived two best friends - Benny the Beaver and Sammy the Squirrel. T",zaklal,invented,,kadung,thridind,vankond,,
2118,component,NOUN,24,Once a little explorer named Alex was on a mission to find hidden treasures in the land of vectors. Alex had a magical c,ashuba,invented,,drordazo,skrariko,igoraz,,
2119,cooperation,NOUN,24,"In a magical forest full of wonders, lived two curious little numbers, One and Two. They were best friends who loved exp",wikar,invented,,zizran,skozhul,zilkhroz,,
2120,cycle,NOUN,24,"Little Timmy loved learning about language and science. One day, his teacher gave him a special assignment - to check if",undash,invented,,skuntor,ungnab,skangu,,
2121,emphasize,VERB,24,"Once upon a time, in a small town named Harmonyville, lived Grandma Appleberry and her little grandson, Timmy. They both",grerkhatag,invented,,greriluz,driramrun,gozkenan,,
2122,feature,VERB,24,"Once upon a time, in the bustling city of San Francisco, lived four best friends - Sara the butterfly, Benny the bumbleb",drukurba,shared,@feature/NOUN,,,,,same word as feature/NOUN
2124,software,NOUN,24,"In a bustling town called Dataville, lived two best friends, Sammy the Software Engineer and Alex the Application Develo",zonthrul,invented,,struzom,sagroz,sezel,,
2125,tourist,NOUN,24,"Once upon a time, in a small town named Sunnyville, lived two best friends - Timmy the Tortoise and Benny the Bird. They",dazdhreng,invented,,gozkum,zozrin,durorg,,
2126,traffic,NOUN,24,"Sammy the Squirrel loved exploring new places! One day, he heard about a shiny city called “Vegas” full of big and brigh",bongliz,invented,,zokthro,kradunk,gonkil,,
2128,blessing,NOUN,25,"Just as eleven of them had done blessing her, a great noise was heard in the courtyard, and word was brought that the th",boras,invented,,wugruz,boguz,dhrangrif,,
2129,galaxy,NOUN,24,"Little Lily, the day has finally come! You're all grown up and ready to soar high into the world of learning – Collegevi",threrel,invented,,krizkon,garbak,klalmuz,,
2130,lemonade,NOUN,24,"Once upon a time, in a small town named Positivityville, lived two best friends - Benny Butterfly and Polly Platypus. Th",dalkha,invented,,grongkut,hardo,kentuk,,
2131,policy,NOUN,24,"Once upon a time, in a small town named Knowville, there lived two best friends - Timmy the Turtle and Sally the Squirre",althrag,invented,,dwingazk,kokiz,ikthro,,
2132,spinning,NOUN,25,"The bridegroom, who during this recital had grown deadly pale, up and tried to escape, but the guests seized him and hel",drathga,invented,,kentul,gendra,lawulgrul,,
2133,acquire,VERB,24,"Once upon a time in Techville, there was a brilliant team of engineers called ""Best Brains"" working at the esteemed orga",gurnel,invented,,klinrak,afrar,umazh,,
2134,flourish,VERB,24,"Once upon a time in a bustling town, there lived three little animals named Timmy the Tortoise, Benny the Bunny, and Sal",thrangik,invented,,kokdang,zutzand,dhrandhoral,,
2135,block,VERB,24,"In the heart of Africa, there lies a peaceful country called South Sudan. It is home to many different tribes, each with",skush,shared,@block/NOUN,,,,,same word as block/NOUN
2138,marine,ADJ,24,"In the heart of the sparkling blue ocean, there was a magnificent cruise ship called ""Explorer's Paradise."" This floatin",krotak,invented,,drandat,dhrurur,gribrot,,
2139,pea,NOUN,25,"When Sunday came, and it was time for the girl to start, a feeling of dread came over her which she could not explain, a",brokal,invented,,dhromam,tazrok,dworozet,,
2140,grind,VERB,25,"“It is the bronze ring! It is the talisman!” they cried joyfully, and, getting into their boat again, they soon reached ",zizog,invented,,krozal,gregik,grurlot,,
2141,active,ADJ,24,"Once upon a time, in a small town named Happyville, lived three best friends - Timmy the Turtle, Sally the Squirrel, and",ongobu,invented,,nagondred,darazaf,grugdhamu,,
2143,peep,VERB,25,"They could not, however, reach the great city the first day; so when night came on, they went into a wood to sleep. The ",krunagwa,invented,,tratzodam,nonganka,skazonban,,
2144,purse,NOUN,25,"A farmer had a faithful and diligent servant, who had worked hard for him three years, without having been paid any wage",gunkuk,invented,,bruband,rordun,dhromthash,,
2145,rag,NOUN,25,"Our honest friend journeyed on his way too; and if he was merry before, he was now ten times more so. He had not gone fa",bakurdril,invented,,nekuluz,kankumum,threzkon,,
2147,sale,NOUN,24,Little baker Andy loved making and selling delicious birthday cakes! He would buy all sorts of sweet ingredients like fl,skagorol,invented,,abkunan,debrowa,ungazhuk,,
2148,warmth,NOUN,24,"Once upon a time, in the beautiful city of Cagliari, Italy, there lived four friends named Marco, Sofia, Luca, and Giada",krarkhaz,invented,,floraz,elgul,ebez,,
2149,brand,NOUN,24,"Once upon a time, in a small town called Harmonyville, lived three best friends - Alex the Ant, Benny the Bee, and Cathy",zunkagan,invented,,rengruba,agroraz,manterbang,,
2150,move,NOUN,24,"Once upon a time, in the lively streets of Havana, Cuba, there lived two best friends named Maria and Juan. They loved e",sazon,shared,@move/VERB,,,,,same word as move/VERB
2151,horizon,NOUN,24,"In a faraway land called North Korea, there lived a kind man named Kenneth Bae. He loved playing soccer with the local k",gruriz,invented,,rongol,durgrol,kozhuf,,
2152,lack,NOUN,24,"Once upon a time in the beautiful Eastern Cape, there was a little town called Skillville. This town had lots of kind pe",nakoz,invented,,zalof,nakror,ladronkam,,
2153,audience,NOUN,24,"Once upon a time, in a small town called Harmonyville, lived three best friends - Alex the Ant, Benny the Bee, and Cathy",detzan,invented,,dhrodul,guzkrok,mazazuzk,,
2154,head,VERB,24,"Once upon a time, in a small town named Sunnyville, lived two best friends - Timmy the Tortoise and Benny the Bird. They",tarl,shared,@head/NOUN,,,,,same word as head/NOUN
2155,master,VERB,24,"Once upon a time, in the lively streets of Havana, Cuba, there lived two best friends named Maria and Juan. They loved e",urkhuntang,shared,@master/NOUN,,,,,same word as master/NOUN
2156,odd,ADJ,24,"Once upon a time, in a small town called Harmonyville, there lived two best friends named Sam and Alex. They were both c",thrurorz,invented,,thrangan,zakflel,gagro,,
2157,conclude,VERB,24,"In a bustling town filled with curious kids, lived two bright young scientists named Jamie and Danny. They both loved ex",nazrunkok,invented,,grazokok,gokuka,drongegank,,
2160,destruction,NOUN,24,"Now when the time of mourning was over, Trusty John said to him: “It is time you should see your inheritance. I will sho",rolakan,invented,,skomlako,skashnanak,dabandor,,
2161,dust,NOUN,24,"“Oh no,” answered the Councillor, “I can only join in conversation on this topic and on that, as indeed one must do acco",thrarard,invented,,untir,ublard,lakrag,,
2162,harvest,NOUN,24,"“To-morrow I brew, to-day I bake, And then the child away I'll take; For little deems my royal dame That Rumpelstiltzkin",viwagrin,invented,,kazangez,rithgamgaz,kangankum,,
2164,attack,VERB,24,“It is lovely here in spring!” said the young maiden. And they stood in a beech-wood that had just put on its first gree,badiz,invented,,zhungraz,nofrak,darkhatak,,
2165,immense,ADJ,24,"When the man awoke and found that he had been sleeping, he was grieved at heart, and said, ‘She has no doubt been here a",ragriz,invented,,izom,vukrok,guzkum,,
2166,innocent,ADJ,24,"Then the peasants were vexed that the small peasant should have thus outwitted them, wanted to take vengeance on him, an",uruntan,invented,,sontalak,skriruba,dizoran,,
2168,endure,VERB,24,"Away ran Catherine, and away ran the dog across the field: but he ran faster than she, and stuck close to the steak. ‘It",tuguziz,invented,,erazil,rokulkhal,nubimbang,,
2169,flutter,VERB,24,"The carter seeing that he had thus lost all that he had, went down into his kitchen; and was still not sorry for what he",tulank,invented,,gikrash,zinrag,vengarg,,
2170,native,ADJ,24,"“The rose in the valley is blooming so sweet, And angels descend there the children to greet.” There sat the two grown-u",gafdal,invented,,khrukur,khardang,bamarn,,
2171,accordingly,ADV,24,"A shepherd had a faithful dog, called Sultan, who was grown very old, and had lost all his teeth. And one day when the s",dhrongam,invented,,domduz,drongruk,zazuk,,
2172,lean,VERB,24,"‘Alas! alas! if your mother knew it, Sadly, sadly, would she rue it.’ And as she leaned down to drink, the lock of hair ",zemrin,invented,,bungthru,krabink,irdrut,,
2173,valley,NOUN,24,"A farmer had a faithful and diligent servant, who had worked hard for him three years, without having been paid any wage",zitrardez,invented,,ogangla,krakoma,ginbukwang,,
2174,cord,NOUN,24,"Soon after came up a millstone, an egg, a duck, and a pin; and Chanticleer gave them all leave to get into the carriage ",grugruf,invented,,glagarn,krulol,thrunger,,
2176,absence,NOUN,24,"Before long the cat was seized by another fit of yearning. She said to the mouse: ‘You must do me a favour, and once mor",ronarz,invented,,ental,mundruz,lalin,,
2177,breathtake,VERB,23,"Once upon a time, three animal friends named Sammy the spider monkey, Pedro the puma, and Maria the macaw lived in the l",ramaz,invented,,skanrer,kvanro,dibazhrug,,
2179,crime,NOUN,24,"In this myth Odin is the piper, the shrill tones of the flute are emblematic of the whistling wind, the rats represent t",kruzkug,invented,,grinke,starar,regdhraz,,
2180,cure,VERB,24,"Away ran Catherine, and away ran the dog across the field: but he ran faster than she, and stuck close to the steak. ‘It",grazulg,invented,,ashaz,grozkung,kugrazuz,,
2181,financial,ADJ,23,"Once upon a time, in a small town called Harmonyville, there lived two best friends named Sam and Alex. They were both c",kongdrak,invented,,nubkuk,grizkol,humbran,,
2182,garment,NOUN,24,"The road led through an olive-grove, and here the solitary inn was situated. Ten or twelve crippled-beggars had encamped",ananil,invented,,zhutanro,barkabak,kudkhanguz,,
2183,interaction,NOUN,23,"Once upon a time, in a small town named Explorville, lived two best friends - Benny the Beaver and Sammy the Squirrel. T",drembag,invented,,wanglaz,dungbrar,nuzang,,
2184,label,VERB,23,"Deep in the heart of a bustling city lived two young friends, Jamal and Sofia. They loved learning new things, especiall",uldro,invented,,khanthra,konbash,radu,,
2185,petal,NOUN,23,"It was a bright and sunny day, and Lily wanted to make something beautiful. She gathered her craft supplies and began wo",hikaz,invented,,darkim,akwang,angrag,,
2186,plastic,ADJ,23,"Once upon a time, in a small town called Sandy Shores on the beautiful Cayman Islands, lived three best friends - Sally ",rongrul,invented,,modroz,stanguz,zugront,,
2187,plastic,NOUN,23,"Once upon a time, in a small town named Silverville, lived two best friends - Timmy the Tin Man and Sarah the Spoon Lady",rongrul,shared,@plastic/ADJ,,,,,same word as plastic/ADJ
2188,roast,VERB,24,"So on he jogged, and all seemed now to go right with him: he had met with some misfortunes, to be sure; but he was now w",dengnaz,invented,,skungnur,grimle,rodu,,
2189,tackle,VERB,23,"Little Coder was working hard on their latest project - they were trying to calculate something called the ""bivariate Po",arkhrolu,invented,,dakashuf,melanthril,skuntura,,
2190,tech,NOUN,23,"Little Timmy loved learning about science and history, so every day after school, he would visit his wise friend Mr. Map",tashak,invented,,bungrab,grokwul,kanur,,
2191,wavelength,NOUN,23,"One sunny day, Little Timmy decided to watch a new movie he had been excited about. As the credits rolled, his face fell",dubankok,invented,,olkhruzan,zaworoz,kurenkik,,
2192,wire,NOUN,23,"Once upon a time, in a small town called Rocketville, lived two best friends named Sam and Alex. They were both curious ",klunag,invented,,runkar,dwozuz,glorag,,
2193,buzz,VERB,23,"Once upon a time, in a small town called Harmonyville, lived three best friends - Alex the Ant, Benny the Bee, and Cathy",zabadra,invented,,zalgural,vorkhogal,awakand,,
2194,fateful,ADJ,23,"Once upon a time, in the deep blue ocean lived an ancient creature named Proteus. He was known as the Old Man of the Sea",kolkhrok,invented,,zilok,bikflal,ganmul,,
2195,fault,NOUN,24,"It also related that once when Red-Cap was again taking cakes to the old grandmother, another wolf spoke to her, and tri",fregin,invented,,kezaz,dwakuk,thrumbu,,
2196,priest,NOUN,24,"Then the peasants were vexed that the small peasant should have thus outwitted them, wanted to take vengeance on him, an",brankan,invented,,nakund,kharbaz,samorn,,
2197,counsel,NOUN,24,Then the gardener's eldest son set out and thought to find the golden bird very easily; and when he had gone but a littl,dumlil,invented,,slunak,zindrus,dodagru,,
2198,current,ADJ,23,"Once upon a time, in a small town named Explorville, lived two best friends - Benny the Beaver and Sammy the Squirrel. T",dilgroraz,invented,,dohogra,krirkanu,arega,,
2199,ease,NOUN,24,Then the gardener's eldest son set out and thought to find the golden bird very easily; and when he had gone but a littl,ezdhra,invented,,merank,kendard,arkharbok,,
2200,fiery,ADJ,24,Now there was once a maiden whose name was Jorinda. She was prettier than all the pretty girls that ever were seen befor,utangruk,invented,,dwazazhom,enakank,zakalom,,
2201,illustrate,VERB,23,"One sunny day, Little Timmy decided to watch a new movie he had been excited about. As the credits rolled, his face fell",onkulk,invented,,drungdat,smukrez,ufrung,,
2203,utter,VERB,24,"The father sighed, and answered him: ‘You shall soon learn what it is to shudder, but you will not earn your bread by th",alkut,invented,,ranruf,dwukiz,drongoz,,
2204,vehicle,NOUN,23,"Little James loved building things. One day, he was given the task to build a new parking lot for the town fair! The lot",krozeg,invented,,kildrag,khathaz,irdok,,
2205,wound,VERB,24,"Just as eleven of them had done blessing her, a great noise was heard in the courtyard, and word was brought that the th",zangambuz,invented,,arazuk,girinroz,khongnamal,,
2206,enrich,VERB,23,"Once upon a time, in a small town named Harmonyville, lived Grandma Appleberry and her little grandson, Timmy. They both",wukuk,invented,,grethar,grardal,gringod,,
2207,tribe,NOUN,23,"In the heart of Africa, there lies a peaceful country called South Sudan. It is home to many different tribes, each with",vathgong,invented,,skrinug,zushkrak,kaldhrum,,
2208,concert,NOUN,23,"Once upon a time, in a town called Melody Meadows, lived two best friends named Bella the Butterfly and Sammy the Squirr",grikla,invented,,grekish,belun,thramdu,,
2209,current,NOUN,23,"In the bustling city of Cleveland, a baby boy named Albert B. White was born. As he grew up, his curiosity bloomed like ",dilgroraz,shared,@current/ADJ,,,,,same word as current/ADJ
2210,drown,VERB,24,"After he had travelled a little way, he spied a dog lying by the roadside and panting as if he were tired. ‘What makes y",krilik,invented,,dhrukun,kiskraz,nodronk,,
2211,frightful,ADJ,24,"They could not, however, reach the great city the first day; so when night came on, they went into a wood to sleep. The ",zaldru,invented,,kabum,lazba,thranras,,
2212,horrible,ADJ,24,"There was once a little girl who was very pretty and delicate, but in summer she was forced to run about with bare feet,",dungukwe,invented,,galuzda,gahazag,zontidob,,
2213,mortal,ADJ,24,"As she went in, a little dwarf came up to her, and said, ‘What are you seeking for?’ ‘I seek for my brothers, the seven ",grazbeza,invented,,razungrish,kazhringru,dolundret,,
2214,predict,VERB,23,"On a sunny day in Classyville, all the students were excitedly preparing for their annual science fair! This year, two b",dibnum,invented,,thrurung,nundrat,kazhibal,,
2215,tapestry,NOUN,24,"“King's son, you are welcome; the Queen of the Cats is glad to see you.” “Lady Cat,” replied the Prince, “I thank you fo",humbaz,invented,,miniz,dhrangath,ganral,,
2216,defeat,VERB,23,"In a bustling town called Dataville, lived two best friends, Sammy the Software Engineer and Alex the Application Develo",thogonk,invented,,kikril,kordez,zorga,,
2217,web,NOUN,23,"Once upon a time in Cyberville, there was a smart little robot named Byte. Byte loved learning about all things technolo",wunko,invented,,trafdu,norid,glantal,,
2218,relief,NOUN,23,"Emma and her robot friend, Bolt, were exploring the vast world of brains and their mysteries. They came across a group o",goreb,invented,,trodal,stramok,kezez,,
2219,value,VERB,23,"Sammy the Squirrel loved exploring new places! One day, he heard about a shiny city called “Vegas” full of big and brigh",graguz,shared,@value/NOUN,,,,,same word as value/NOUN
2221,mood,NOUN,23,"One sunny day, Little Timmy decided to watch a new movie he had been excited about. As the credits rolled, his face fell",dozank,invented,,walba,thornang,egdhaz,,
2222,tragedy,NOUN,23,"In a bustling town filled with friendly animals of all shapes and sizes, there lived two neighboring communities - the B",trirarkhal,invented,,danderol,dhanunkal,frorumlat,,
2223,arrange,VERB,23,"Little Levi loved exploring his backyard. One sunny day, he found five bright, yellow lemons hanging on the tree! He ran",milmuzk,invented,,zundhan,dhugrung,kundhral,,
2224,neat,ADJ,23,"Once upon a time, in a faraway land called Hollywood, there was a group of very smart people called filmmakers. They lov",glatagrik,invented,,duragdhaz,ongthraru,zunranbok,,
2225,alarm,VERB,23,"“Oh!” cried she, “the lions are coming. I have looked at you enough. I am so frightened. Save me this minute, or I shall",zerdun,invented,,thranka,nalba,skirak,,
2227,glide,VERB,23,"In a bustling playground, lived two best friends - Benny the butterfly and Sammy the sparrow. They spent their days expl",maflal,invented,,garash,drumthin,kuzkonta,,
2228,shock,NOUN,23,"On a sunny day in Classyville, all the students were excitedly preparing for their annual science fair! This year, two b",skarkhan,shared,@shock/VERB,,,,,same word as shock/VERB
2230,advise,VERB,23,The whole city was talking of the splendid cloth which the Emperor had ordered to be woven at his own expense. And now t,dwarazan,invented,,kanganez,gringanku,ongringrun,,
2231,pride,NOUN,23,"Thus the princess became a kitchen-maid, and helped the cook to do all the dirtiest work; but she was allowed to carry h",angulul,invented,,grakomduk,thromadhak,kazdazhdhaz,,
2232,blossom,NOUN,23,"In front of the house there was a court, in which grew a juniper-tree. One winter's day the wife stood under the tree to",grakushzhung,invented,,tungozurk,hazugdhash,grinemal,,
2233,carve,VERB,23,"While she was making the most of it, her master came and cried: ‘Hurry up, Gretel, the guest is coming directly after me",ondiz,invented,,orbug,kendoz,dazez,,
2234,hence,ADV,23,"‘Whither away, Hans?’ ‘To Gretel, mother.’ ‘Behave well, Hans.’ ‘I'll behave well. Goodbye, mother.’ ‘Goodbye, Hans.’ Ha",sinaz,invented,,magril,eskol,kringat,,
2235,like,ADJ,23,"Dummling went and cut down the tree, and when it fell there was a goose sitting in the roots with feathers of pure gold.",klal,shared,@like/VERB,,,,,same word as like/VERB
2236,prosperity,NOUN,23,"The Sultan, who was sitting in his closet, mourning for his lost daughter, happened to look up, and rubbed his eyes, for",benkend,invented,,sogand,gikok,dribreng,,
2237,wondrous,ADJ,23,"So he hired some villains to murder him; and having shown them where to lie in ambush, he went to his brother, and said,",grusul,invented,,hukim,bokoz,kenkilg,,
2238,arrival,NOUN,23,"Here, then, we will stay for the present. In one of the houses not far from the new market a party was invited--a very l",moganka,invented,,amarath,eroldrak,grilgana,,
2239,charm,NOUN,23,"She mumbled something to herself, seized the nightingale, and went away with it in her hand. Poor Jorindel saw the night",bungok,shared,@charm/VERB,,,,,same word as charm/VERB
2240,confirm,VERB,23,* A row of buildings for seamen in Copenhagen. “Just such another large blooming Elder Tree stands near the New Booths. ,nungiz,invented,,klanlu,mibaf,kvakal,,
2241,flash,VERB,23,"‘Ah!’ said the wife, ‘and I am so full of distress and uneasiness that my teeth chatter, and I feel as if there were a f",kvululg,invented,,ekwas,gringeg,glukwak,,
2243,bare,ADJ,23,"The road led through an olive-grove, and here the solitary inn was situated. Ten or twelve crippled-beggars had encamped",oddhar,invented,,gruzank,dangkung,grezham,,
2244,divine,ADJ,23,"After some time he took it in his head that he would travel to Rome. On the way he passed by a marsh, in which a number ",varkhunizk,invented,,edhaftin,dibgrizol,alomban,,
2245,entertain,VERB,23,"Then the king made it known to all the land, that if any person could discover the secret, and find out where it was tha",ardaka,invented,,anukrog,landrika,ongrengoz,,
2246,hunt,VERB,23,"On the same day that she cast out Rapunzel, however, the enchantress fastened the braids of hair, which she had cut off,",dunenal,invented,,vanalu,shazhugral,zakdazhand,,
2247,league,NOUN,23,"One day her mother said to her: ‘Come, Little Red-Cap, here is a piece of cake and a bottle of wine; take them to your g",gragsha,invented,,dunkvan,gigdhra,kurark,,
2248,narrow,ADJ,23,"Just as eleven of them had done blessing her, a great noise was heard in the courtyard, and word was brought that the th",trozkum,invented,,mazkas,nulgrak,kaldruz,,
2249,overjoy,VERB,23,"Then she threw the peas down among the ashes, but the little maiden ran out at the back door into the garden, and cried ",shakon,invented,,dhrugal,gragig,kultol,,
2250,radiant,ADJ,23,"She rubbed another against the wall: it burned brightly, and where the light fell on the wall, there the wall became tra",gefrazak,invented,,kroraruz,undrabak,dragilan,,
2251,sail,NOUN,23,“It is lovely here in spring!” said the young maiden. And they stood in a beech-wood that had just put on its first gree,dikagrok,shared,@sail/VERB,,,,,same word as sail/VERB
2252,troop,NOUN,23,"Time passed on again, and the youngest son too wished to set out into the wide world to seek for the golden bird; but hi",danguzal,invented,,wozkangruf,kakazek,gruragra,,
2253,absolute,ADJ,22,"In a land filled with curious creatures, there lived two friends named Lilo and Stitch. They loved exploring the world a",gatukthror,invented,,abashu,aganra,grorumlaf,,
2254,additional,ADJ,22,"Once upon a time, in a small town named Veggiville, lived two best friends - Apple Blossom and Bean Sprout. They loved e",vanirk,invented,,domrag,glangraz,trogdhabof,,
2255,consistent,ADJ,22,"Once upon a time, in a small town called Harmonyville, lived three best friends - Alex the Ant, Benny the Bee, and Cathy",nonkash,invented,,zardeg,galthrar,fralga,,
2256,disrupt,VERB,22,"Once upon a time in a bustling town, there lived three little animals named Timmy the Tortoise, Benny the Bunny, and Sal",entum,invented,,glanrar,throtra,thimkhrak,,
2257,evidence,NOUN,22,"In a cozy classroom filled with curious little creatures called Fuzzles, their teacher, Ms. Sparkle, presented them with",zogrorn,invented,,grunglon,larlu,dredram,,
2259,heavenly,ADJ,23,"“That was an unpleasant dream,” said he; “but it was droll enough altogether. I fancied that I was the lieutenant over t",dhravobiz,invented,,gremgakam,akalgunk,zararez,,
2260,recycle,VERB,22,"Once upon a time, in a small town called Buildville, lived three friends named Timmy the Tool, Sara Saw, and Pete the Pl",rokengik,invented,,drushdharat,stikalu,zuruzhruz,,
2261,route,NOUN,22,"Once upon a time, in a land called Rogaland, there lived two best friends named Kai and Signe. They loved exploring thei",mundank,invented,,angthran,klongil,skrogil,,
2262,score,VERB,22,"In a bustling town, there were three soccer clubs: Wrexham, Tranmere Rovers, and Northwich Victoria. Every child in the ",grudrikh,shared,@score/NOUN,,,,,same word as score/NOUN
2263,tension,NOUN,22,"Once upon a time in Fitness Forest, there lived five friends named Hippy, Hammy, Shelly, Quinn, and Chris Chest. They lo",kazash,invented,,frazgath,grazhum,amun,,
2264,treehouse,NOUN,22,"Once upon a time, in a small town called Rocketville, lived two best friends named Sam and Alex. They were both curious ",lagil,invented,,strongok,hazkuz,stezel,,
2265,upstairs,ADV,23,"And then the prince and Briar Rose were married, and the wedding feast was given; and they lived happily together all th",wundrut,invented,,kondron,langaz,sitgriz,,
2266,wildlife,NOUN,22,"Once upon a time, three animal friends named Sammy the spider monkey, Pedro the puma, and Maria the macaw lived in the l",krarag,invented,,frarkin,nungras,zungrag,,
2267,critical,ADJ,22,"Long, long ago, in a bustling library filled with ancient scrolls and dusty books, lived two curious friends - Timmy, th",grombur,invented,,kongru,gozhgruk,skukazk,,
2268,flow,NOUN,22,"Once upon a time, in a small town named Happyville, lived three best friends - Timmy the Turtle, Sally the Squirrel, and",galoz,shared,@flow/VERB,,,,,same word as flow/VERB
2269,gear,NOUN,22,"In a town called Mystic Falls, where magical creatures roam, lived three brave kids named Timmy, Sarah, and Johnny. They",suntugul,invented,,sonduzash,sothgragoz,zarogorg,,
2270,kettle,NOUN,23,"The forester climbed up, brought the child down, and thought to himself: ‘You will take him home with you, and bring him",rengran,invented,,gakwink,khangom,mazu,,
2271,masterpiece,NOUN,22,"Once upon a time, in a small town called Rocketville, lived two best friends named Sam and Alex. They were both curious ",dhranglel,invented,,fratha,slinraz,frutund,,
2272,university,NOUN,22,"Once upon a time in the beautiful Eastern Cape, there was a little town called Skillville. This town had lots of kind pe",mingraz,invented,,lidan,kenroz,sazorg,,
2273,west,NOUN,23,THE BRONZE RING PRINCE HYACINTH AND THE DEAR LITTLE PRINCESS EAST OF THE SUN AND WEST OF THE MOON THE YELLOW DWARF LITTL,hurash,invented,,danun,valdhruk,drishal,,
2274,appoint,VERB,23,"After some time he took it in his head that he would travel to Rome. On the way he passed by a marsh, in which a number ",khudonk,invented,,dorbal,tulmard,zizhdhran,,
2275,beer,NOUN,23,"Hans brushed his coat, wiped his face and hands, rested a while, and then drove off his cow quietly, and thought his bar",bral,shared,@ale/NOUN,,,,,synonym of ale
2276,cellar,NOUN,23,"When Sunday came, and it was time for the girl to start, a feeling of dread came over her which she could not explain, a",streta,invented,,dhradra,gomluz,guzkvaz,,
2277,chuckle,VERB,22,"Long, long ago in a bustling town named Alpha, there was a famous English school known for its excellent teaching method",lokrirun,invented,,kegirond,kabuftik,zuhazka,,
2278,clothe,VERB,23,"As they crossed the heath again on their way home they surprised the dwarf, who had emptied out his bag of precious ston",dhrangrol,invented,,thunrak,zelal,lurkarl,,
2279,defense,NOUN,22,"Once upon a time, in a faraway land called Russia, there lived a kind and curious little girl named Anastasia. She loved",nangdrum,invented,,grazoz,kruzush,kronarg,,
2281,hue,NOUN,22,"One sunny day, Little Timmy decided to watch a new movie he had been excited about. As the credits rolled, his face fell",zorazhok,invented,,nobragriz,zukazul,grezukat,,
2283,mortal,NOUN,23,* A Danish mile is nearly 4 3/4 English. In a few seconds the watchman had done the fifty-two thousand of our miles up t,grazbeza,shared,@mortal/ADJ,,,,,same word as mortal/ADJ
2284,nurture,VERB,22,"Long, long ago in a bustling town named Alpha, there was a famous English school known for its excellent teaching method",zikazh,invented,,sikrag,sazim,dragord,,
2285,profound,ADJ,22,"Once upon a time, in a small town called Harmonyville, there lived two best friends named Sam and Alex. They were both c",agstol,invented,,walbid,ondrut,skorkon,,
2287,tour,NOUN,22,"Once upon a time, three animal friends named Sammy the spider monkey, Pedro the puma, and Maria the macaw lived in the l",grashzhu,invented,,staral,grazthul,skushal,,
2289,whither,NOUN,23,"The student listened to all this and wondered much; at last he said, ‘Blessed be the day and hour when I found you; cann",braris,invented,,vuldrid,gradel,zhazgak,,
2290,wretch,NOUN,23,"And then the prince and Briar Rose were married, and the wedding feast was given; and they lived happily together all th",skazdobe,invented,,afrarik,oroman,gruraniz,,
2291,boundary,NOUN,22,"Once upon a time in Techville, there was a brilliant team of engineers called ""Best Brains"" working at the esteemed orga",etralk,invented,,tuzarn,krimork,thronef,,
2292,reading,NOUN,22,"Once upon a time, in a small town called New Meliora, lived two best friends, Max and Lily. They were fascinated by stor",takenk,invented,,zanez,ezbul,dratim,,
2293,teaching,NOUN,22,"Long, long ago in a bustling town named Alpha, there was a famous English school known for its excellent teaching method",kakwol,invented,,smizurk,drarkun,ganguzash,,
2294,convert,VERB,22,"In a small town, there was a quaint schoolhouse filled with curious students. Sister Catherine, who always wore a long b",athgor,invented,,wumuz,dazrug,kungdrar,,
2295,neighboring,NOUN,22,"On a sunny day in Classyville, all the students were excitedly preparing for their annual science fair! This year, two b",smandur,invented,,nukung,hurkhak,begindun,,
2296,century,NOUN,22,"In a small village on the windswept shores of the Shetland Islands, two curious children named Erin and Liam lived. They",sibkan,invented,,katfla,strenat,slongarz,,
2297,act,NOUN,22,"Once upon a time, in the town of LOLville, lived two best friends named Chuckle and Guffaw. They were both famous comedi",lurn,shared,@act/VERB,,,,,same word as act/VERB
2298,green,NOUN,22,"Once upon a time in the bustling city of Dundee, there were eight friends named Westport, Flame Tree, Papa John, Subway,",wern,shared,@green/ADJ,,,,,same word as green/ADJ
2299,stem,NOUN,22,"It was a bright and sunny day, and Lily wanted to make something beautiful. She gathered her craft supplies and began wo",straziz,invented,,zandez,thrilik,kvizhrak,,
2300,diligent,ADJ,22,"Meet Hiroshi, the successful CEO of a big tech company in Tokyo, Japan! Every day, he starts his mornings bright and ear",kezulg,invented,,grongsal,ririz,kakrakwik,,
2301,mayor,NOUN,22,"In a small town in Texas lived a funny yet peculiar man named Jack Griffith, also known as Papa to his two daughters, Au",ulgut,invented,,ezgak,gregru,dangdror,,
2302,illuminate,VERB,22,"Then they came to another grove of trees, where all the leaves were of gold; and afterwards to a third, where the leaves",rondak,invented,,krazdok,gangul,dhrurduz,,
2303,poem,NOUN,22,You see he ought to have said that sooner; for the moment he expressed the wish his head was free; and cured of all his ,zoratshal,invented,,kobazu,bizhutrunt,guzuban,,
2304,retire,VERB,22,"Once upon a time, a mouse, a bird, and a sausage, entered into partnership and set up house together. For a long time al",glimdal,invented,,stronga,kligung,dolin,,
2306,coast,NOUN,22,"The coast once clear, our travellers soon sat down and dispatched what the robbers had left, with as much eagerness as i",zubal,invented,,vashdhar,urbund,meldrong,,
2307,influence,NOUN,22,"She crept along trembling with cold and hunger--a very picture of sorrow, the poor little thing! The flakes of snow cove",zumthiz,invented,,untul,dangkak,zakang,,
2308,pipe,NOUN,22,"An hour or two afterwards the landlord got up, and took his handkerchief to wipe his face, but the pin ran into him and ",nugirla,invented,,grazhrangal,kazdagul,khongrarink,,
2309,defend,VERB,22,"The little tailor went forth, and the hundred horsemen followed him. When he came to the outskirts of the forest, he sai",zharozhru,invented,,khambarak,khakthrezan,dimguran,,
2311,stomach,NOUN,22,"‘The better to hear you with, my child,’ was the reply. ‘But, grandmother, what big eyes you have!’ she said. ‘Oh! but, ",vashskas,invented,,gruve,slazral,zoldriz,,
2312,greek,ADJ,22,"Produced by the Online Distributed Proofreading Team at https://www.pgdp.net/ Author of ""The Myths of Greece and Rome"" e",robab,invented,,smamuz,fruzorg,gakzhu,,
2313,oak,NOUN,22,"‘Oh, indeed?’ answered the little tailor, and unbuttoned his coat, and showed the giant the girdle, ‘there may you read ",rabak,invented,,vogru,skutwang,slezerm,,
2316,silk,NOUN,22,"Rapunzel grew into the most beautiful child under the sun. When she was twelve years old, the enchantress shut her into ",dwutshal,invented,,thrinshu,glazek,ondong,,
2318,dancing,NOUN,22,The text is based on translations from the Grimms’ Kinder und Hausmärchen by Edgar Taylor and Marian Edwardes. THE GOLDE,zangrom,invented,,khantunk,skrahung,zharol,,
2320,reward,VERB,22,"Hans brushed his coat, wiped his face and hands, rested a while, and then drove off his cow quietly, and thought his bar",bonut,shared,@reward/NOUN,,,,,same word as reward/NOUN
2321,sew,VERB,22,"In a village dwelt a poor old woman, who had gathered together a dish of beans and wanted to cook them. So she made a fi",zitril,invented,,stroza,zinran,gigrid,,
2322,acceptance,NOUN,21,"Once upon a time, in the city of Musicville, lived two best friends named Melody and Harmony. They loved to sing and dan",kralal,invented,,boma,grobirz,flakuz,,
2323,anticipate,VERB,21,"In a bustling city full of towering buildings and bright lights lived two best friends, Timmy the Tester and Sally the S",kugkhrung,invented,,dogark,gralgul,mongan,,
2324,dedication,NOUN,21,"One sunny day, Little Timmy decided to watch a new movie he had been excited about. As the credits rolled, his face fell",glarand,invented,,thrurkur,stezink,angthra,,
2325,devastate,VERB,21,"Once upon a time, in a small town named Techville, lived two best friends – Alex and Jamie. They loved exploring new thi",akflun,invented,,dralush,dhrinkeng,skibun,,
2326,expectation,NOUN,21,"Once upon a time, in a peaceful village nestled between green hills, lived three best friends - Sally the scientist, Tim",kukran,invented,,bulkhrath,ifron,sibakflig,,
2327,experiment,VERB,21,"Once upon a time, in a town called Melody Meadows, lived two best friends named Bella the Butterfly and Sammy the Squirr",dremutin,shared,@experiment/NOUN,,,,,same word as experiment/NOUN
2328,fearful,ADJ,22,"The Princess now stood and wept, the swineherd scolded, and the rain poured down. “Alas! Unhappy creature that I am!” sa",unath,invented,,zuzgang,nendor,dargrug,,
2329,glorious,ADJ,22,The whole city was talking of the splendid cloth which the Emperor had ordered to be woven at his own expense. And now t,etalas,invented,,rarulthrak,kvondurik,alungron,,
2330,implement,VERB,21,"Once upon a time, in a town called Eco-ville, lived two best friends - Sammy the Scientist and Jamie the Chef. They love",watran,invented,,drizkol,wazhun,gundunk,,
2331,key,ADJ,21,"Every day, McKenna wakes up early and goes to her office. She starts working at 8 o'clock in the morning and continues u",skint,shared,@key/NOUN,,,,,same word as key/NOUN
2332,panel,NOUN,21,"Once upon a time, in a small town named Explorville, lived two best friends - Benny the Beaver and Sammy the Squirrel. T",rarard,invented,,drozru,zuzim,delaz,,
2333,pierce,VERB,22,"On the same day that she cast out Rapunzel, however, the enchantress fastened the braids of hair, which she had cut off,",thrunkung,invented,,sharbu,trengak,dhrantak,,
2335,professional,ADJ,21,"Once upon a time, in a land called Feelingville, lived two best friends named Sunny and Frowney. They were both very dif",aftiziz,invented,,zangraron,kinubu,rondurbang,,
2336,punish,VERB,22,"The youngest son fell to the bottom of the river's bed: luckily it was nearly dry, but his bones were almost broken, and",vunmar,invented,,kakthru,lukflek,vanur,,
2338,slow,VERB,21,"Once upon a time, in a small town named Artville, there was a wonderful museum called ""Marvelous Museum."" It had many ex",grald,shared,@slow/ADJ,,,,,same word as slow/ADJ
2340,underwater,ADJ,21,"Once upon a time, in the city of Musicville, lived two best friends named Melody and Harmony. They loved to sing and dan",azind,invented,,buzun,dreturd,mekul,,
2341,blind,ADJ,22,"The carter seeing that he had thus lost all that he had, went down into his kitchen; and was still not sorry for what he",grikruz,invented,,datruld,thrordal,ridarn,,
2342,doubt,NOUN,22,"They could not, however, reach the great city the first day; so when night came on, they went into a wood to sleep. The ",zhulak,invented,,bongash,zardhash,rutat,,
2343,favor,NOUN,22,"Yes; it was not a very polite epistle from the manager of a theatre, in which both pieces were flatly refused. “Hem! hem",gubut,invented,,gungthraz,duzat,skruvo,,
2344,loaf,NOUN,22,"One summer's morning a little tailor was sitting on his table by the window; he was in good spirits, and sewed with all ",khrirm,invented,,vamat,mezul,kuzhskal,,
2345,ago,ADV,22,"Once upon a time there was a widow who had two daughters; one of them was beautiful and industrious, the other ugly and ",ekthrun,shared,@ago/ADJ,,,,,same word as ago/ADJ
2346,argument,NOUN,21,"In a cozy classroom filled with curious little creatures called Fuzzles, their teacher, Ms. Sparkle, presented them with",ganizkur,invented,,gagraruz,kungrardu,korinok,,
2347,collaborate,VERB,21,"Once upon a time, in the land of Kemet, now known as Egypt, there lived four curious friends: Nile the crocodile, Mira t",nalez,invented,,klalaf,thrakokal,throznurag,,
2348,comb,VERB,22,"Soon afterwards the wolf came and wished him joy, and said, ‘Now, my good fellow, you must tell no tales, but turn your ",nakstaz,invented,,wanet,thrarkun,vaduk,,
2349,file,NOUN,21,"In a bustling city full of towering buildings and busy people, lived two curious friends named Alex and Jamie. They were",alkhul,invented,,azflak,dushtraz,thongash,,
2350,genie,NOUN,22,"Aladdin found everything as the magician had said, gathered some fruit off the trees, and, having got the lamp, arrived ",drularl,invented,,ruldrut,drilarg,thrashhuzak,,
2351,giantess,NOUN,22,"""Surt from the south comes With flickering flame; Shines from his sword The Val-god's sun. The stony hills are dashed to",klolak,invented,,zadim,etdhrik,grumdeg,,
2352,implore,VERB,22,"“Merciful God, where am I!” exclaimed he in agony; and while he so thought, all his ideas and feelings of overpowering d",dabzak,invented,,valdhroz,bantog,bengis,,
2353,limitation,NOUN,21,"Little Coder was working hard on their latest project - they were trying to calculate something called the ""bivariate Po",dandink,invented,,glakor,horug,granink,,
2354,murder,VERB,22,"Thereupon the old woman led her behind a large cask, which quite hid her from view. ‘Keep as still as a mouse,’ she said",wabrok,invented,,grungush,kingrut,grardun,,
2355,production,NOUN,21,"Once upon a time, in a small town named Explorville, lived two best friends - Benny the Beaver and Sammy the Squirrel. T",grusha,invented,,wurdaz,grulink,mazdar,,
2356,recognise,VERB,22,"“I either behold a fata morgana, or I am regularly tipsy,” whimpered out the Councillor. “But what's this?” He turned ro",dukwok,invented,,grekda,olgun,zangreb,,
2357,scatter,NOUN,21,"Little Lily, the day has finally come! You're all grown up and ready to soar high into the world of learning – Collegevi",khaldurong,shared,@scatter/VERB,,,,,same word as scatter/VERB
2358,section,NOUN,21,"Once upon a time, in the bustling city of San Francisco, lived four best friends - Sara the butterfly, Benny the bumbleb",tuftul,invented,,khratong,khruzunk,drungnu,,
2359,serpent,NOUN,22,"All the other houses in the street were so new and so neat, with large window panes and smooth walls, one could easily s",khagoz,invented,,thengroz,valgru,brorang,,
2360,sire,NOUN,22,"The next morning, at daybreak, a wonderful ship with every sail set came to anchor before the town. The King happened at",grurazo,invented,,unangdraz,drarduzhar,gamdarud,,
2361,watchman,NOUN,22,"“Merciful God, where am I!” exclaimed he in agony; and while he so thought, all his ideas and feelings of overpowering d",binkig,invented,,skurnam,akfliz,zakrazh,,
2362,second,NOUN,21,"Once upon a time, in the land of Athletica, lived three best friends - Speedy Sammy, Jumpy Jack, and Strong Sally. They ",wozhardonk,invented,,derbangraz,anero,ribnukil,,
2363,overlook,VERB,21,"It was a sunny day in Sunshine City, and Billy and his sister Lucy were playing outside on their bikes. As they rode aro",kubarl,invented,,grarkha,vaskan,zengrank,,
2364,writing,NOUN,21,Little Bunny was hopping around her garden when she came across a small piece of paper with some writing on it. She coul,gibtuk,invented,,dinrol,nagfrak,zandazh,,
2365,pave,VERB,21,"Once upon a time, in a small town called Rocketville, lived two best friends named Sam and Alex. They were both curious ",khezek,invented,,grodraz,grezur,skraruk,,
2366,recommend,VERB,21,"Once upon a time, in the beautiful city of Cagliari, Italy, there lived four friends named Marco, Sofia, Luca, and Giada",kunkez,invented,,ratkruz,thromdhan,skaknak,,
2367,count,NOUN,21,"Long, long ago in a bustling town named Alpha, there was a famous English school known for its excellent teaching method",dendak,shared,@count/VERB,,,,,same word as count/VERB
2369,imagination,NOUN,21,"Once upon a time in Techville, there was a brilliant team of engineers called ""Best Brains"" working at the esteemed orga",smont,invented,,samarz,kizhdhrak,skamig,,
2370,severe,ADJ,21,"Once upon a time, in the bustling city of Seattle, lived two best friends named Russell and Max. Russell was a football ",kigashuf,invented,,gothvara,gruzizka,dhrebarnoz,,
2371,suitable,ADJ,21,"Once upon a time, in a small town named Healthville, lived a kind and caring girl named Lily. She took great care of her",rangdrang,invented,,drinrud,gralar,grashath,,
2372,dawn,VERB,21,Deep beneath the warm waters of the Northwest Pacific Ocean lies a tiny island called Guam. This little island is home t,dulkhrid,shared,@dawn/NOUN,,,,,same word as dawn/NOUN
2374,stream,VERB,21,"In the heart of a bustling city, there was a magnificent stadium. It stood tall and proud, hosting all sorts of exciting",thrakraz,shared,@stream/NOUN,,,,,same word as stream/NOUN
2376,fishing,NOUN,21,"There was once a fisherman who lived with his wife in a pigsty, close by the seaside. The fisherman used to go out all d",zizhruzk,invented,,ungik,zugrind,akwin,,
2377,likely,ADJ,21,"After they had travelled along a little way, they met a needle and a pin walking together along the road: and the needle",sudronk,invented,,tharbak,hararg,glungrol,,
2378,porch,NOUN,21,"Just as they were about to sit down and eat, there was a knocking outside. The woman said: ‘Oh, heavens! It is my husban",lokikak,invented,,khungrazom,dugamal,bufrokan,,
2379,autumn,NOUN,21,"“Oh! Were I but such a high tree as the others are,” sighed he. “Then I should be able to spread out my branches, and wi",inrun,invented,,bizkur,greha,engru,,
2380,exchange,VERB,21,"On the third day, the boy sat by the well, and did not stir his finger, however much it hurt him. But the time was long ",kozanruz,shared,@exchange/NOUN,,,,,same word as exchange/NOUN
2381,note,VERB,21,"""You now remindest me How I with Hrungnir fought, That stout-hearted Jotun, Whose head was all of stone; Yet I made him ",grukok,shared,@note/NOUN,,,,,same word as note/NOUN
2382,staff,NOUN,21,The watchman's spirit understood the language of the inhabitants of the moon pretty well. The Selenites* disputed variou,magal,invented,,zalim,fumuz,barangung,,
2383,moreover,ADV,21,"‘Well,’ said they, ‘you are come back, and we will not sell you again for all the riches in the world.’ Then they hugged",urundran,invented,,vongafru,arinaz,dulazu,,
2384,passage,NOUN,21,"The poor soldier fell without injury on the moist ground, and the blue light went on burning, but of what use was that t",thruzful,invented,,kungon,drubin,katreng,,
2385,your,NOUN,21,"The third night he sat down again on his bench and said quite sadly: ‘If I could but shudder.’ When it grew late, six ta",ongdresh,invented,,wandraz,vuwan,vangro,,
2386,confess,VERB,21,"When they came to the stairs, the soldier ran on before the princesses, and laid himself down; and as the twelve sisters",gratukur,invented,,dashagal,glunkazin,edukand,,
2387,fight,NOUN,21,"The little tailor continued to follow his nose, and after he had wandered about for a long time he came to the courtyard",skraf,shared,@fight/VERB,,,,,same word as fight/VERB
2388,aid,VERB,21,"So our poor wanderer went forth, and found all as the night-wind had said; and she plucked the eleventh rod, and smote t",skrodam,shared,@aid/NOUN,,,,,same word as aid/NOUN
2389,anxiety,NOUN,21,Hard by a great forest dwelt a poor wood-cutter with his wife and his two children. The boy was called Hansel and the gi,gladok,invented,,ziwa,dazuz,zomazaz,,
2390,bull,NOUN,21,"“Oh!” cried the woman at the same moment. She had been bitten in the ear by her own little daughter, who hung at her bac",arazkak,invented,,kukunu,ralgaza,gegoral,,
2391,rich,NOUN,21,"A king and queen once upon a time reigned in a country a great way off, where there were in those days fairies. Now this",daba,shared,@rich/ADJ,,,,,same word as rich/ADJ
2392,glance,NOUN,21,"“Well to be sure, he is an easy master!” said the Prince to himself as he walked up and down the room humming and singin",zhufkaba,invented,,zunkanu,zozongrok,uluzuk,,
2393,prevail,VERB,21,One day Aladdin heard an order from the Sultan proclaimed that everyone was to stay at home and close his shutters while,sontron,invented,,grakwung,mulkazk,raskak,,
2394,shed,VERB,21,"The cook, however, thought to himself: ‘If the child has the power of wishing, and I am here, he might very easily get m",kekuz,invented,,khrutun,dizba,thrubank,,
2395,spindle,NOUN,21,"Just as eleven of them had done blessing her, a great noise was heard in the courtyard, and word was brought that the th",aldrekak,invented,,warurkhan,yazero,ruronoz,,
2398,rag,VERB,21,"‘O man of the sea! Hearken to me! My wife Ilsabill Will have her own will, And has sent me to beg a boon of you!’ ‘What ",bakurdril,shared,@rag/NOUN,,,,,same word as rag/NOUN
2401,bestow,VERB,21,"This, too, happened as the fox said; they carried off the bird, the princess mounted again, and they rode on to a great ",hanthrazh,invented,,zhufrar,glantuk,dhrelgak,,
2402,leather,NOUN,21,"One of these lucky beings was neighbour Hans. Seven long years he had worked hard for his master. At last he said, ‘Mast",angthrol,invented,,zukarn,strenga,ulol,,
2403,sin,NOUN,21,"When the queen heard this she jumped for joy, and as soon as her little friend came she sat down upon her throne, and ca",grolom,invented,,glangak,manbu,hagrot,,
2404,angel,NOUN,21,There was once upon a time a queen to whom God had given no children. Every morning she went into the garden and prayed ,kograz,invented,,klubkan,grozkal,drafuk,,
2405,bridegroom,NOUN,21,"From this time forth no one invited the cat to be godmother, but when the winter had come and there was no longer anythi",kumban,invented,,datar,angronk,valdhruz,,
2406,brook,NOUN,21,"In a village dwelt a poor old woman, who had gathered together a dish of beans and wanted to cook them. So she made a fi",dalunud,invented,,datoral,khratomgik,bringokwuk,,
2407,competition,NOUN,20,"Once upon a time, in the land of Sportsville, there lived four best friends named Goldie the Gymnast, Swimmy the Swimmer",flunarg,invented,,goska,bolung,thaleng,,
2408,courtier,NOUN,21,"The little tailor went onwards, always following his own pointed nose. After he had walked for a long time, he came to t",dakathaz,invented,,mabamdan,vundrikin,landranu,,
2409,craft,VERB,20,"Once upon a time, in a small town called Veggiville, lived four friends named Zoey Zucchini, Sammy Spinach, Benny Beet, ",godab,invented,,skezam,durilk,kildruz,,
2410,daylight,NOUN,21,"‘O man of the sea! Hearken to me! My wife Ilsabill Will have her own will, And has sent me to beg a boon of you!’ ‘Well,",grolazral,invented,,grazungrel,dongarska,khagonok,,
2411,eco,NOUN,20,"Once upon a time, in a small town named Explorville, lived two best friends - Benny the Beaver and Sammy the Squirrel. T",dhrangraz,invented,,glokenk,skragur,skulor,,
2412,harp,NOUN,21,"As for Odin, he flew to where the gods had prepared vessels for the stolen mead, and disgorged the draught of inspiratio",khuzhrak,invented,,thomgak,vazkuz,markak,,
2413,lab,NOUN,20,"Once upon a time in a small town called Eco-ville, lived two best friends named Bella and Finn. They both loved explorin",durazh,invented,,zozuz,skundaf,zanmuz,,
2414,lad,NOUN,21,Now there was once a maiden whose name was Jorinda. She was prettier than all the pretty girls that ever were seen befor,tranun,invented,,kuzkang,labolg,indrol,,
2415,lap,NOUN,21,Now that very day the hundred years were ended; and as the prince came to the thicket he saw nothing but beautiful flowe,bragag,invented,,wungroz,kangul,grardar,,
2416,liberty,NOUN,21,"This, too, happened as the fox said; they carried off the bird, the princess mounted again, and they rode on to a great ",tugran,invented,,krawab,dazkag,dhalgal,,
2417,mantle,NOUN,21,"There was once a king, whose queen had hair of the purest gold, and was so beautiful that her match was not to be met wi",brangrazaz,invented,,ganozkolg,gitrumdong,izkuza,,
2418,merry,NOUN,21,"They could not, however, reach the great city the first day; so when night came on, they went into a wood to sleep. The ",skrogobun,shared,@merry/ADJ,,,,,same word as merry/ADJ
2419,might,NOUN,21,"After he had travelled a little way, he spied a dog lying by the roadside and panting as if he were tired. ‘What makes y",kutuk,invented,,thabring,nubrang,grozhash,,
2421,organism,NOUN,20,"Deep beneath the ocean surface, in a world full of color and mystery, lived two best friends named Finnley the Anglerfis",dingthra,invented,,ubend,threrot,gringlus,,
2422,potential,NOUN,20,"Once upon a time in a land far away, there was a magical school called Nottingham Trent University. This school had spec",davul,shared,@potential/ADJ,,,,,same word as potential/ADJ
2424,spare,VERB,21,"But this queen died; and the king soon married another wife, who became queen, and was very beautiful, but so vain that ",yagdhal,invented,,irdruk,grandol,duskan,,
2425,straightforward,ADJ,20,"It was a sunny day and Billy, Madison, and Ryan were having a picnic in the park. They were eating juicy, red watermelon",skrungil,invented,,krozid,ganrel,nava,,
2427,subtract,VERB,20,"Once upon a time, in the bustling halls of Beaumont High School, there was a talented basketball team known as the Wildc",drangron,invented,,rumorn,kumgu,guzhrul,,
2428,sustainability,NOUN,20,"Once upon a time in a small town called Eco-ville, lived two best friends named Bella and Finn. They both loved explorin",zakflosh,invented,,libnol,shardal,mazkun,,
2430,transportation,NOUN,20,"Once upon a time, in a land called Rogaland, there lived two best friends named Kai and Signe. They loved exploring thei",galogil,invented,,merazkar,budhrazof,klagagod,,
2432,update,VERB,20,"Once upon a time in Cyberville, there was a smart little robot named Byte. Byte loved learning about all things technolo",zangnik,invented,,rutal,usthril,krorda,,
2433,adjust,VERB,20,Once a little explorer named Alex was on a mission to find hidden treasures in the land of vectors. Alex had a magical c,dontazha,invented,,ubaldel,gagunan,unraluz,,
2434,construction,NOUN,20,"Once upon a time, in a small town named Explorville, lived two best friends - Benny the Beaver and Sammy the Squirrel. T",yarerab,invented,,grazangak,zazralal,hatrengrom,,
2435,million,NOUN,20,"Once upon a time, in the bustling city of Bollywood, lived a famous actor named Nasser. He was known for his incredible ",enguliz,invented,,agdhazrag,gizkangkan,undeban,,
2437,review,NOUN,20,"Once upon a time, in a bustling city called Manhattan, there lived a curious little mouse named Max. Max wanted to buy h",rowaz,invented,,skamun,trunglel,wazaz,,
2439,achievement,NOUN,20,"Once upon a time, in a small town named Explorville, lived two best friends - Benny the Beaver and Sammy the Squirrel. T",umthik,invented,,sangrarn,azhdhraz,khuzank,,
2440,celestial,ADJ,20,"In a small village on the windswept shores of the Shetland Islands, two curious children named Erin and Liam lived. They",smangaz,invented,,lalkrik,nekalg,vungkin,,
2441,characteristic,NOUN,20,"Once upon a time, in a small town named Harmonyville, lived Grandma Appleberry and her little grandson, Timmy. They both",longungkak,invented,,stibereg,dulanal,ablungnu,,
2443,identity,NOUN,20,"Once upon a time, in a faraway land called Jerusalem, lived a kind and wise man named Ezra. Ezra loved learning about th",winrank,invented,,thrantuk,vazirkur,gizhdhakaz,,
2445,riddle,NOUN,20,"One sunny day, Sara and her little brother Juan were playing in their backyard when they found a mysterious box. It had ",sarkhal,invented,,gashul,gratun,zildrek,,
2446,security,NOUN,20,"Once upon a time, in a small village named Greensville, lived two best friends - Sammy the farmer and Benny the biologis",skando,invented,,drizgan,dridu,khagdhal,,
2448,enthusiastic,ADJ,20,"Once upon a time in the lovely town of Reddish, there lived two best friends named Sam and Alex. They loved exploring th",rozda,invented,,nudron,dingal,grokuf,,
2449,peak,NOUN,20,"Once upon a time, in a peaceful village nestled between green hills, lived three best friends - Sally the scientist, Tim",handag,invented,,grinbung,skirang,vanmagul,,
2450,swimming,NOUN,20,"Once upon a time, in the land of Sportsville, there lived four best friends named Goldie the Gymnast, Swimmy the Swimmer",ringalkhrul,invented,,khongunrak,gomekurm,drebunorm,,
2451,workshop,NOUN,20,"In the heart of the sparkling blue ocean, there was a magnificent cruise ship called ""Explorer's Paradise."" This floatin",khuma,invented,,kator,grogosh,mizgash,,
2452,resistance,NOUN,20,"Once upon a time, in the land of Sportsville, there lived four best friends named Goldie the Gymnast, Swimmy the Swimmer",arubfran,invented,,threlanbak,zikundro,duntamdol,,
2453,stop,NOUN,20,"Once upon a time, in a land far away, there lived two best friends named Lingua and Cultura. They lived in a beautiful v",brot,shared,@stop/VERB,,,,,same word as stop/VERB
2454,alter,VERB,20,"Long, long ago in a bustling town named Alpha, there was a famous English school known for its excellent teaching method",arengro,invented,,dhrabudrash,glanganel,hatinalg,,
2455,assist,VERB,20,"Once upon a time, in a bustling city called Manhattan, there lived a curious little mouse named Max. Max wanted to buy h",momla,invented,,kindraz,gozuz,galdrem,,
2456,distribute,VERB,20,"Once upon a time, in a small town named Melodyville, lived two best friends - Benny the Beatboxer and Daisy the Drummer.",basol,invented,,anruf,skrigab,zungunt,,
2457,estate,NOUN,20,"Once upon a time, in a bustling city called Manhattan, there lived a curious little mouse named Max. Max wanted to buy h",daskil,invented,,nonkon,gadrak,dregruz,,
2458,stand,NOUN,20,"Once upon a time, in the bustling city of Bollywood, lived a famous actor named Nasser. He was known for his incredible ",grinboz,shared,@stand/VERB,,,,,same word as stand/VERB
2459,address,VERB,20,"Once upon a time, in a small town called Harmonyville, there lived two best friends named Sam and Alex. They were both c",zakon,invented,,nudral,khuzhul,difrarn,,
2460,artificial,ADJ,20,"Once upon a time in Techville, there was a brilliant team of engineers called ""Best Brains"" working at the esteemed orga",khatag,invented,,dhrenol,wagzan,khrarer,,
2461,pitch,NOUN,20,"Once upon a time, in the city of Musicville, lived two best friends named Melody and Harmony. They loved to sing and dan",glarata,invented,,gradezuz,kongara,sanokfleg,,
2462,respective,ADJ,20,"Once upon a time in Fitness Forest, there lived five friends named Hippy, Hammy, Shelly, Quinn, and Chris Chest. They lo",thagak,invented,,zathaz,darord,norda,,
2463,follower,NOUN,20,"Once upon a time, in a small town called Socialville, lived two best friends named Benny the Business Bear and Sammy the",dakong,invented,,nongronk,mazath,makrok,,
2464,pledge,VERB,20,"Once upon a time, in a small town named Harmonyville, lived Grandma Appleberry and her little grandson, Timmy. They both",gruzil,invented,,zuvat,kulkhazk,gamork,,
2465,refresh,VERB,20,"Once upon a time, in a small town named Sunnyville, lived two best friends - Timmy the Tortoise and Benny the Bird. They",bundu,invented,,gozhar,rugre,duzrint,,
2466,convey,VERB,20,"Little Timmy loved learning about language and science. One day, his teacher gave him a special assignment - to check if",kiruz,invented,,thrarbez,wokind,dhrorak,,
2469,crew,NOUN,20,"Thereupon the old woman led her behind a large cask, which quite hid her from view. ‘Keep as still as a mouse,’ she said",gromorn,invented,,dutral,dudra,mindron,,
2470,description,NOUN,20,"“Ah! we shall soon see that!” thought the old Queen-mother; however, she said not a word of what she was going to do; bu",ukudran,invented,,durdura,glarerund,gogukurk,,
2471,numerous,ADJ,20,"“I either behold a fata morgana, or I am regularly tipsy,” whimpered out the Councillor. “But what's this?” He turned ro",ruzruta,invented,,dranguzhuk,okoftuz,sunenras,,
2472,opponent,NOUN,20,"""Skrymir's thongs Seemed to you hard, When at the food you could not get, When, in full health, of hunger dying."" Angry ",sazhakol,invented,,bamagim,kulmundug,gakiban,,
2473,fat,NOUN,20,"So on he jogged, and all seemed now to go right with him: he had met with some misfortunes, to be sure; but he was now w",thralal,shared,@fat/ADJ,,,,,same word as fat/ADJ
2474,pace,NOUN,20,"Hans took the stone, and went his way with a light heart: his eyes sparkled for joy, and he said to himself, ‘Surely I m",kabnuk,invented,,drufun,gogral,kazdabat,,
2475,quantity,NOUN,20,* A Danish mile is nearly 4 3/4 English. In a few seconds the watchman had done the fifty-two thousand of our miles up t,kirungiz,invented,,akukin,gadaskin,vamongazk,,
2477,ruin,NOUN,20,"In the evening there was a hearse seen before the door, and he was borne into it in his coffin: he was now to go out int",klothgan,shared,@ruin/VERB,,,,,same word as ruin/VERB
2478,toss,VERB,20,"The youngest son fell to the bottom of the river's bed: luckily it was nearly dry, but his bones were almost broken, and",muzid,invented,,grafgal,dwaze,dwozurk,,
2479,apparent,ADJ,20,"“Well, Sir Minister!” said one of the knaves, still pretending to work. “You do not say whether the stuff pleases you.” ",thrabuhang,invented,,dhrangandam,druzifdak,zhurorul,,
2480,convince,VERB,20,"“I either behold a fata morgana, or I am regularly tipsy,” whimpered out the Councillor. “But what's this?” He turned ro",nungrez,invented,,thrirez,thrayar,rongan,,
2481,proof,NOUN,20,The following day the king's daughter asked the gardener about his boy. ‘He is at work in the garden; the queer creature,hanint,invented,,durdra,breral,engru,,
2482,undo,VERB,20,"When they came to the parson's house, Tom slipped through the window-bars into the room, and then called out as loud as ",glangrara,invented,,kharizil,makakdwam,azbawun,,
2484,poetry,NOUN,20,"While expressing his wish, the charm of the shoes, which he had put on, began to work; the watchman entered into the bei",nakflath,invented,,dwangok,zurid,grigurm,,
2485,thorn,NOUN,20,"However, she was not dead, but had only fallen into a deep sleep; and the king and the queen, who had just come home, an",dwazkun,invented,,dhrabluk,gokot,galgrul,,
2486,whole,NOUN,20,"‘Nibble, nibble, gnaw, Who is nibbling at my little house?’ and went on eating without disturbing themselves. Hansel, wh",kranrol,shared,@whole/ADJ,,,,,same word as whole/ADJ
2487,employ,VERB,20,"She mumbled something to herself, seized the nightingale, and went away with it in her hand. Poor Jorindel saw the night",gruzhek,invented,,wazdenk,weril,grantarar,,
2488,envelop,VERB,20,"It was very natural that the dangers incurred in hunting and fishing under these inclement skies, and the suffering enta",dhruzinol,invented,,degrunak,ongakfluk,dhrotomaz,,
2489,sir,NOUN,20,"There was once a fisherman who lived with his wife in a pigsty, close by the seaside. The fisherman used to go out all d",zordazdan,invented,,garloboz,dhralula,ketulu,,
2490,sore,ADJ,20,"The little tailor went forth, and the hundred horsemen followed him. When he came to the outskirts of the forest, he sai",grarlim,invented,,obet,skrate,zoftroz,,
2491,entrust,VERB,20,"They were telling each other, with a confidential interchange of ideas, where they had been during the day. The messenge",kakwugru,invented,,sarwengro,shakunkvar,wograzenk,,
2492,hen,NOUN,20,There was once upon a time a queen to whom God had given no children. Every morning she went into the garden and prayed ,glazdoka,invented,,enbalal,skuzorkha,gliskinin,,
2493,hurl,VERB,20,"Yes; it was not a very polite epistle from the manager of a theatre, in which both pieces were flatly refused. “Hem! hem",nazurak,invented,,matimal,gangunkar,dromankuk,,
2494,longing,NOUN,20,"Thus Chanticleer was left alone with his dead Partlet; and having dug a grave for her, he laid her in it, and made a lit",rungim,invented,,klanrik,grumtho,gramar,,
2497,armour,NOUN,20,"After some time the young queen heard her husband say in his dreams at night: ‘Boy, make me the doublet, and patch the p",grodas,invented,,nanonk,zungnut,krazuz,,
2498,background,NOUN,19,"One sunny day, Little Timmy decided to watch a new movie he had been excited about. As the credits rolled, his face fell",dhratatzo,invented,,zazkuntil,erandez,valin,,
2499,bosom,NOUN,20,"When the time came for them to set out, the fairy went into her bed-chamber, and took a little knife, and cut off a lock",dratre,invented,,grinmun,ragdha,nurdharm,,
2500,bough,NOUN,20,"Soon after came up a millstone, an egg, a duck, and a pin; and Chanticleer gave them all leave to get into the carriage ",akodrozk,invented,,wanozul,nangdruluk,grurokarz,,
2501,carbon,NOUN,19,"Once, there were two best friends named Sam and Alex who loved learning new things. They had a special teacher, Ms. Suni",ankir,invented,,dradhrung,argol,dredra,,
2502,chart,NOUN,19,"In a bustling city full of towering buildings and busy people, lived two curious friends named Alex and Jamie. They were",threreru,invented,,retengin,skurangek,elangdra,,
2503,coffin,NOUN,20,Hard by a great forest dwelt a poor wood-cutter with his wife and his two children. The boy was called Hansel and the gi,rorla,invented,,kelgan,vadrob,regang,,
2504,destine,VERB,20,"“Oh, were I but old enough to fly across the sea! But how does the sea look in reality? What is it like?” “That would ta",mazhrul,invented,,ulgrag,skangro,zozuf,,
2505,droplet,NOUN,19,"In a faraway land called North Korea, there lived a kind man named Kenneth Bae. He loved playing soccer with the local k",kratham,invented,,stodran,mizhuf,khrukaz,,
2506,economy,NOUN,19,"Once upon a time in a small town called Eco-ville, lived two best friends named Bella and Finn. They both loved explorin",binbu,invented,,nunbak,nuskarg,grilgil,,
2507,forth,ADV,19,"It was a bright, sunny day and Tommy Turtle was out exploring the meadow. He came across a big pile of rocks that he had",azgar,shared,@forth/ADJ,,,,,same word as forth/ADJ
2508,fuel,VERB,19,"In a bustling town filled with scholars, lived two curious siblings named Mei and Xiao. They were both passionate about ",abon,shared,@fuel/NOUN,,,,,same word as fuel/NOUN
2509,fund,NOUN,19,"Once upon a time in a bustling town, there lived three little animals named Timmy the Tortoise, Benny the Bunny, and Sal",dufdu,invented,,ralas,grizrong,drarbed,,
2510,godmother,NOUN,20,"A certain cat had made the acquaintance of a mouse, and had said so much to her about the great love and friendship she ",zizrirn,invented,,kornak,bonrond,grubas,,
2511,horseman,NOUN,20,"One of these lucky beings was neighbour Hans. Seven long years he had worked hard for his master. At last he said, ‘Mast",rungnararn,invented,,kuronru,glerazhul,groramak,,
2512,ideal,ADJ,19,"Once upon a time, in a small town named Sunnyville, lived two best friends - Timmy the Tortoise and Benny the Bird. They",nagron,invented,,krungkur,uldruk,rornel,,
2513,integrate,VERB,19,"Once upon a time in Techville, there was a brilliant team of engineers called ""Best Brains"" working at the esteemed orga",grokroruk,invented,,azhulund,wakoban,olthrebaz,,
2514,network,NOUN,19,"Once upon a time, in a land called Rogaland, there lived two best friends named Kai and Signe. They loved exploring thei",abkendu,invented,,zulgangund,smazhomaz,urizuz,,
2515,odin,NOUN,20,"""He gave to Hermod A helm and corselet, And from him Sigmund A sword received."" When Odin took an active part in war, he",vazoruz,invented,,bazarbog,dabugon,grozorbid,,
2516,overheard,VERB,19,"Little Timmy loved learning about science and history, so every day after school, he would visit his wise friend Mr. Map",dazdazk,invented,,zakung,sigrunk,ankaf,,
2517,probable,ADJ,20,"“By your leave!” said the Councillor to the Hostess, who came bustling towards him. “I've felt so queer all of a sudden;",onglonka,invented,,gazkireg,rerkunraf,berund,,
2518,regardless,ADV,19,"Deep beneath the ocean surface, in a world full of color and mystery, lived two best friends named Finnley the Anglerfis",muzdural,invented,,arikar,dingakthral,thrariro,,
2519,riverbank,NOUN,19,"Once upon a time in a small village nestled between rolling hills and a sparkling river, lived three best friends named ",gramil,invented,,khangluz,vagaz,gikuz,,
2520,server,NOUN,19,"Once upon a time in Photoville, there was a friendly photographer named Freddie. Freddie loved taking pictures of the be",gibrel,invented,,gringik,klungal,azbos,,
2521,snatch,VERB,20,"On the same day that she cast out Rapunzel, however, the enchantress fastened the braids of hair, which she had cut off,",nabku,invented,,dwonak,khuhal,badgraz,,
2522,suitor,NOUN,20,"It also related that once when Red-Cap was again taking cakes to the old grandmother, another wolf spoke to her, and tri",talgron,invented,,giskan,batthruz,krogard,,
2523,super,ADJ,19,"Once upon a time, in a faraway land called Hollywood, there was a group of very smart people called filmmakers. They lov",grikantak,invented,,sabano,krerinuk,zugunuf,,
2524,thereupon,ADV,20,"Thereupon she led the girl by the hand up to a broad gateway. The gate was opened, and as the girl passed through, a sho",nungun,invented,,dagring,danarz,khuzang,,
2525,veggie,NOUN,19,"Once upon a time, in a small town called Veggiville, lived four friends named Zoey Zucchini, Sammy Spinach, Benny Beet, ",hunrom,invented,,khazra,tradrod,delguf,,
2526,vibration,NOUN,19,"Once upon a time, in a town called Melody Meadows, lived two best friends named Bella the Butterfly and Sammy the Squirr",zungrod,invented,,vinek,kvazkas,rongla,,
2527,wretch,VERB,20,"And then the prince and Briar Rose were married, and the wedding feast was given; and they lived happily together all th",skazdobe,shared,@wretch/NOUN,,,,,same word as wretch/NOUN
2528,addition,NOUN,19,"Once upon a time, in the bustling halls of Beaumont High School, there was a talented basketball team known as the Wildc",sandak,invented,,skankib,dritul,dangog,,
2529,beat,NOUN,19,"Once upon a time, in the city of Musicville, lived two best friends named Melody and Harmony. They loved to sing and dan",rakeg,shared,@beat/VERB,,,,,same word as beat/VERB
2530,center,NOUN,19,"In a small village on the windswept shores of the Shetland Islands, two curious children named Erin and Liam lived. They",grinkug,invented,,kvumbaz,gonkal,thradrol,,
2531,disagreement,NOUN,19,"In a small town named Melodia, lived two best friends – Mia and Ben. They loved music more than anything else. One sunny",domon,invented,,stural,erkhuz,ilgrum,,
2532,display,NOUN,19,"Once upon a time, in a small town named Artville, there was a wonderful museum called ""Marvelous Museum."" It had many ex",rihank,shared,@display/VERB,,,,,same word as display/VERB
2534,genuine,ADJ,19,"Once upon a time, in a small town named Harmonyville, lived Grandma Appleberry and her little grandson, Timmy. They both",stazil,invented,,brardak,gurdorm,grozok,,
2535,investigation,NOUN,19,"In a bustling town filled with curious kids, lived two bright young scientists named Jamie and Danny. They both loved ex",dikaleng,invented,,dhrakdaril,hotrahan,nonatul,,
2536,significance,NOUN,19,"Once upon a time in a small town called Eco-ville, lived two best friends named Bella and Finn. They both loved explorin",rangdre,invented,,zerdruk,skiluk,akgro,,
2537,try,NOUN,19,"Once upon a time, three animal friends named Sammy the spider monkey, Pedro the puma, and Maria the macaw lived in the l",skat,shared,@try/VERB,,,,,same word as try/VERB
2539,elsewhere,ADV,19,"Once upon a time in Photoville, there was a friendly photographer named Freddie. Freddie loved taking pictures of the be",kubol,invented,,duzum,graneth,anrol,,
2540,illness,NOUN,19,"Once upon a time, in a small town named Healthville, lived two best friends - Benny, the brave little boy, and his faith",grazagik,invented,,khatrata,zazalgrez,kangakthro,,
2541,clothing,NOUN,19,"Once upon a time in a small town called Eco-ville, lived two best friends named Bella and Finn. They both loved explorin",rezar,invented,,sizhuk,vezkund,khazem,,
2542,square,ADJ,19,"Little James loved building things. One day, he was given the task to build a new parking lot for the town fair! The lot",dhrulaz,shared,@square/NOUN,,,,,same word as square/NOUN
2543,stripe,NOUN,19,"High in the tall trees of Knowledge Forest, lived two best friends, Alex the Antlered and Zara the Zebra Striped. They s",valdra,invented,,antin,skrusha,maril,,
2544,top,ADJ,19,"Once upon a time in Techville, there was a brilliant team of engineers called ""Best Brains"" working at the esteemed orga",rerung,invented,,grungash,dhangnaz,makdak,,
2545,musical,ADJ,19,"In a small town named Melodia, lived two best friends – Mia and Ben. They loved music more than anything else. One sunny",kasa,invented,,dontang,badam,skrazang,,
2546,passenger,NOUN,19,"In the heart of the sparkling blue ocean, there was a magnificent cruise ship called ""Explorer's Paradise."" This floatin",karkuku,invented,,zendukin,ingrangaz,hashskangak,,
2547,slope,NOUN,19,"In a small town named Paramathville, lived two best friends, Curious Carla and Bright Benny. They loved exploring and le",frima,invented,,zinra,kabkhun,grakhthag,,
2548,resolution,NOUN,19,"Once upon a time, in a land called Symptomia, there were five friends named Lula, Rhey, Milla, Croe, and Type. They each",borbarl,invented,,dokus,drazduk,dronol,,
2549,construct,VERB,19,"Once upon a time, in a faraway land called Jerusalem, lived a kind and wise man named Ezra. Ezra loved learning about th",thalzhar,invented,,nogwud,madrang,muldron,,
2550,recall,VERB,19,"Little Timmy loved learning about language and science. One day, his teacher gave him a special assignment - to check if",drikruk,invented,,varunt,solkhret,ginbag,,
2551,report,NOUN,19,"Once upon a time, in a small town named Knowville, lived two best friends - Smarty the ant and Brainy the butterfly. The",takukid,invented,,kvahakdu,ordramin,ibuldrik,,
2552,confidence,NOUN,19,"Katie and Mia were best friends who loved spending time together, whether they were playing games or exploring their nei",linubuk,invented,,ekwambal,gralimez,garugdhal,,
2553,historical,ADJ,19,"On a sunny day in Classyville, all the students were excitedly preparing for their annual science fair! This year, two b",dozunru,invented,,ozarun,glanbazuk,elanal,,
2554,portion,NOUN,19,"Once upon a time, in a small town named Healthville, lived a kind and caring girl named Lily. She took great care of her",wazir,invented,,hokrin,gekand,thrukruz,,
2555,prediction,NOUN,19,"Long, long ago in a bustling town named Alpha, there was a famous English school known for its excellent teaching method",baskiz,invented,,frosa,zunsmuk,nomdur,,
2556,potion,NOUN,19,"Once upon a time, in a faraway land called Shakesville, there was a brilliant scientist named Doc. He had a trusty lab a",thrizkang,invented,,nunkek,drozar,kabdhra,,
2557,talk,NOUN,19,"Once upon a time, in a small town named Harmonyville, lived three best friends - Timmy the Tortoise, Sally the Squirrel,",kend,shared,@talk/VERB,,,,,same word as talk/VERB
2558,barren,ADJ,19,Such verses as these people write when they are in love! But no man in his senses ever thinks of printing them. Here one,hashkhank,invented,,nomgor,skugran,skrongan,,
2559,coral,ADJ,19,"She had no sooner taken it into her hand than, whether being very hasty at it, somewhat unhandy, or that the decree of t",kuntazulg,invented,,vengraze,ungural,klungrazun,,
2561,hesitate,VERB,19,"“Oh! you have a daughter,” cried the Yellow Dwarf (who was so called because he _was_ a dwarf and had such a yellow face",drurwul,invented,,andin,zungkam,thribnun,,
2563,proposal,NOUN,19,"The little tailor went onwards, always following his own pointed nose. After he had walked for a long time, he came to t",ingataz,invented,,gringako,vandarun,okrazkor,,
2564,thirst,NOUN,19,"Hans brushed his coat, wiped his face and hands, rested a while, and then drove off his cow quietly, and thought his bar",vanazh,invented,,skagulg,garduz,dukikthra,,
2565,craft,NOUN,19,"‘Dear children,’ said a poor man to his four sons, ‘I have nothing to give you; you must go out into the wide world and ",godab,shared,@craft/VERB,,,,,same word as craft/VERB
2566,drinking,NOUN,19,"‘Alas! alas! if your mother knew it, Sadly, sadly, would she rue it.’ And as she leaned down to drink, the lock of hair ",khendrul,invented,,drukoz,dalgrun,vondrak,,
2567,invitation,NOUN,19,"Here, then, we will stay for the present. In one of the houses not far from the new market a party was invited--a very l",vanton,invented,,duzuk,begrurk,nongor,,
2568,remark,VERB,19,"Rapunzel grew into the most beautiful child under the sun. When she was twelve years old, the enchantress shut her into ",grinrif,invented,,thrinkun,korlon,kambez,,
2570,distress,NOUN,19,"Once upon a time there was a widow who had two daughters; one of them was beautiful and industrious, the other ugly and ",zukreg,invented,,nukwarg,grakin,nangrek,,
2571,afar,ADV,19,"They could not, however, reach the great city the first day; so when night came on, they went into a wood to sleep. The ",unbondal,invented,,drerangnu,garonglak,greraruz,,
2572,distinguish,VERB,19,"After some time he took it in his head that he would travel to Rome. On the way he passed by a marsh, in which a number ",thribul,invented,,gogdhrog,dhrimban,skangrat,,
2573,load,NOUN,19,"One of these lucky beings was neighbour Hans. Seven long years he had worked hard for his master. At last he said, ‘Mast",skizik,shared,@load/VERB,,,,,same word as load/VERB
2574,brow,NOUN,19,"Out of the flesh they fashioned Midgard (middle garden), as the earth was called. This was placed in the exact centre of",grudrong,invented,,dozuz,karstung,mengthrun,,
2575,fit,ADJ,19,"The next morning when he awoke he lifted up his pillow, and there lay the piece of gold glittering underneath; the same ",khudu,shared,@fit/VERB,,,,,same word as fit/VERB
2576,glory,NOUN,19,"The palace was finished by the next day, and the genie carried him there and showed him all his orders faithfully carrie",kuzkak,invented,,ginong,gandrat,grikran,,
2577,shower,NOUN,19,"Thereupon she led the girl by the hand up to a broad gateway. The gate was opened, and as the girl passed through, a sho",muzash,invented,,drizkik,grakorg,dazhum,,
2578,worship,VERB,19,"“In the right coat pocket of the great Man-Mountain we found only one great piece of coarse cloth, large enough to cover",zobrok,invented,,dutkhazk,bazdu,zungdruz,,
2579,aged,ADJ,19,"‘The better to hear you with, my child,’ was the reply. ‘But, grandmother, what big eyes you have!’ she said. ‘Oh! but, ",krarkim,invented,,wakhdhran,vardub,grenkun,,
2580,counterpart,NOUN,19,"In the beginning, Loki was merely the personification of the hearth fire and of the spirit of life. At first a god, he g",kekral,invented,,shuril,drakez,bakald,,
2581,dazzle,VERB,19,"‘Blow, breezes, blow! Let Curdken's hat go! Blow, breezes, blow! Let him after it go! Over hills, dales, and rocks, Away",zuldek,invented,,wolthrun,gakdil,guluz,,
2582,hollow,ADJ,19,"‘What rumbles and tumbles Against my poor bones? I thought it was six kids, But it feels like big stones.’ And when he g",stogoz,invented,,zardar,bragol,bragil,,
2583,holy,ADJ,19,And behold! to the Shoes of Fortune this was the cue; the whole man shrunk together and a most uncommon journey through ,thundal,invented,,zagdhar,zibkur,dindrel,,
2585,naked,ADJ,19,"Meanwhile the miser crept out of the bush half-naked and in a piteous plight, and began to ponder how he should take his",adumak,invented,,wukuzka,grinduzon,anevar,,
2586,utter,ADJ,19,"When the Blefuscudians saw the fleet moving in order, and me pulling at the end, they set up a scream of grief and despa",alkut,shared,@utter/VERB,,,,,same word as utter/VERB
2587,willow,NOUN,19,The text is based on translations from the Grimms’ Kinder und Hausmärchen by Edgar Taylor and Marian Edwardes. THE GOLDE,dumganank,invented,,harulag,rakabol,zozkamaz,,
2588,wrath,NOUN,19,"His foster-brother, who wanted him to keep this resolution, invited three young courtiers, as wicked as himself to sup w",kagrulboz,invented,,trokarkha,vuzumaz,gaziruk,,
2589,affair,NOUN,19,"The little tailor demanded of the king the promised reward; he, however, repented of his promise, and again bethought hi",zhagrel,invented,,udim,dwukaz,kagkhrak,,
2590,astonishment,NOUN,19,"By and by in came the masters of the cottage. Now they were seven little dwarfs, that lived among the mountains, and dug",khubkand,invented,,slulak,dilurk,gongrish,,
2591,balcony,NOUN,19,“He will have a hundred kisses from the Princess!” said the lady who had been to ask. “I think he is not in his right se,rarokord,invented,,garangnal,zukflarim,suzdugruz,,
2593,besides,ADV,19,"After he had travelled a little way, he spied a dog lying by the roadside and panting as if he were tired. ‘What makes y",skuzhwaran,invented,,zukduguk,skongukiz,dwezubu,,
2594,departure,NOUN,19,"When spring had come and all outside was green, the bear said one morning to Snow-white: ‘Now I must go away, and cannot",bazoth,invented,,zurbiz,wazbez,grildal,,
2595,minister,NOUN,19,"So the two pretended weavers set up two looms, and affected to work very busily, though in reality they did nothing at a",lulaz,invented,,ablal,bokleng,raskos,,
2596,portrait,NOUN,19,"He was now in the heart of the wife of this worthy gentleman. It was an old, dilapidated, mouldering dovecot. The husban",valboth,invented,,elel,daddhra,zundint,,
2599,chimney,NOUN,19,"However, she was not dead, but had only fallen into a deep sleep; and the king and the queen, who had just come home, an",bordu,invented,,mibal,grerbil,grinink,,
2600,embroider,VERB,19,"One summer's morning a little tailor was sitting on his table by the window; he was in good spirits, and sewed with all ",guzel,invented,,alet,khrozril,muzez,,
2601,favourite,ADJ,19,"Then the King and Queen flew home to their children and cried: ‘Children, rejoice, eat and drink to your heart's content",sakdund,invented,,nazhrag,dangkel,brerant,,
2602,gae,VERB,19,“Whoever can this trumpet blow Shall cause the giant's overthrow.” As soon as Jack had read this he seized the trumpet a,thranog,invented,,grezun,wuzkash,grenul,,
2603,hearth,NOUN,19,"The coast once clear, our travellers soon sat down and dispatched what the robbers had left, with as much eagerness as i",kambuzuk,invented,,kromthozang,alazhrang,farkhasar,,
2605,sledge,NOUN,19,"“What are you doing?” cried the little girl; and as he perceived her fright, he pulled up another rose, got in at the wi",dhringrot,invented,,zangog,lubuk,khrarul,,
2606,virtue,NOUN,19,"So he hired some villains to murder him; and having shown them where to lie in ambush, he went to his brother, and said,",didrog,invented,,drimlot,zerank,kabag,,
2607,woo,VERB,19,"And the king sent two waiting-maids and two attendants into the tower, to fetch the queen and bring her to the royal tab",zerdonk,invented,,khazga,dretel,akurn,,
2608,abundant,ADJ,18,"In a faraway place called Aotearoa, there was a vibrant city known as Tāmaki Makaurau, or Auckland to us! This bustling ",khilusak,invented,,akaraz,dangrore,gilkenar,,
2609,angle,NOUN,18,"In ancient Rome, there lived two best friends named Marcus and Brutus. They were both part of the distinguished gens Jun",kabdhrul,invented,,drerkha,darush,alant,,
2610,basketball,NOUN,18,"Once upon a time, in the bustling halls of Beaumont High School, there was a talented basketball team known as the Wildc",umikim,invented,,witunkarn,galukur,vandata,,
2613,classmate,NOUN,18,"In a bustling classroom full of curious third graders, lived a mischievous boy named Timmy. One sunny afternoon, their t",sazelg,invented,,kunung,grema,kobag,,
2614,complexity,NOUN,18,"Little Timmy loved learning about science and history, so every day after school, he would visit his wise friend Mr. Map",wakrong,invented,,buntash,ingol,wagodrul,,
2615,email,NOUN,18,"Once upon a time in Photoville, there was a friendly photographer named Freddie. Freddie loved taking pictures of the be",grumtun,invented,,manol,dremuf,lebok,,
2616,enlighten,VERB,18,"Once upon a time, in a small town named Techville, lived three best friends - Cody the Computer, Sally the Smartphone, a",grigok,invented,,golorl,gaskang,traran,,
2617,fairness,NOUN,18,"In the heart of the sparkling blue ocean, there was a magnificent cruise ship called ""Explorer's Paradise."" This floatin",agiz,invented,,vazal,thrakag,taronk,,
2618,farming,NOUN,18,"In a small village on the windswept shores of the Shetland Islands, two curious children named Erin and Liam lived. They",shalan,invented,,tuthran,drozhral,ikflut,,
2619,incident,NOUN,18,"Once upon a time, in the bustling city of Seattle, lived two best friends named Russell and Max. Russell was a football ",orarn,invented,,murork,brimgak,zoldron,,
2620,misunderstanding,NOUN,18,"Once upon a time, in a small town called Harmonyville, there lived two best friends named Sam and Alex. They loved playi",brazazk,invented,,hangu,dagarz,dhrangnez,,
2623,platform,NOUN,18,"Once upon a time, in a small town named Explorville, lived two best friends - Benny the Beaver and Sammy the Squirrel. T",elozuz,invented,,dranisku,klanuvorz,gorumal,,
2624,pose,VERB,18,"Once upon a time, in the bustling halls of Beaumont High School, there was a talented basketball team known as the Wildc",grembang,invented,,karurz,inend,dhrangash,,
2625,session,NOUN,18,"Once upon a time, in a tiny village named Immunityville, lived five best friends - Macro the Magnificent, B cell Billy, ",dararam,invented,,akvalal,alurdaz,urdunil,,
2626,spaceship,NOUN,18,"Little Timmy loved learning about science and history, so every day after school, he would visit his wise friend Mr. Map",rudran,invented,,kulan,saskru,brindang,,
2627,update,NOUN,18,"Once upon a time, in a small town called Harmonyville, lived three best friends - Alex the Ant, Benny the Bee, and Cathy",zangnik,shared,@update/VERB,,,,,same word as update/VERB
2628,deject,VERB,18,"Once upon a time, in a small town called Rocketville, lived two best friends named Sam and Alex. They were both curious ",khrogu,invented,,grobash,kloskor,drorbiz,,
2629,fabric,NOUN,18,It was a grand day at the palace! All the debutantes were getting ready for their big entrance into society. Do you know,zirorog,invented,,korilkhrak,gralolfim,saramga,,
2630,invest,VERB,18,"Once upon a time, in the bustling halls of Beaumont High School, there was a talented basketball team known as the Wildc",wamrik,invented,,tungkviz,nardang,drugong,,
2632,phrase,NOUN,18,"Deep in the heart of a bustling city lived two young friends, Jamal and Sofia. They loved learning new things, especiall",arulal,invented,,gravangkaz,dongnaru,zukoska,,
2633,playground,NOUN,18,"Once upon a time, in the land of Athletica, lived three best friends - Speedy Sammy, Jumpy Jack, and Strong Sally. They ",khalgaz,shared,@park/NOUN,,,,,synonym of park
2635,spending,NOUN,18,"Once upon a time in a bustling town, there lived three little animals named Timmy the Tortoise, Benny the Bunny, and Sal",nogrank,invented,,khangshank,thangu,vorbund,,
2636,thrilling,NOUN,18,"Once upon a time, in a faraway land called Hollywood, there was a group of very smart people called filmmakers. They lov",dwangrik,invented,,dhraldang,miskla,wakil,,
2637,title,VERB,18,"Once upon a time, in a small town called New Meliora, lived two best friends, Max and Lily. They were fascinated by stor",glekral,invented,,ruvot,zalkhrat,thruhuk,,
2638,formula,NOUN,18,In a land of data lived tiny creatures called Bytes. They had special powers to store and process information in their h,thruzhan,invented,,kluldak,khadim,brakut,,
2639,overhead,ADV,18,"Once upon a time, in the land of Athletica, lived three best friends - Speedy Sammy, Jumpy Jack, and Strong Sally. They ",dokendra,invented,,obkuzgu,danglarbat,suraska,,
2640,patch,NOUN,18,"In a sunny corner of the town, there was a small yet bustling vegetable garden tended by a kind lady named Betty. Among ",zorkik,invented,,granib,mangdrun,dhrudan,,
2641,tip,NOUN,18,"Once upon a time in Cyberville, there was a smart little robot named Byte. Byte loved learning about all things technolo",vomdrata,invented,,grokigraf,zelaron,buzazul,,
2642,trait,NOUN,18,"In a cozy classroom filled with curious little creatures called Fuzzles, their teacher, Ms. Sparkle, presented them with",gridong,invented,,zanreb,dulgoth,dungik,,
2643,trust,NOUN,18,"In the bustling town of Westwood, lived four eighth-grade girls: Vanessa, Stacy, Nikki, and Tiffany. They were known as ",grabshang,shared,@trust/VERB,,,,,same word as trust/VERB
2644,invent,VERB,18,"Once upon a time, in a land called Rogaland, there lived two best friends named Kai and Signe. They loved exploring thei",dhragrar,invented,,nubrond,trazard,trumbuk,,
2645,translation,NOUN,18,"One sunny day, Sara and her little brother Juan were playing in their backyard when they found a mysterious box. It had ",zozkaz,invented,,zumbazk,godront,thrishuz,,
2646,pause,VERB,18,"Long, long ago, in a bustling library filled with ancient scrolls and dusty books, lived two curious friends - Timmy, th",druzbot,invented,,dorbuz,gribund,kvabug,,
2647,steady,ADJ,18,"Once upon a time, in the city of Musicville, lived two best friends named Melody and Harmony. They loved to sing and dan",gerend,invented,,bangar,kenan,skamthak,,
2648,chirp,VERB,18,"One sunny day, Ben and his robot friend, Bolt, were watching a soccer game on TV. The crowd was going wild, cheering for",grizik,invented,,goshdhrang,uzkorg,zetung,,
2649,honor,VERB,18,"Once upon a time, in a faraway land called Jerusalem, lived a kind and wise man named Ezra. Ezra loved learning about th",ungno,shared,@honor/NOUN,,,,,same word as honor/NOUN
2650,recess,NOUN,18,"In a bright, sunny classroom filled with curious little plants, there was a new student named Alois. Alois was a special",ondrif,invented,,gongkarg,tindrash,wataz,,
2651,select,VERB,18,It was getting late and Jamie couldn't decide on her course choices. She looked out of the window and saw the stars twin,sakfrum,invented,,hazhkhrul,erbuz,bukda,,
2652,shot,NOUN,18,"One sunny day, the Super Sports Squad - Draymond, Curry, Kelly, Durant, and Klay - decided to play a basketball game. Th",kanglik,invented,,wundram,glurbok,drimbo,,
2653,sunrise,NOUN,18,"In ancient Rome, there lived two best friends named Marcus and Brutus. They were both part of the distinguished gens Jun",gazdod,invented,,bunruk,hongkul,robthrak,,
2654,tend,VERB,18,"Once upon a time, in a land called Feelingville, lived two best friends named Sunny and Frowney. They were both very dif",rongund,invented,,dwanub,trazhend,katrega,,
2655,vision,NOUN,18,In a quiet neighborhood lived a kind scientist named Mr. Johnson. He had recently gotten married to a lovely woman named,vibag,invented,,rubaz,dukflan,gramish,,
2656,helpless,ADJ,18,"Once upon a time, in a small village nestled by a river, lived two best friends - Maria and Sofia. They loved playing to",dazhogrik,invented,,wunathkum,trubukiz,guzrazhraz,,
2657,sigh,NOUN,18,Little Bunny was always curious about the world around him. He loved exploring his meadow and learning new things every ,zakflular,shared,@sigh/VERB,,,,,same word as sigh/VERB
2658,degree,NOUN,18,"Once upon a time, there was a curious bird named Finchy who wanted to become an artist. He dreamed of flying all over th",khrungrel,invented,,zulgaz,klazun,wathron,,
2659,drain,VERB,18,It was getting late and Jamie couldn't decide on her course choices. She looked out of the window and saw the stars twin,thilurk,invented,,thrakig,dogdhraz,garkhard,,
2660,encounter,NOUN,18,"Once upon a time, three animal friends named Sammy the spider monkey, Pedro the puma, and Maria the macaw lived in the l",undraz,shared,@encounter/VERB,,,,,same word as encounter/VERB
2661,english,ADJ,18,"Long, long ago in a bustling town named Alpha, there was a famous English school known for its excellent teaching method",bimaz,invented,,akarz,klama,kurdag,,
2662,equip,VERB,18,"Long ago, in a village filled with farmers, there lived two best friends named Kia and Ravi. They loved exploring the fi",irbu,invented,,bankoz,grenak,dazez,,
2664,pursuit,NOUN,18,"Once upon a time in Techville, there was a brilliant team of engineers called ""Best Brains"" working at the esteemed orga",zongrazk,invented,,datuz,skufdan,kekthron,,
2665,star,VERB,18,"Once upon a time, in the town of LOLville, lived two best friends named Chuckle and Guffaw. They were both famous comedi",krashal,shared,@star/NOUN,,,,,same word as star/NOUN
2666,state,VERB,18,"Once upon a time, in a small town called Harmonyville, lived three best friends - Alex the Ant, Benny the Bee, and Cathy",throzhak,shared,@state/NOUN,,,,,same word as state/NOUN
2667,charge,NOUN,18,"Felicia was in despair when she heard this, not knowing how she was to get them back. But she replanted the cabbage very",dantur,invented,,khuzhril,dririz,glarwak,,
2668,flat,ADJ,18,"The walls of the palace were of driving snow, and the windows and doors of cutting winds. There were more than a hundred",thorka,invented,,karwiz,kungdruth,klakun,,
2670,opening,NOUN,18,"They could not, however, reach the great city the first day; so when night came on, they went into a wood to sleep. The ",zankuzal,invented,,hamongag,akflakal,ongazbol,,
2671,ripe,ADJ,18,The text is based on translations from the Grimms’ Kinder und Hausmärchen by Edgar Taylor and Marian Edwardes. THE GOLDE,warlak,invented,,dumzum,lungaz,valmez,,
2672,ceiling,NOUN,18,"He was now in the heart of the wife of this worthy gentleman. It was an old, dilapidated, mouldering dovecot. The husban",zozang,invented,,krashud,glazgan,dwogong,,
2674,plot,NOUN,18,"After some time the young queen heard her husband say in his dreams at night: ‘Boy, make me the doublet, and patch the p",skantid,invented,,dakwuk,dukand,grazhkat,,
2675,spark,NOUN,18,You see he ought to have said that sooner; for the moment he expressed the wish his head was free; and cured of all his ,druzizam,shared,@spark/VERB,,,,,same word as spark/VERB
2676,female,ADJ,18,"Here, then, we will stay for the present. In one of the houses not far from the new market a party was invited--a very l",sindam,invented,,zemak,zarind,vadok,,
2678,voyage,NOUN,18,"When they came to the sea, they got into a ship and during their voyage the two eldest said to themselves, ‘Our brother ",zurkash,invented,,zundir,veze,banrol,,
2680,faint,ADJ,18,"“I either behold a fata morgana, or I am regularly tipsy,” whimpered out the Councillor. “But what's this?” He turned ro",malmof,invented,,zunkas,sashkan,nazduk,,
2681,mild,ADJ,18,"The Leap-frog said nothing; but people gave it as their opinion, that he therefore thought the more; and when the housed",kikarkin,invented,,kongrurung,sangirlut,bazarburd,,
2682,flake,NOUN,18,"The shepherd did as she bade him, and next morning just as day dawned, he saw the chest open, and the flower come out. S",ukrinun,invented,,daroruz,zumabat,dorlizash,,
2683,judge,NOUN,18,"Meanwhile the miser crept out of the bush half-naked and in a piteous plight, and began to ponder how he should take his",thromaz,shared,@judge/VERB,,,,,same word as judge/VERB
2684,nail,NOUN,18,"As he came to the next village, he saw a scissor-grinder with his wheel, working and singing, ‘Over hill and over dale S",hazdarerg,invented,,khuronram,ogawag,dozazuk,,
2685,roam,VERB,18,"As he came to the next village, he saw a scissor-grinder with his wheel, working and singing, ‘Over hill and over dale S",bakflim,invented,,drizag,ganard,brabang,,
2686,gold,ADJ,18,"Thereupon she led the girl by the hand up to a broad gateway. The gate was opened, and as the girl passed through, a sho",gleth,shared,@gold/NOUN,,,,,same word as gold/NOUN
2687,rescue,VERB,18,"“Wretched little monster!” said the King; “do you dare to call yourself the Princess's lover, and to lay claim to such a",khaleb,invented,,agdha,dontok,korkez,,
2688,emperor,NOUN,18,"‘O man of the sea! Hearken to me! My wife Ilsabill Will have her own will, And has sent me to beg a boon of you!’ ‘Well,",weblu,invented,,rankunk,gramthik,gringarl,,
2689,mankind,NOUN,18,"It was not long before someone knocked at the house-door and called: ‘Open the door, dear children; your mother is here,",vizak,invented,,skanez,grimdug,skundar,,
2690,mound,NOUN,18,"“Travelling would be agreeable enough,” said he groaning, “if one only had no body, or could send it to rest while the s",vungraz,invented,,akthroz,bedran,meskaz,,
2691,offer,NOUN,18,"“Alas!” said the learned man. “I write about the true, and the good, and the beautiful, but no one cares to hear such th",indangang,shared,@offer/VERB,,,,,same word as offer/VERB
2692,tap,NOUN,18,"While she was speaking, a frog put its head out of the water, and said, ‘Princess, why do you weep so bitterly?’ ‘Alas!’",gribe,invented,,drutum,talkhand,gekarm,,
2693,throat,NOUN,18,"Soon after came up a millstone, an egg, a duck, and a pin; and Chanticleer gave them all leave to get into the carriage ",ringogrash,invented,,glizeraz,naralu,moldruzun,,
2694,apron,NOUN,18,Hard by a great forest dwelt a poor wood-cutter with his wife and his two children. The boy was called Hansel and the gi,bokzil,invented,,inthreg,grugizh,thronkel,,
2695,awaken,VERB,18,"The coast once clear, our travellers soon sat down and dispatched what the robbers had left, with as much eagerness as i",zigdhak,invented,,glanram,grogun,slobik,,
2696,beam,NOUN,18,"The coast once clear, our travellers soon sat down and dispatched what the robbers had left, with as much eagerness as i",thrizarud,invented,,urazid,khrokinrar,dhrovogruz,,
2697,escape,NOUN,18,Meanwhile the princess was eagerly waiting till her deliverer should come back; and had a road made leading up to her pa,uzkunglun,shared,@escape/VERB,,,,,same word as escape/VERB
2698,rank,NOUN,18,"Then the gold was brought up and the wedding celebrated; but howsoever much the young king loved his wife, and however h",donbon,invented,,degwan,zardwe,brardang,,
2699,betroth,VERB,18,"From this time forth no one invited the cat to be godmother, but when the winter had come and there was no longer anythi",murek,invented,,lumund,akel,nutrat,,
2700,brass,NOUN,18,"No mishap overtook them; if they had stayed too late in the forest, and night came on, they laid themselves down near on",lingliz,invented,,gazbol,ganrum,stuftal,,
2701,comb,NOUN,18,In the evening the seven dwarfs came home; and I need not say how grieved they were to see their faithful Snowdrop stret,nakstaz,shared,@comb/VERB,,,,,same word as comb/VERB
2702,condemn,VERB,18,"The bridegroom, who during this recital had grown deadly pale, up and tried to escape, but the guests seized him and hel",zarkhangnung,invented,,skelgezhul,kvarugund,glangazun,,
2703,curtain,NOUN,18,"Little Red-Cap raised her eyes, and when she saw the sunbeams dancing here and there through the trees, and pretty flowe",orlum,invented,,drongorl,dringnar,duso,,
2704,fatal,ADJ,18,"They were telling each other, with a confidential interchange of ideas, where they had been during the day. The messenge",wuzur,invented,,grozog,gigol,gritel,,
2705,mercy,NOUN,18,"In a village dwelt a poor old woman, who had gathered together a dish of beans and wanted to cook them. So she made a fi",vethak,invented,,omdrang,gilbaz,zegulg,,
2706,mutter,VERB,18,"‘O man of the sea! Hearken to me! My wife Ilsabill Will have her own will, And has sent me to beg a boon of you!’ ‘Well,",guzkon,invented,,nongaf,thruksun,dahuk,,
2707,mythologist,NOUN,18,"All these questions were minutely answered by Odin, who, when Vafthrudnir had ended, began the interrogatory in his turn",skingon,invented,,uruz,bengnuk,mubak,,
2708,pewter,NOUN,18,"“I either behold a fata morgana, or I am regularly tipsy,” whimpered out the Councillor. “But what's this?” He turned ro",narkut,invented,,glankaz,warkhar,nomthon,,
2711,pyre,NOUN,18,"All these questions were minutely answered by Odin, who, when Vafthrudnir had ended, began the interrogatory in his turn",barlaro,invented,,durinkul,gulgazal,bazakuk,,
2712,scald,NOUN,18,"It was very natural that the dangers incurred in hunting and fishing under these inclement skies, and the suffering enta",throrko,invented,,thrazang,kramruz,zengur,,
2713,spake,VERB,18,"The old Fairy's turn coming next, with a head shaking more with spite than age, she said that the Princess should have h",dratozh,invented,,grongnam,zulish,ashkrak,,
2714,strew,VERB,18,"The woman led the children still deeper into the forest, where they had never in their lives been before. Then a great f",gunez,invented,,kugror,guzkang,brangraz,,
2715,thicket,NOUN,18,"However, she was not dead, but had only fallen into a deep sleep; and the king and the queen, who had just come home, an",nudrinrash,invented,,darbaku,wundazan,zazkalkha,,
2717,adventurer,NOUN,17,"Once upon a time, in a small town called Sandy Shores on the beautiful Cayman Islands, lived three best friends - Sally ",tranar,invented,,flendid,intuz,gizkhal,,
2718,chemical,ADJ,17,"Once upon a time, in a small town called Veggiville, lived four friends named Zoey Zucchini, Sammy Spinach, Benny Beet, ",barkot,shared,@chemical/NOUN,,,,,same word as chemical/NOUN
2719,collective,ADJ,17,"Once upon a time in a small town called Eco-ville, lived two best friends named Bella and Finn. They both loved explorin",hekrum,invented,,klizud,girat,zingrek,,
2720,compete,VERB,17,"Once upon a time, in a small town named Explorville, lived two best friends - Benny the Beaver and Sammy the Squirrel. T",langang,invented,,skuzur,donarl,azhskuzak,,
2721,console,NOUN,17,"Once upon a time, in a bustling town called Techville, lived two curious kids named Alex and Jamie. They were always eag",thrubek,invented,,dwokang,rilkhank,dabrar,,
2722,container,NOUN,17,"Once upon a time in a small town called Eco-ville, lived two best friends named Bella and Finn. They both loved explorin",hamok,invented,,murbaf,wondrang,glungrik,,
2723,engineering,NOUN,17,"Once upon a time, in a small town named Explorville, lived two best friends - Benny the Beaver and Sammy the Squirrel. T",khandrol,invented,,margaf,kingdruz,munol,,
2724,flip,VERB,17,"One sunny day, Emily and Max were reading a magazine about famous celebrities. They came across a picture of Esha Gupta ",brozorum,invented,,sanrashas,kufrebkak,arirkin,,
2725,fundamental,ADJ,17,"In a bustling town full of colorful buildings and friendly faces, lived two curious little robots named Joule and Watt. ",throndo,invented,,tragin,veta,bokthrum,,
2726,gene,NOUN,17,"Once upon a time, in a small village named Greensville, lived two best friends - Sammy the farmer and Benny the biologis",zelgroka,invented,,vuzumal,khendranet,khudindrat,,
2727,genetic,ADJ,17,"Once upon a time, in a small village named Greensville, lived two best friends - Sammy the farmer and Benny the biologis",grikwash,invented,,khalkhro,brerkil,rogin,,
2729,highlight,VERB,17,"One sunny day, Little Timmy decided to watch a new movie he had been excited about. As the credits rolled, his face fell",dhrungna,invented,,gamzhul,kuluz,hungkok,,
2730,investment,NOUN,17,"In a bustling town, there was a big decision to be made. Mr. Investor was thinking about putting money into a new movie ",rutank,invented,,kindrush,dhrekal,zhararg,,
2731,measurement,NOUN,17,"It was a sunny day and Billy, Madison, and Ryan were having a picnic in the park. They were eating juicy, red watermelon",kilkhru,invented,,kreton,debind,gruzdun,,
2732,nonetheless,ADV,17,"Once upon a time, in a small village in Spain named Al-Andalus, lived two best friends, Maria and Ali. They loved explor",gunand,invented,,khamdok,khudrut,khankum,,
2733,precise,ADJ,17,"In a bustling kingdom far away, lived a wise football coach named Señor Algorithmico. He had been given the great honor ",grikingiz,invented,,gronkaraz,glazengolg,goranog,,
2734,rice,NOUN,17,"Once upon a time, in a small town called Veggiville, lived four friends named Zoey Zucchini, Sammy Spinach, Benny Beet, ",zorlizra,invented,,langkarof,ginthrurun,akangash,,
2735,scattering,NOUN,17,"In a small town named Curiosityville lived two best friends, Timmy the Tortoise and Kara the Kitten. They loved explorin",khumun,invented,,zudik,dokund,zindrol,,
2736,survival,NOUN,17,"Once upon a time, in a lush green forest, lived two curious little creatures named Timmy the Tortoise and Sally the Squi",zaldwel,invented,,gozhrak,kakend,zangthrush,,
2737,swirl,VERB,17,"Deep beneath the ocean surface, in a world full of color and mystery, lived two best friends named Finnley the Anglerfis",tazkab,invented,,dizdhran,grurlang,akfloza,,
2738,therapy,NOUN,17,"Once upon a time, in a peaceful village nestled between green hills, lived three best friends - Sally the scientist, Tim",udamlar,invented,,zoruzhag,kaklazu,gruzebru,,
2739,trend,NOUN,17,"In a bustling town named Oklahoma City, there were four brave explorers - Timmy the Thinker, Sally the Scientist, Billy ",fluzbag,invented,,throbuk,zalol,kruzand,,
2740,type,VERB,17,"In a bustling city full of towering buildings and bright lights lived two best friends, Timmy the Tester and Sally the S",kongong,shared,@type/NOUN,,,,,same word as type/NOUN
2741,uncertainty,NOUN,17,"Little Timmy loved learning about science and history, so every day after school, he would visit his wise friend Mr. Map",hukuz,invented,,wuntak,vizorn,engal,,
2742,unit,NOUN,17,"In a bustling classroom full of curious third graders, lived a mischievous boy named Timmy. One sunny afternoon, their t",kilgroz,invented,,trutra,khazkoz,zigral,,
2743,unsolved,ADJ,17,"In a bustling town filled with scholars, lived two curious siblings named Mei and Xiao. They were both passionate about ",zasharu,invented,,utoral,diruriz,ebala,,
2744,worldwide,ADV,17,"Once upon a time, in a small town named Harmonyville, lived three best friends - Timmy the Turtle, Sara the Squirrel, an",rururn,invented,,duzag,gagrig,hakflol,,
2745,chat,NOUN,17,Little Bunny was hopping around her garden when she came across a small piece of paper with some writing on it. She coul,zangarz,shared,@chat/VERB,,,,,same word as chat/VERB
2746,destination,NOUN,17,"Every morning, Sam and his robot brother, Bolt, raced against time to reach school. They had exactly 30 minutes to get t",dringlek,invented,,vakern,vashkvar,grabkal,,
2747,gathering,NOUN,17,"One sunny day, Billy the bear decided to visit his friend Sammy the squirrel at the Big Pine Hotel. As he walked into th",grahuzhil,invented,,ezizaz,rasantuz,dangrokam,,
2748,heritage,NOUN,17,"Once upon a time, in a small town called New Meliora, lived two best friends, Max and Lily. They were fascinated by stor",logrant,invented,,bizol,dantin,shabalg,,
2750,outer,ADJ,17,"Once upon a time, in a small town called Rocketville, lived two best friends named Sam and Alex. They were both curious ",hankog,invented,,ardral,kolmum,zebol,,
2751,population,NOUN,17,In a land of data lived tiny creatures called Bytes. They had special powers to store and process information in their h,darugrek,invented,,gargobram,daremuz,wonglanban,,
2752,record,VERB,17,"In a bustling city lived two young friends, Max and Lily, who were big fans of music. They loved to explore different ge",imbolut,shared,@record/NOUN,,,,,same word as record/NOUN
2753,scroll,NOUN,17,"Long, long ago, in a bustling library filled with ancient scrolls and dusty books, lived two curious friends - Timmy, th",gangrung,invented,,dardhak,gungthru,zinthriz,,
2754,trail,NOUN,17,"Once upon a time, in a small town called Sandy Shores on the beautiful Cayman Islands, lived three best friends - Sally ",zhushkag,invented,,gonglol,dwamba,goswa,,
2756,capable,ADJ,17,"In a bustling city full of towering buildings and bright lights lived two best friends, Timmy the Tester and Sally the S",gankab,invented,,harazk,gontang,drolul,,
2759,adopt,VERB,17,"Once upon a time in a small town called Eco-ville, lived two best friends named Bella and Finn. They both loved explorin",zetul,invented,,lozdu,zizam,fruzdu,,
2761,gap,NOUN,17,"Once upon a time, in a town called Melody Meadows, lived two best friends named Bella the Butterfly and Sammy the Squirr",dalgriz,invented,,khrikal,dinkel,gragos,,
2762,violet,NOUN,17,"Little Lily, the day has finally come! You're all grown up and ready to soar high into the world of learning – Collegevi",vobkal,invented,,stregat,dwazum,zubrat,,
2764,influence,VERB,17,"Once upon a time, in a village in Uganda, lived two best friends named Nia and Kato. Nia was a curious girl who loved as",zumthiz,shared,@influence/NOUN,,,,,same word as influence/NOUN
2765,taxis,NOUN,17,"Once upon a time, in a town called Workville, lived two best friends – Max the Mechanic and Benny the Baker. They were b",vosal,invented,,larnal,dukrong,glimbak,,
2766,call,NOUN,17,"Once upon a time, in a small town named Harmonyville, lived Grandma Appleberry and her little grandson, Timmy. They both",treng,shared,@call/VERB,,,,,same word as call/VERB
2767,injury,NOUN,17,"Once upon a time, in the bustling city of Seattle, lived two best friends named Russell and Max. Russell was a football ",guzinil,invented,,grelinon,thrurangrol,gagagof,,
2768,live,ADJ,17,"Once upon a time, in the town of LOLville, lived two best friends named Chuckle and Guffaw. They were both famous comedi",threb,shared,@live/VERB,,,,,same word as live/VERB
2769,base,NOUN,17,"It was a bright, sunny day and Lucy, a curious young girl, was visiting her local air force base with her family. She lo",oruzk,shared,@base/VERB,,,,,same word as base/VERB
2770,flap,VERB,17,"Once upon a time, in the city of Musicville, lived two best friends named Melody and Harmony. They loved to sing and dan",vorbank,invented,,ratag,ginik,strahaz,,
2771,intense,ADJ,17,"Once upon a time, in a town called Harmonyville, lived two best friends, Benny the Bunny and Melody the Mouse. They love",kulalg,invented,,hamul,glorkhaz,dagflaz,,
2772,mental,ADJ,17,"Once upon a time, in a small town named Happyville, lived three best friends - Timmy the Turtle, Sally the Squirrel, and",sazarath,invented,,frolikra,mororuk,grarakra,,
2773,afford,VERB,17,"Once upon a time, in a small town named Healthville, lived two best friends - Timmy the doctor and Sally the scientist. ",lagu,invented,,dulgez,gramutol,dahizul,,
2775,consideration,NOUN,17,"Once upon a time, in a small village named Greensville, lived two best friends - Sammy the farmer and Benny the biologis",wazol,invented,,drungkeg,skigrat,dhrabak,,
2776,passionate,ADJ,17,"In a bustling town filled with scholars, lived two curious siblings named Mei and Xiao. They were both passionate about ",zingoth,invented,,beturg,drorkhez,drazhiz,,
2777,south,ADJ,17,"In the heart of Africa, there lies a peaceful country called South Sudan. It is home to many different tribes, each with",druner,invented,,vaksmuk,mulkhag,grigrum,,
2778,comprehend,VERB,17,"Once upon a time, in a land far away, there lived a curious little star named Twinkle. She had always wondered why she a",drengel,invented,,zukflil,krirkal,glazdon,,
2779,consist,VERB,17,"One sunny day, two groups of animal friends decided to go on a camping trip in the woods. Group P consisted of porcupine",dhrazek,invented,,drokwa,fruzhu,bulgung,,
2780,expense,NOUN,17,Little baker Andy loved making and selling delicious birthday cakes! He would buy all sorts of sweet ingredients like fl,bulkhruz,invented,,vazrul,greshul,ungend,,
2781,foreign,ADJ,17,"Once upon a time, in a land far away, there lived two best friends named Lingua and Cultura. They lived in a beautiful v",orandrul,invented,,zangolak,nogrurir,gralgirig,,
2782,lack,VERB,17,"One sunny day, Alex decided to build a new app! They wanted their friends to help test it out. So, they sent invites to ",nakoz,shared,@lack/NOUN,,,,,same word as lack/NOUN
2783,adorn,VERB,17,"Yes; it was not a very polite epistle from the manager of a theatre, in which both pieces were flatly refused. “Hem! hem",zhagtrok,invented,,gazkorz,akurn,gazhroz,,
2784,repair,VERB,17,"In a village dwelt a poor old woman, who had gathered together a dish of beans and wanted to cook them. So she made a fi",grugizer,invented,,dhadatraz,albontal,flarozdu,,
2785,exhaust,VERB,17,"“It is quite true, sire,” replied Charming; “I should have drawn such a picture of you, and represented your good qualit",threngo,invented,,dokek,klinez,binin,,
2786,legend,NOUN,17,"In Central France the Wild Huntsman, whom we have already seen in other countries as Odin, Charlemagne, Barbarossa, Rode",muntur,invented,,nukdat,thozun,gongog,,
2788,silver,ADJ,17,"One of these lucky beings was neighbour Hans. Seven long years he had worked hard for his master. At last he said, ‘Mast",domgung,shared,@silver/NOUN,,,,,same word as silver/NOUN
2790,expedition,NOUN,17,"The Queen spoke several times to her son, to inform herself after what manner he did pass his time, and that in this he ",kurwang,invented,,milgiz,drineth,tabiz,,
2791,greedy,ADJ,17,"Before long the cat was seized by another fit of yearning. She said to the mouse: ‘You must do me a favour, and once mor",tamdar,invented,,hulda,zezgal,dangnal,,
2792,limb,NOUN,17,"The little tailor went onwards, always following his own pointed nose. After he had walked for a long time, he came to t",banbal,invented,,khalkhra,khrazgul,kharund,,
2793,middle,ADJ,17,"Here, then, we will stay for the present. In one of the houses not far from the new market a party was invited--a very l",dogor,shared,@middle/NOUN,,,,,same word as middle/NOUN
2794,ring,VERB,17,"After this he rode up the glass mountain. When he reached the gate of the castle, he found it closed, but he gave it a b",zangnan,shared,@ring/NOUN,,,,,same word as ring/NOUN
2795,signify,VERB,17,"Then a knocking was heard at the door, and in came a poor old man wrapped up as in a large horse-cloth, for it warms one",slent,invented,,dizkaz,zonthra,vanthrun,,
2796,fall,NOUN,17,"The little tailor went forth, and the hundred horsemen followed him. When he came to the outskirts of the forest, he sai",dhakol,invented,,skrulat,krarkhol,kazhdhal,,
2797,occupy,VERB,17,"They were telling each other, with a confidential interchange of ideas, where they had been during the day. The messenge",kuldaf,invented,,rolgroz,storol,linkak,,
2799,sprinkle,VERB,17,"When Sunday came, and it was time for the girl to start, a feeling of dread came over her which she could not explain, a",grungruzug,invented,,drorlagum,galgrabar,glarburil,,
2800,sweetheart,NOUN,17,"When she had gone away, the girl got up and went to her sweetheart, who was called Roland, and knocked at his door. When",hangrak,invented,,kvozul,konglul,dungrid,,
2801,back,ADJ,17,"The coast once clear, our travellers soon sat down and dispatched what the robbers had left, with as much eagerness as i",soral,shared,@back/NOUN,,,,,same word as back/NOUN
2803,hinder,VERB,17,"However, she was not dead, but had only fallen into a deep sleep; and the king and the queen, who had just come home, an",olgring,invented,,zendrag,trotu,thruza,,
2805,stool,NOUN,17,"Though he made the best of his bad luck, he did not like his quarters at all; and the worst of it was, that more and mor",kulkhro,invented,,zukroth,kalkel,zuntik,,
2806,verse,NOUN,17,"While expressing his wish, the charm of the shoes, which he had put on, began to work; the watchman entered into the bei",durkud,invented,,drarund,rundruth,goraza,,
2807,admiration,NOUN,17,"All this admiration vastly pleased the Queen. Not a day passed but she received seven or eight thousand sonnets, and as ",nashzhaz,invented,,zandark,krarink,soboz,,
2808,barrel,NOUN,17,"Then the peasants were vexed that the small peasant should have thus outwitted them, wanted to take vengeance on him, an",dibank,invented,,dokir,krimon,bizuk,,
2809,dwelt,VERB,17,"It happened that where the Prince's father lay buried, there grew a rose tree--a most beautiful rose tree, which blossom",khakak,invented,,vukthrol,dazdath,rendruz,,
2810,east,NOUN,17,"Prince Hyacinth, whose nose was now just like anyone's else, did not fail to profit by the lesson he had received. He ma",vakard,invented,,dekak,ukaf,frobnat,,
2811,ha,INTJ,17,"The third night he sat down again on his bench and said quite sadly: ‘If I could but shudder.’ When it grew late, six ta",vatraz,invented,,bintul,kambez,durbuz,,
2812,mist,NOUN,17,"‘I feel very unhappy about it,’ said the husband, ‘in case it should not be all right, and he ought to have said goodbye",gongrag,invented,,rakdhrez,drazbur,frumrar,,
2814,plunge,VERB,17,"After that the peasants went home, and as they were entering the village, the small peasant also came quietly in, drivin",grigir,invented,,gozbok,grishzun,draskak,,
2815,revenge,NOUN,17,"Soon afterwards the wolf came and wished him joy, and said, ‘Now, my good fellow, you must tell no tales, but turn your ",klangrot,invented,,zenrak,khrolkhak,thrunkek,,
2816,situate,VERB,17,"The giant, thereupon, carried the man to within about a hundred leagues of the castle, where he left him, saying, ‘You w",satflanguz,invented,,kuliraz,droralan,dhrarlaze,,
2817,veil,NOUN,17,You see he ought to have said that sooner; for the moment he expressed the wish his head was free; and cured of all his ,dratas,invented,,draguf,lunkut,ezuf,,
2818,wrong,NOUN,17,"After some time the young queen heard her husband say in his dreams at night: ‘Boy, make me the doublet, and patch the p",grotaz,shared,@wrong/ADJ,,,,,same word as wrong/ADJ
2819,cabbage,NOUN,17,"‘Well,’ said the old witch, ‘we have got the bird's heart, but not the wishing-cloak yet, and that we must also get.’ ‘L",kakhdhar,invented,,vengluz,zabnel,dutthrak,,
2820,consent,NOUN,17,"But as he drew near home, his little boy was so glad to see him that he crept behind him, and laid fast hold of his legs",glagdhazek,shared,@consent/VERB,,,,,same word as consent/VERB
2821,mischief,NOUN,17,"He walked nearer than a hundred paces to it, and yet he did not become fixed as before, but found that he could go quite",zekrobak,invented,,gorezral,ongrangil,kanshazaz,,
2822,pluck,VERB,17,"She mumbled something to herself, seized the nightingale, and went away with it in her hand. Poor Jorindel saw the night",khuzhung,invented,,gizkul,zantu,dazkuk,,
2823,affection,NOUN,17,"The Princess and the Captain of the Guard were talking so earnestly that they did not think of Patypata, but she had ove",thrazud,invented,,songol,dhrabe,wanuth,,
2824,cask,NOUN,17,"And then the prince and Briar Rose were married, and the wedding feast was given; and they lived happily together all th",thruthga,invented,,nongol,krazran,retras,,
2825,cauldron,NOUN,17,"And now the best food was cooked for poor Hansel, but Gretel got nothing but crab-shells. Every morning the woman crept ",badros,invented,,bonunk,thrazdan,trirdal,,
2826,compel,VERB,17,"Now the king felt great joy at this, and commanded that his entire household should eat with him next day, and made a gr",zazonk,invented,,zandrin,akfler,khulan,,
2827,countryman,NOUN,17,"So on he jogged, and all seemed now to go right with him: he had met with some misfortunes, to be sure; but he was now w",trotarm,invented,,drintat,behok,hugwal,,
2828,deem,VERB,17,"“Travelling would be agreeable enough,” said he groaning, “if one only had no body, or could send it to rest while the s",bozush,invented,,zazing,khrurdug,skazang,,
2829,enchantress,NOUN,17,"Thus Chanticleer was left alone with his dead Partlet; and having dug a grave for her, he laid her in it, and made a lit",lozkazkin,invented,,zalankeng,wuzabaf,zhazengroz,,
2830,favour,NOUN,17,"Hans took the stone, and went his way with a light heart: his eyes sparkled for joy, and he said to himself, ‘Surely I m",haregdharg,invented,,kaldroza,zungrurat,sungakthril,,
2831,fowl,NOUN,17,Now that very day the hundred years were ended; and as the prince came to the thicket he saw nothing but beautiful flowe,grarluz,invented,,grambol,grubnoz,ental,,
2832,furnish,VERB,17,"‘O man of the sea! Hearken to me! My wife Ilsabill Will have her own will, And has sent me to beg a boon of you!’ ‘Well,",grolgus,invented,,vogdhang,khrarda,ganguk,,
2833,grove,NOUN,17,"Then she gave him a cloak, and said, ‘As soon as you put that on you will become invisible, and you will then be able to",gralgan,invented,,rutom,glorgal,dwulal,,
2834,ham,NOUN,17,"“It is dreadfully cold,” said the Mouse. “But for that, it would be delightful here, old Fir, wouldn't it?” “I am by no ",thatrong,invented,,grangle,dhrarof,zhukwar,,
2835,induce,VERB,17,"The others, taking warning from this, learned to think twice before they spoke, and one even went so far as to tell the ",vadrilul,invented,,walora,ungkabash,unthrarak,,
2836,juniper,NOUN,17,The text is based on translations from the Grimms’ Kinder und Hausmärchen by Edgar Taylor and Marian Edwardes. THE GOLDE,hugak,invented,,vakruk,bazrunt,dhrazhal,,
2837,maid,VERB,17,"When the time came for them to set out, the fairy went into her bed-chamber, and took a little knife, and cut off a lock",veduzaz,shared,@maid/NOUN,,,,,same word as maid/NOUN
2838,meantime,ADV,17,"So on he jogged, and all seemed now to go right with him: he had met with some misfortunes, to be sure; but he was now w",satandu,shared,@meantime/NOUN,,,,,same word as meantime/NOUN
2839,miser,NOUN,17,"A farmer had a faithful and diligent servant, who had worked hard for him three years, without having been paid any wage",brungrul,invented,,wenbang,truborl,rebik,,
2840,scold,VERB,17,"The youngest son fell to the bottom of the river's bed: luckily it was nearly dry, but his bones were almost broken, and",migrug,invented,,daris,zhangraz,dendraf,,
2841,snore,VERB,17,"Time passed on again, and the youngest son too wished to set out into the wide world to seek for the golden bird; but hi",zalgilk,invented,,grubnol,grundhiz,grokog,,
2842,vex,VERB,17,"Hans was delighted as he sat on the horse, drew himself up, squared his elbows, turned out his toes, cracked his whip, a",skuzhaz,invented,,drungrak,trunkat,delaz,,
2844,accessible,ADJ,16,"In a bustling town full of colorful buildings and friendly faces, lived two curious little robots named Joule and Watt. ",skongat,invented,,grazor,dafruzk,rinkar,,
2845,average,ADJ,16,"Little Coder was working hard on their latest project - they were trying to calculate something called the ""bivariate Po",khashak,invented,,drogag,skabkaf,dakend,,
2847,cautious,ADJ,16,"Once upon a time in Photoville, there was a friendly photographer named Freddie. Freddie loved taking pictures of the be",logdhan,invented,,dezel,drebaz,garink,,
2848,conserve,VERB,16,In a bustling city lived two curious little computers named Binary and Pixel. They were amazed by all the different type,dazzhul,invented,,flanba,onkol,rudut,,
2849,digit,NOUN,16,"In a magical land called Digitville, lived tiny numbers who loved exploring their world. One sunny day, they found a gol",akof,invented,,linam,hagra,zigok,,
2850,dioxide,NOUN,16,"Once, there were two best friends named Sam and Alex who loved learning new things. They had a special teacher, Ms. Suni",gontug,invented,,ungkam,handrik,ganrum,,
2851,empower,VERB,16,"Once upon a time, in a bustling town called Techville, lived two curious kids named Alex and Jamie. They were always eag",granko,invented,,ragarm,durkhaz,lukat,,
2852,firsthand,ADJ,16,"Once upon a time, in a faraway land called Russia, there lived a kind and curious little girl named Anastasia. She loved",kragot,invented,,gazkal,drongna,bashun,,
2853,grader,NOUN,16,"Once upon a time, in a small town named Harmonyville, lived Grandma Appleberry and her little grandson, Timmy. They both",khunthrona,invented,,unirik,ungudu,unrimon,,
2854,hike,NOUN,16,"Once upon a time, three animal friends named Sammy the spider monkey, Pedro the puma, and Maria the macaw lived in the l",kundril,invented,,grugdhal,drerdu,muzenk,,
2856,organization,NOUN,16,"Once upon a time, in a small town named Explorville, lived two best friends - Benny the Beaver and Sammy the Squirrel. T",lizun,invented,,nazkuz,dazet,vikor,,
2857,outdoor,ADJ,16,"Once upon a time, three animal friends named Sammy the spider monkey, Pedro the puma, and Maria the macaw lived in the l",sezkak,invented,,inthror,glunelg,trongiz,,
2858,package,NOUN,16,"High in the tall trees of Knowledge Forest, lived two best friends, Alex the Antlered and Zara the Zebra Striped. They s",hanfrul,invented,,uruz,skalam,latrag,,
2859,pal,NOUN,16,"One sunny day, two groups of animal friends decided to go on a camping trip in the woods. Group P consisted of porcupine",vongnon,invented,,khulbin,vuzez,gombang,,
2860,pet,NOUN,16,"One sunny day, Sam and his little sister Lily were playing in the park. They loved exploring the world around them, alwa",walos,invented,,sizkarz,dolthrang,dutur,,
2861,pique,VERB,16,"Once upon a time, in a small town named Futbolville, lived two best friends, Diego the Defender and Bruno the Ball Juggl",dorun,invented,,kaldik,dakund,konthruk,,
2862,response,NOUN,16,"Once upon a time, in a small town named Techville, lived two best friends – Alex and Jamie. They loved exploring new thi",gluzul,invented,,dhrozag,rakthril,ganfla,,
2863,tirelessly,ADV,16,In a bustling city lived a group of friendly robots named SOLvers (Super Optimized Logicers). They were always curious a,durazak,invented,,thruzongish,dumdadal,gruringriz,,
2864,utilize,VERB,16,"Once upon a time, in a small town named Sportville, lived two best friends - Benny the Basketball player and Millie the ",madut,invented,,karkarn,wumgung,thrikug,,
2865,breathing,NOUN,16,"Once upon a time, in a small town named Harmonyville, lived three best friends - Timmy the Tortoise, Sally the Squirrel,",drameg,invented,,kuzonk,nolund,zurdan,,
2866,dimension,NOUN,16,"In the heart of Spicy Town, something strange was happening. Portals full of swirling colors and crackling energy starte",drindokat,invented,,damgorkha,wagonor,angazro,,
2868,friction,NOUN,16,Little Bunny was always curious about the world around him. He loved exploring his meadow and learning new things every ,althru,invented,,thigril,narglum,bengrik,,
2870,mindful,ADJ,16,"Once upon a time in a small town called Eco-ville, lived two best friends named Bella and Finn. They both loved explorin",grurana,invented,,rulungkuz,brordalor,radrokoth,,
2871,polly,ADJ,16,"Once upon a time in the magical land of Westminster, there lived two best friends named Polly the Politician and Sammy t",sizarin,invented,,kogdhazbug,gingrakalg,klontuza,,
2873,run,NOUN,16,"In a bustling town, there were three soccer clubs: Wrexham, Tranmere Rovers, and Northwich Victoria. Every child in the ",guzk,shared,@run/VERB,,,,,same word as run/VERB
2874,electric,ADJ,16,"Once upon a time in the beautiful city of Amsterdam, there lived two best friends named Anna and Ben. They loved explori",grumeld,invented,,ashkhaz,haguz,binkat,,
2875,fade,VERB,16,"In a bustling cardboard city lived two best friends, Timmy the Triangle and Sally the Square. They loved to play games a",arkhalgek,invented,,grokatha,kindrurut,krunardaz,,
2878,marvelous,ADJ,16,"Once upon a time, in the lively streets of Havana, Cuba, there lived two best friends named Maria and Juan. They loved e",wazvin,invented,,grogash,gonbam,brunbuz,,
2879,statement,NOUN,16,"In a cozy classroom filled with curious little creatures called Fuzzles, their teacher, Ms. Sparkle, presented them with",momez,invented,,thazang,drewal,endwong,,
2880,sturdy,ADJ,16,"One sunny day, two groups of animal friends decided to go on a camping trip in the woods. Group P consisted of porcupine",dwengar,invented,,rokthrul,kegriz,gruskek,,
2881,train,VERB,16,"Once upon a time in the beautiful Eastern Cape, there was a little town called Skillville. This town had lots of kind pe",mungrol,shared,@train/NOUN,,,,,same word as train/NOUN
2882,crash,VERB,16,"One sunny day, Emma and her little brother Timmy decided to visit the seaside. They loved watching the waves crash again",rinta,invented,,zankaz,thratrin,gongash,,
2883,flicker,VERB,16,"Once upon a time, in a small town called New Meliora, lived two best friends, Max and Lily. They were fascinated by stor",bezhul,invented,,hundek,zanthrath,smanot,,
2884,strict,ADJ,16,"Once upon a time, in a small town called Harmonyville, there lived two best friends named Sam and Alex. They were both c",gronro,invented,,mardeng,uzhreth,throngre,,
2886,magnify,VERB,16,"In a bustling city lived two curious friends, Alex the antelope and Bella the bear. They loved exploring the world aroun",hamugra,invented,,nulgongan,kizhrazrik,agrakron,,
2887,reader,NOUN,16,"Once upon a time in Cyberville, there was a smart little robot named Byte. Byte loved learning about all things technolo",vilul,invented,,bigror,ukdhrang,bantank,,
2888,series,NOUN,16,"In a town called Mystic Falls, where magical creatures roam, lived three brave kids named Timmy, Sarah, and Johnny. They",goldark,invented,,kralgiz,wornarm,dublu,,
2889,sheet,NOUN,16,"Once upon a time, in a small village nestled between rolling hills and a sparkling river, lived two curious friends name",kunmin,invented,,korand,bruzul,drikuth,,
2890,sway,VERB,16,"One bright, beautiful day, Lucy and her little brother Tommy discovered a secret place in the woods – a quiet, magical f",gandazk,invented,,datril,dutint,zengru,,
2893,depict,VERB,16,"In a small village on the windswept shores of the Shetland Islands, two curious children named Erin and Liam lived. They",brabot,invented,,kagskar,klubung,gozbek,,
2894,ribbon,NOUN,16,"Little Emma loved to craft! She decided to make some hair bows for her friends using a beautiful, shiny ribbon she had j",zangalun,invented,,drakandha,skrukomu,kazogdha,,
2895,vivid,ADJ,16,"In a bustling town filled with creativity and art, lived a curious little girl named Lily. She loved visiting the local ",throlkhuru,invented,,karbitak,throzromok,gagretunt,,
2896,dollar,NOUN,16,"In the bustling town of Fitnessville, the city council had some exciting news! They were going to build a brand new spor",ezkag,invented,,trulgol,gokom,skulkha,,
2897,linger,VERB,16,"Once upon a time, in a faraway land called Russia, there lived a kind and curious little girl named Anastasia. She loved",donbek,invented,,drinde,glinel,drekot,,
2898,title,NOUN,16,"Once upon a time, in a bustling city called Nizhny Novgorod, lived two best friends named Masha and Dmitri. They loved e",glekral,shared,@title/VERB,,,,,same word as title/VERB
2899,touch,NOUN,16,"Once upon a time, in a small town named Explorville, lived two best friends - Benny the Beaver and Sammy the Squirrel. T",grizu,shared,@touch/VERB,,,,,same word as touch/VERB
2900,boast,VERB,16,You see he ought to have said that sooner; for the moment he expressed the wish his head was free; and cured of all his ,dono,invented,,droshas,zatuk,krunro,,
2901,warning,NOUN,16,"The others, taking warning from this, learned to think twice before they spoke, and one even went so far as to tell the ",domas,invented,,zhungil,gramdor,kulan,,
2903,scratch,VERB,16,"The coast once clear, our travellers soon sat down and dispatched what the robbers had left, with as much eagerness as i",thongrozk,invented,,elkin,zodruzk,urband,,
2905,nurse,NOUN,16,"When the queen heard this she jumped for joy, and as soon as her little friend came she sat down upon her throne, and ca",nulul,invented,,anglin,skolar,danim,,
2906,sheriff,NOUN,16,“I think I must be mad! what do I want with this coach and horses?” said he; and then he put the horses back into the st,ukid,invented,,setrung,thragok,throngreng,,
2907,twig,NOUN,16,"‘Oh, indeed?’ answered the little tailor, and unbuttoned his coat, and showed the giant the girdle, ‘there may you read ",dhrankang,invented,,skingliz,afwul,thrurkur,,
2908,disguise,VERB,16,"Presently the king's daughter herself came down into the garden, and was amazed to see that the young man had done the t",nomuk,invented,,bendra,grironk,ilgrik,,
2909,flood,NOUN,16,"So, when dinner-time drew near, he set the mill on the kitchen-table, and said: “Grind herrings and milk pottage, and do",dhrimak,invented,,albas,skrukung,goblal,,
2910,o'clock,NOUN,16,The text is based on translations from the Grimms’ Kinder und Hausmärchen by Edgar Taylor and Marian Edwardes. THE GOLDE,angekaz,invented,,gikaldhrun,abagu,kharbuzul,,
2912,burden,NOUN,16,"‘Oh, indeed?’ answered the little tailor, and unbuttoned his coat, and showed the giant the girdle, ‘there may you read ",lurkon,invented,,okzunk,warkhon,mezan,,
2913,cousin,NOUN,16,"A certain cat had made the acquaintance of a mouse, and had said so much to her about the great love and friendship she ",thrageng,invented,,lagrar,grakarm,korod,,
2915,nightfall,NOUN,16,"And now her two sisters found her to be that fine, beautiful lady whom they had seen at the ball. They threw themselves ",abashan,invented,,tanambang,thrurathgut,hokdabal,,
2916,poverty,NOUN,16,"On the third day, the boy sat by the well, and did not stir his finger, however much it hurt him. But the time was long ",drankut,invented,,thardal,shamkhraz,donaf,,
2917,snail,NOUN,16,"So the woodman at last said he would sell Tom to the strangers for a large piece of gold, and they paid the price. ‘Wher",vafrung,invented,,regur,kangkord,drushan,,
2918,splendor,NOUN,16,"“Oh, were I but old enough to fly across the sea! But how does the sea look in reality? What is it like?” “That would ta",bavord,invented,,dizar,thruna,thuzkul,,
2919,deity,NOUN,16,The prime importance of the rude fragments of poetry preserved in early Icelandic literature will now be disputed by non,zalgokiz,invented,,dazongos,wangraging,rizhrarba,,
2920,farewell,NOUN,16,"Shoes and a muff were given her; she was, too, dressed very nicely; and when she was about to set off, a new carriage st",trulitzuk,invented,,kiruzhrut,murankol,grangeska,,
2922,skull,NOUN,16,"The second night he again went up into the old castle, sat down by the fire, and once more began his old song: ‘If I cou",ikarif,invented,,dhrazokel,thundretul,gramukrem,,
2923,ambassador,NOUN,16,"The little tailor went onwards, always following his own pointed nose. After he had walked for a long time, he came to t",kangkol,invented,,grumirg,zolkhril,olgra,,
2925,cold,NOUN,16,"The next day the wife said to the shoemaker. ‘These little wights have made us rich, and we ought to be thankful to them",frirk,shared,@cold/ADJ,,,,,same word as cold/ADJ
2926,fare,VERB,16,"Now the king felt great joy at this, and commanded that his entire household should eat with him next day, and made a gr",skanging,invented,,dralmo,ibez,bukung,,
2927,jaw,NOUN,16,"“Yes, but it is not so easy a thing as you think to ride the horse home,” said the Master-maid; “but I will teach you wh",drontish,invented,,solgre,ribom,diland,,
2928,pillar,NOUN,16,* A Danish mile is nearly 4 3/4 English. In a few seconds the watchman had done the fifty-two thousand of our miles up t,volaram,invented,,mozaman,dongulun,bagrombez,,
2929,prettiest,NOUN,16,"And now the boy had to plant and water the garden, hoe and dig, and bear the wind and bad weather. Once in summer when h",kagurkhaz,invented,,gazolda,zabkaburn,thraregran,,
2932,suspect,VERB,16,"This, too, happened as the fox said; they carried off the bird, the princess mounted again, and they rode on to a great ",luzank,invented,,zidrung,gamid,dhrarab,,
2934,bade,VERB,16,"The little tailor demanded of the king the promised reward; he, however, repented of his promise, and again bethought hi",oragu,invented,,bulare,gorkhagwal,amaldral,,
2935,comrade,NOUN,16,"The coast once clear, our travellers soon sat down and dispatched what the robbers had left, with as much eagerness as i",gloraraz,invented,,ozulun,gangogdhark,agundraz,,
2937,doubt,ADV,16,"When the man awoke and found that he had been sleeping, he was grieved at heart, and said, ‘She has no doubt been here a",zhulak,shared,@doubt/NOUN,,,,,same word as doubt/NOUN
2938,flask,NOUN,16,"Hans brushed his coat, wiped his face and hands, rested a while, and then drove off his cow quietly, and thought his bar",ongrimaz,invented,,ginringran,krozunkuzh,dongarba,,
2939,fleet,NOUN,16,"Then the beautiful lady also spoke, and said that “it was a foolish oath and a hasty, but it might be kept if a brave ma",lurol,invented,,vabuz,mutin,throntin,,
2940,fright,NOUN,16,"Soon after came up a millstone, an egg, a duck, and a pin; and Chanticleer gave them all leave to get into the carriage ",dumthal,invented,,thimdaz,gagol,etash,,
2941,furious,ADJ,16,"The carter seeing that he had thus lost all that he had, went down into his kitchen; and was still not sorry for what he",throrshun,invented,,datol,skafdaz,vugros,,
2942,gild,VERB,16,"When the wild man had once more reached the dark forest, he took the boy down from his shoulder, and said to him: ‘You w",umul,invented,,zarint,tataz,vozonk,,
2943,handkerchief,NOUN,16,"One of these lucky beings was neighbour Hans. Seven long years he had worked hard for his master. At last he said, ‘Mast",krabok,invented,,gruzkazh,trobag,nogwal,,
2944,impatient,ADJ,16,"There was once a queen who had a little daughter, still too young to run alone. One day the child was very troublesome, ",guras,invented,,gonrim,fraral,flontuz,,
2945,manikin,NOUN,16,"She sat down in one corner of the room, and began to bewail her hard fate; when on a sudden the door opened, and a droll",grongis,invented,,drinkan,abez,rathil,,
2946,misery,NOUN,16,"Rapunzel grew into the most beautiful child under the sun. When she was twelve years old, the enchantress shut her into ",vorkhiz,invented,,nogruzh,larond,dragum,,
2947,murderer,NOUN,16,"When Sunday came, and it was time for the girl to start, a feeling of dread came over her which she could not explain, a",noltral,invented,,dakif,thrumdu,thruron,,
2948,pitcher,NOUN,16,"And the king sent two waiting-maids and two attendants into the tower, to fetch the queen and bring her to the royal tab",tarakint,invented,,drofungru,dafdinbu,ikalbar,,
2949,plain,NOUN,16,"“Does your honor want to cross the ferry to the Holme?” asked they. “Across to the Holme!” said the Councillor, who knew",landonk,shared,@plain/ADJ,,,,,same word as plain/ADJ
2950,proclaim,VERB,16,"And now the old king gathered together his court, and asked all his kingdom to come and celebrate the wedding of his son",klakarg,invented,,gramlal,thagne,umdhrol,,
2951,sexton,NOUN,16,"Before long the sexton came by and saw his master, the parson, running behind three girls. He was astonished at this and",thrutok,invented,,gonton,thrinank,zhandung,,
2952,shoemaker,NOUN,16,The second tablet said: ‘The key of the princess's bed-chamber must be fished up out of the lake.’ And as the dwarf came,grotron,invented,,dengdrom,wazdan,vardilg,,
2953,stride,VERB,16,"When she had gone away, the girl got up and went to her sweetheart, who was called Roland, and knocked at his door. When",hengrog,invented,,noret,lukand,struzuz,,
2954,wit,NOUN,16,"When they came to the parson's house, Tom slipped through the window-bars into the room, and then called out as loud as ",kasham,invented,,vazkat,markak,strara,,
2955,wither,VERB,16,"Then he looked around him, and said, ‘I wish I had something to eat, if not I shall be worse off than before; for here I",narleb,invented,,grangle,zanrag,zarbeng,,
2956,adult,NOUN,15,"One sunny day, Ben and his friends wanted to try some new French food for lunch. They asked their robot helper, Techy, t",ridhrag,invented,,lundrus,drukurn,granin,,
2957,algorithm,NOUN,15,In a bustling city lived a group of friendly robots named SOLvers (Super Optimized Logicers). They were always curious a,krarush,invented,,dalgig,harkhaz,greftak,,
2958,analysis,NOUN,15,"Little Coder was working hard on their latest project - they were trying to calculate something called the ""bivariate Po",ugarl,invented,,vurkhaz,buzku,akflong,,
2959,astronaut,NOUN,15,"Once upon a time, in a small town called Rocketville, lived two best friends named Sam and Alex. They were both curious ",kumbeg,invented,,thruraz,gruzdazh,stroba,,
2960,bet,VERB,15,"It was a sunny day and Billy, Madison, and Ryan were having a picnic in the park. They were eating juicy, red watermelon",grenturo,invented,,donagdhan,kaloshul,solgoketh,,
2961,designer,NOUN,15,"Once upon a time, in a small town named Techville, lived two best friends – Alex and Jamie. They loved exploring new thi",thakhgran,invented,,nengrord,gardriz,smakang,,
2962,employee,NOUN,15,"Once upon a time, in a small town named Explorville, lived two best friends - Benny the Beaver and Sammy the Squirrel. T",songnok,invented,,staral,gikrun,grazhraz,,
2963,etch,VERB,15,"In a small village on the windswept shores of the Shetland Islands, two curious children named Erin and Liam lived. They",vaztuk,invented,,glinkak,nuril,krenkur,,
2964,hometown,NOUN,15,"In the bustling city of Cleveland, a baby boy named Albert B. White was born. As he grew up, his curiosity bloomed like ",gurukul,invented,,hunolal,dunglubaz,ilandrik,,
2965,info,NOUN,15,In a bustling city lived two bright young inventors named Alex and Taylor. They loved building things and making their c,dufrathlaz,invented,,ongoros,inkanga,drotiral,,
2966,joyous,ADJ,15,"Little Timmy loved exploring his family's backyard. One sunny afternoon, he found a mysterious old book hidden beneath s",grazathsham,invented,,thalgobag,zurunku,karebnal,,
2968,local,NOUN,15,"In a faraway place called Aotearoa, there was a vibrant city known as Tāmaki Makaurau, or Auckland to us! This bustling ",nukthrek,shared,@local/ADJ,,,,,same word as local/ADJ
2969,lung,NOUN,15,"One bright, beautiful day, Lucy and her little brother Tommy discovered a secret place in the woods – a quiet, magical f",brakel,invented,,wuzhrul,bawuk,grurkhush,,
2970,mesmerize,VERB,15,"Once upon a time, in the bustling city of San Francisco, lived four best friends - Sara the butterfly, Benny the bumbleb",karkhakh,invented,,dalkhrak,kladez,drumol,,
2971,mix,NOUN,15,"Once upon a time, in a small town named Harmonyville, lived four best friends - Quincy the Quester, Radley the Rocker, O",trorku,shared,@mix/VERB,,,,,same word as mix/VERB
2972,penguin,NOUN,15,"Once upon a time in a bustling town, there lived three little animals named Timmy the Tortoise, Benny the Bunny, and Sal",rikoz,invented,,thramguk,drakus,thrankeg,,
2973,physics,NOUN,15,"One sunny day, Little Timmy decided to watch a new movie he had been excited about. As the credits rolled, his face fell",throkil,invented,,zalbuk,krinbu,grarkhon,,
2974,rebuild,VERB,15,"Once upon a time, in a faraway land called Jerusalem, lived a kind and wise man named Ezra. Ezra loved learning about th",bazukang,invented,,zaduntand,gragreros,erbokwun,,
2975,reef,NOUN,15,"Deep beneath the ocean surface, in a world full of color and mystery, lived two best friends named Finnley the Anglerfis",ganung,invented,,dhribkat,zalelg,friskan,,
2976,soda,NOUN,15,"Little James loved exploring the world of numbers and soda! One sunny afternoon, he decided to buy some sodas for himsel",abtrin,invented,,gazorg,vilgral,kazront,,
2977,station,NOUN,15,"Once upon a time, in a small town called Rocketville, lived two best friends named Sam and Alex. They were both curious ",skrilo,invented,,vondrek,stovang,gramshu,,
2978,studio,NOUN,15,"Once upon a time, in a small town named ""Cinema Village,"" lived ten little friends: Rico the Rhino from Brazil, Pato the",wangugrug,invented,,araskath,ungogro,arerorl,,
2979,technological,ADJ,15,"Once upon a time in Techville, there was a brilliant team of engineers called ""Best Brains"" working at the esteemed orga",gritas,invented,,thazan,manalg,kroruz,,
2980,theater,NOUN,15,"In a small town named Gigglewood, lived two best friends, Benny the Bunny and Dina the Dolphin. They loved watching movi",gramoma,invented,,krarizdam,riraluk,ribrakug,,
2981,upcoming,ADJ,15,"In a bustling town filled with vibrant colors and exciting events, lived two best friends named Alex and Taylor. They we",ulanag,invented,,angoskak,mabengun,gromthoza,,
2982,visual,ADJ,15,"One sunny day, Little Timmy decided to watch a new movie he had been excited about. As the credits rolled, his face fell",grunborik,invented,,dodnarak,gazinelk,anazhum,,
2983,wilt,VERB,15,"Once upon a time, in a small town called Harmonyville, there lived two best friends named Sam and Alex. They were both c",stragak,invented,,katla,kudin,zunkok,,
2984,endeavor,NOUN,15,"Once upon a time, in the bustling halls of Beaumont High School, there was a talented basketball team known as the Wildc",khraking,invented,,molkrum,vorbum,valel,,
2985,mineral,NOUN,15,"In a small town filled with curious kids, lived Lucy who loved exploring the world around her. She had a friend named Sa",grotuk,invented,,brenro,droriz,badand,,
2986,popularity,NOUN,15,"In the bustling town of Westwood, lived four eighth-grade girls: Vanessa, Stacy, Nikki, and Tiffany. They were known as ",flunkul,invented,,sagrus,grozhgoz,skalurg,,
2987,precision,NOUN,15,"One sunny day, the Super Sports Squad - Draymond, Curry, Kelly, Durant, and Klay - decided to play a basketball game. Th",mezhrutaz,invented,,zangazrel,brerazhrik,mumganon,,
2988,preservation,NOUN,15,"Once upon a time, in a small town called Sandy Shores on the beautiful Cayman Islands, lived three best friends - Sally ",granuzk,invented,,droftal,trerund,strolu,,
2989,shift,NOUN,15,"Once upon a time, in a small town called Harmonyville, lived two best friends - Benny the Beaver and Sally Sunshine, a c",hanruzk,invented,,thrordut,skozkal,ruvas,,
2990,starry,ADJ,15,"In a bustling town, there was a big decision to be made. Mr. Investor was thinking about putting money into a new movie ",adom,invented,,makarg,bakskel,khranrez,,
2991,temporary,ADJ,15,"Once upon a time, in a small town called Sandy Shores on the beautiful Cayman Islands, lived three best friends - Sally ",gingimaz,invented,,wukagraz,alkalmaz,uwanra,,
2992,grin,VERB,15,"It was a sunny day and Billy, Madison, and Ryan were having a picnic in the park. They were eating juicy, red watermelon",dhranal,invented,,strulu,multhrug,bonglol,,
2993,lurk,VERB,15,"Deep beneath the ocean surface, in a world full of color and mystery, lived two best friends named Finnley the Anglerfis",aldwe,invented,,skombu,skirun,skruro,,
2994,writer,NOUN,15,"In a bustling town filled with creativity and art, lived a curious little girl named Lily. She loved visiting the local ",utantun,invented,,gagrirul,ulmaraz,graddharol,,
2996,precaution,NOUN,15,"Once upon a time in Cyberville, there was a smart little robot named Byte. Byte loved learning about all things technolo",unbiz,invented,,frimlin,labal,dongok,,
2998,abandon,VERB,15,"Once upon a time, in a town called Melody Meadows, lived two best friends named Bella the Butterfly and Sammy the Squirr",grondu,invented,,hengthrul,kvangriz,graguth,,
3000,double,ADJ,15,"Once upon a time in the beautiful city of Amsterdam, there lived two best friends named Anna and Ben. They loved explori",glutan,invented,,kungkab,thrabak,zindrar,,
3001,majestic,ADJ,15,"Once upon a time, three animal friends named Sammy the spider monkey, Pedro the puma, and Maria the macaw lived in the l",iraz,invented,,vongrek,wawe,rumga,,
3002,waste,VERB,15,"Once upon a time, in a small town named Harmonyville, lived Grandma Appleberry and her little grandson, Timmy. They both",varkhun,shared,@waste/NOUN,,,,,same word as waste/NOUN
3003,acknowledge,VERB,15,"Once upon a time, in a peaceful village nestled between green hills, lived three best friends - Sally the scientist, Tim",wunoral,invented,,thodoruz,logubal,anarskik,,
3004,persistent,ADJ,15,"Once upon a time, in a peaceful village nestled between green hills, lived three best friends - Sally the scientist, Tim",dikwan,invented,,kangash,karunk,kungnand,,
3005,sum,NOUN,15,"Once upon a time, in the bustling halls of Beaumont High School, there was a talented basketball team known as the Wildc",trenal,invented,,sozan,kosiz,bolern,,
3006,organ,NOUN,15,And behold! to the Shoes of Fortune this was the cue; the whole man shrunk together and a most uncommon journey through ,graszin,invented,,wumbol,drakdag,kangat,,
3008,dip,VERB,15,"When the wild man had once more reached the dark forest, he took the boy down from his shoulder, and said to him: ‘You w",sugrok,invented,,grorboz,barbarn,vatrong,,
3009,grandfather,NOUN,15,"However, she was not dead, but had only fallen into a deep sleep; and the king and the queen, who had just come home, an",zenrog,invented,,ardreth,rondil,dradaz,,
3010,pane,NOUN,15,"The woman led the children still deeper into the forest, where they had never in their lives been before. Then a great f",ronoku,invented,,mizgabriz,korathun,khununor,,
3012,stock,NOUN,15,"Time passed on again, and the youngest son too wished to set out into the wide world to seek for the golden bird; but hi",begrif,invented,,skreral,dankel,glogal,,
3013,extend,VERB,15,"He was now in the heart of the wife of this worthy gentleman. It was an old, dilapidated, mouldering dovecot. The husban",gukam,invented,,rezbok,gagskan,thingthril,,
3014,maker,NOUN,15,"The kind Mermaid, grieved at the sad fate of the lovers, caused them to be changed into two tall palm trees, which stand",drobguz,invented,,kidrol,khanun,krungra,,
3015,rider,NOUN,15,"The giant, thereupon, carried the man to within about a hundred leagues of the castle, where he left him, saying, ‘You w",khrangong,invented,,kanvik,nukfluk,glagind,,
3016,satisfaction,NOUN,15,The whole city was talking of the splendid cloth which the Emperor had ordered to be woven at his own expense. And now t,dolgozung,invented,,tazingo,bozangkak,dumbardal,,
3017,sens,NOUN,15,“He will have a hundred kisses from the Princess!” said the lady who had been to ask. “I think he is not in his right se,rintern,invented,,griroz,darbal,kimduz,,
3018,spacious,ADJ,15,"They went on together, and as they passed a cherry-tree, the giant laid hold of the top of the tree where the ripest fru",garandra,invented,,azural,zizonglid,klolgaruz,,
3019,appetite,NOUN,15,"‘The better to hear you with, my child,’ was the reply. ‘But, grandmother, what big eyes you have!’ she said. ‘Oh! but, ",zirink,invented,,sashaz,aldhal,kamlezk,,
3020,ascend,VERB,15,"On the same day that she cast out Rapunzel, however, the enchantress fastened the braids of hair, which she had cut off,",ungrosh,invented,,onkong,trothzal,dozhuf,,
3022,brightness,NOUN,15,"Thus the princess became a kitchen-maid, and helped the cook to do all the dirtiest work; but she was allowed to carry h",zhonolthrul,invented,,konrubam,aftoru,gotronkar,,
3023,costly,ADJ,15,"She mumbled something to herself, seized the nightingale, and went away with it in her hand. Poor Jorindel saw the night",fruzkhuz,invented,,throzguz,grokhshaz,reruz,,
3024,drift,VERB,15,"There, in the market-place, some of the boldest of the boys used to tie their sledges to the carts as they passed by, an",mizung,invented,,zanez,wazgolg,gashkhrak,,
3025,execute,VERB,15,"Now it so happened that on this very day the queen lost her most beautiful ring, and suspicion of having stolen it fell ",brafrul,invented,,khugru,grazbam,umard,,
3026,fatigue,NOUN,15,"One summer's morning a little tailor was sitting on his table by the window; he was in good spirits, and sewed with all ",ungrork,invented,,montan,zomik,krazer,,
3027,favorite,NOUN,15,“If the King had sent me to the Princess Goldilocks I am sure she would have come back with me.” His enemies at once wen,defraz,shared,@favorite/ADJ,,,,,same word as favorite/ADJ
3029,insist,VERB,15,"Then the peasants were vexed that the small peasant should have thus outwitted them, wanted to take vengeance on him, an",kathga,invented,,kluzhraf,nital,bawath,,
3030,literature,NOUN,15,The prime importance of the rude fragments of poetry preserved in early Icelandic literature will now be disputed by non,grarab,invented,,grubeb,dekol,sibam,,
3031,renowne,VERB,15,"The lords of the bedchamber, who were to carry his Majesty's train felt about on the ground, as if they were lifting up ",grungkaz,invented,,kiwa,dwizok,zanbas,,
3032,cure,NOUN,15,"Hans brushed his coat, wiped his face and hands, rested a while, and then drove off his cow quietly, and thought his bar",grazulg,shared,@cure/VERB,,,,,same word as cure/VERB
3033,lifeless,ADJ,15,"The next time Odin presented himself before the capricious damsel, he was disguised as a dashing warrior, for, thought h",ikenag,invented,,vakondral,dobkankul,wazhtankal,,
3034,penetrate,VERB,15,"“We have travelled fast,” said she; “but it is freezingly cold. Come under my bearskin.” And she put him in the sledge b",dwirkon,invented,,gorbog,dramoz,dalbos,,
3035,resemblance,NOUN,15,"“I either behold a fata morgana, or I am regularly tipsy,” whimpered out the Councillor. “But what's this?” He turned ro",grazref,invented,,nolgrir,zulkhul,ginat,,
3036,rival,NOUN,15,“A celebrated physician has just come from Janina in Albania. He alone can cure the King and give him back the strength ,krakan,invented,,grurkhil,drordan,dathonk,,
3037,sacrifice,NOUN,15,"""Through our whole lives we strive towards the sun; That burning forehead is the eye of Odin. His second eye, the moon, ",kinkuk,invented,,nokiz,stankok,vazhrak,,
3038,sufficient,ADJ,15,"And so there he lay on the uppermost bank in the vapor-bath; but with all his clothes on, in his boots and galoshes, whi",grezdak,invented,,skraro,ginduz,humgiz,,
3039,altar,NOUN,15,"A certain cat had made the acquaintance of a mouse, and had said so much to her about the great love and friendship she ",halkurk,invented,,skrunim,kengrom,gandruk,,
3040,banish,VERB,15,"The Prince was brought up with great care; and, as soon as he could speak, they told him all sorts of dreadful stories a",brundal,invented,,varduz,bruskog,glantan,,
3041,chief,ADJ,15,"The old king was still very angry with his youngest son, and thought that he really meant to have taken away his life; s",wanas,invented,,dalof,olkhrik,vomig,,
3042,claw,NOUN,15,"The goldsmith was in his workshop making a gold chain, when he heard the song of the bird on his roof. He thought it so ",anrigruk,invented,,unkakosh,rungkodu,drogangif,,
3043,desert,VERB,15,"The shepherd did as she bade him, and next morning just as day dawned, he saw the chest open, and the flower come out. S",rezhaz,shared,@desert/NOUN,,,,,same word as desert/NOUN
3044,don,VERB,15,"None but Odin and his wife and queen Frigga were privileged to use this seat, and when they occupied it they generally g",brarbu,invented,,sadral,varbag,durum,,
3045,gallop,VERB,15,"Then he was brought before the king, and the king said, ‘You shall never have my daughter unless in eight days you dig a",kilgun,invented,,thrunglish,kungrurk,nalkhum,,
3046,loom,NOUN,15,"So the two pretended weavers set up two looms, and affected to work very busily, though in reality they did nothing at a",havarm,invented,,slunkol,drarbun,valel,,
3047,plume,NOUN,15,"The bear and the wolf grew uneasy, and turned back and went into their holes. The young willow-wrens, however, continued",mungnath,invented,,krekron,krozban,dathgon,,
3048,prey,NOUN,15,"On the same day that she cast out Rapunzel, however, the enchantress fastened the braids of hair, which she had cut off,",brengir,invented,,zharbab,engrot,bendra,,
3049,procession,NOUN,15,"Dummling went and cut down the tree, and when it fell there was a goose sitting in the roots with feathers of pure gold.",grirburol,invented,,skurozin,alkhruron,khungretu,,
3050,tread,VERB,15,"After they had travelled along a little way, they met a needle and a pin walking together along the road: and the needle",drongle,invented,,kolgrem,skunal,karlof,,
3052,agreeable,ADJ,15,"“Yes; but it is a chain, friend, which ensures you the blessed bread of existence,” answered the poet. “You need feel no",azalfis,invented,,drengagrun,barakron,gralazob,,
3053,deck,VERB,15,"But she was mistaken; for when night came again she heard the same tapping at the door; and the frog came once more, and",khrolgak,invented,,angath,vontok,klagif,,
3054,dismount,VERB,15,"After this he rode up the glass mountain. When he reached the gate of the castle, he found it closed, but he gave it a b",argraz,invented,,draskul,khranik,drekwak,,
3055,entreaty,NOUN,15,"Meanwhile the miser crept out of the bush half-naked and in a piteous plight, and began to ponder how he should take his",guzkik,invented,,zondru,abkar,girkhag,,
3056,fancy,NOUN,15,"Before long the cat was seized by another fit of yearning. She said to the mouse: ‘You must do me a favour, and once mor",azbeg,shared,@fancy/ADJ,,,,,same word as fancy/ADJ
3057,flame,VERB,15,"Grand, solemn, and dark was the whole landscape around. The gigantic pine-forests, on the pointed crags, seemed almost l",karkhuz,shared,@flame/NOUN,,,,,same word as flame/NOUN
3058,heel,NOUN,15,"A king and queen once upon a time reigned in a country a great way off, where there were in those days fairies. Now this",dragang,invented,,ungnan,bargozk,drazerg,,
3059,idle,ADJ,15,"‘Alas! alas! if your mother knew it, Sadly, sadly, would she rue it.’ And as she leaned down to drink, the lock of hair ",guba,invented,,bentun,danglel,gonka,,
3060,mourn,VERB,15,"Thus Chanticleer was left alone with his dead Partlet; and having dug a grave for her, he laid her in it, and made a lit",grazguk,invented,,grago,wenkuk,trataz,,
3061,odin,INTJ,15,"""He gave to Hermod A helm and corselet, And from him Sigmund A sword received."" When Odin took an active part in war, he",vazoruz,shared,@odin/NOUN,,,,,same word as odin/NOUN
3062,ornament,NOUN,15,“This evening!” they all said. “How it will shine this evening!” “Oh!” thought the Tree. “If the evening were but come! ,vekrol,invented,,drufrun,unkut,manmak,,
3063,rejoicing,NOUN,15,"This, too, happened as the fox said; they carried off the bird, the princess mounted again, and they rode on to a great ",khrandal,invented,,azhrek,gretru,dogwul,,
3064,saddle,NOUN,15,Before the castle gate all was as the fox had said: so the son went in and found the chamber where the golden bird hung ,ralun,invented,,skabil,dangnar,skuhal,,
3065,stately,ADJ,15,The following day the king's daughter asked the gardener about his boy. ‘He is at work in the garden; the queer creature,zatvar,invented,,kengral,valdreg,goskard,,
3066,sup,VERB,15,The Prince and the Fairy (for that was who she was) had no sooner looked at one another than they went into fits of laug,skuzeng,invented,,zolkar,bigrar,zandum,,
3067,vain,NOUN,15,"She mumbled something to herself, seized the nightingale, and went away with it in her hand. Poor Jorindel saw the night",zidrir,shared,@vain/ADJ,,,,,same word as vain/ADJ
3068,wad,VERB,15,"“I can't bear to see you fretting,” said the little robber maiden. “This is just the time when you ought to look pleased",klukril,invented,,grubra,addhran,wungthrik,,
3069,artwork,NOUN,14,"Once upon a time, in the bustling city of San Francisco, lived four best friends - Sara the butterfly, Benny the bumbleb",grendakaz,invented,,vekunguz,dardrangag,orkaku,,
3070,biology,NOUN,14,"Once upon a time, in the bustling halls of Beaumont High School, there was a talented basketball team known as the Wildc",buzguf,invented,,flengez,thrazgo,vusan,,
3071,campaign,NOUN,14,"Once upon a time, in a small town called Socialville, lived two best friends named Benny the Business Bear and Sammy the",dradakak,invented,,klambubak,rolurin,gruzhurluz,,
3072,cancer,NOUN,14,"Little Timmy loved learning about the human body. One day, he found a mysterious book in the library called ""The Adventu",zhuzon,invented,,ribum,kvalak,vogrob,,
3073,chemistry,NOUN,14,"Once upon a time, in the beautiful city of Cagliari, Italy, there lived four friends named Marco, Sofia, Luca, and Giada",binak,invented,,bamarn,dunthruz,kanong,,
3074,emit,VERB,14,"Once upon a time, in a small town named Slumberville, lived two best friends - Timmy Tuckered and Sara Snuggled. They we",ginro,invented,,gazhu,skralan,zantog,,
3075,function,VERB,14,"In a tiny village lived busy little cells. They were always working hard, carrying out important tasks. But they had one",amakut,shared,@function/NOUN,,,,,same word as function/NOUN
3076,global,ADJ,14,"Deep in the heart of a bustling city lived two young friends, Jamal and Sofia. They loved learning new things, especiall",kingnan,invented,,veze,zhazhrun,skuduz,,
3077,huddle,VERB,14,"Once upon a time, in the thick of winter, General George Washington and his brave soldier friends found themselves campe",naguk,invented,,zalan,dekros,frangner,,
3078,juicy,ADJ,14,"It was a sunny day and Billy, Madison, and Ryan were having a picnic in the park. They were eating juicy, red watermelon",sazkin,invented,,krumbith,grubaz,drutal,,
3079,knowledgeable,ADJ,14,"Once upon a time, three animal friends named Sammy the spider monkey, Pedro the puma, and Maria the macaw lived in the l",dalguma,invented,,urburob,kanurog,kalaldrung,,
3080,learner,NOUN,14,"Once upon a time, in a small town named Knowville, there lived two best friends - Timmy the Turtle and Sally the Squirre",rikang,invented,,dharezh,vardu,krukul,,
3082,meter,NOUN,14,"Once upon a time, in the land of Athletica, lived three best friends - Speedy Sammy, Jumpy Jack, and Strong Sally. They ",dwagdhak,invented,,gawe,boksko,ramgok,,
3083,mindfulness,NOUN,14,"Once upon a time in a small town named Serenity Springs, lived two best friends, Timmy the Tortoise and Katie the Koala.",algrang,invented,,brabra,dudiz,zukthrir,,
3084,minimize,VERB,14,"Once upon a time, in a town called Eco-ville, lived two best friends - Sammy the Scientist and Jamie the Chef. They love",tungru,invented,,akfloz,zandrin,abgrol,,
3085,panic,VERB,14,"In a bustling playground, lived two best friends - Benny the butterfly and Sammy the sparrow. They spent their days expl",kiragreng,invented,,skazozdur,hariba,zakuzhrond,,
3087,predator,NOUN,14,It was a grand day at the palace! All the debutantes were getting ready for their big entrance into society. Do you know,khunkong,invented,,brurol,dhruzang,wenrak,,
3088,president,NOUN,14,"In a small town in Texas lived a funny yet peculiar man named Jack Griffith, also known as Papa to his two daughters, Au",hakunt,invented,,gratzak,undorg,kardraz,,
3089,researcher,NOUN,14,"Long, long ago, in a bustling library filled with ancient scrolls and dusty books, lived two curious friends - Timmy, th",drimbum,invented,,zashthraz,bangthrel,darbal,,
3090,resilient,ADJ,14,"Once upon a time, in a galaxy far away, there was a planet called New Eden. It was a beautiful place where many differen",kalakal,invented,,graralkha,ungthrulu,zirobrund,,
3091,scenic,ADJ,14,"Once upon a time, in a small town named Sunnyville, lived two best friends - Timmy the Tortoise and Benny the Bird. They",smikink,invented,,gongnal,ruzbuk,stugrez,,
3092,simultaneous,ADJ,14,"In a bustling town full of curious kids lived two best friends, Timmy and Sara. They loved nothing more than reading boo",dugang,invented,,arat,ringlund,drunurd,,
3093,stadium,NOUN,14,In a bustling city lived two energetic kids named Mia and Ben. They both loved playing soccer and dreamed of being part ,rigon,invented,,throntaz,azfrat,khrizag,,
3094,timmy,ADJ,14,"Once upon a time, in a small town named Techville, lived two best friends - Timmy the Tinkerer and Sally the Scientist. ",sizkor,invented,,grezkag,dukez,bengrum,,
3095,trash,NOUN,14,"Once upon a time in the lovely town of Reddish, there lived two best friends named Sam and Alex. They loved exploring th",mulamlum,invented,,kreratuz,khagretrik,zatiduk,,
3096,unfair,ADJ,14,"Once upon a time in a bustling town, there were two best friends named Alex and Taylor. They loved exploring different s",koga,invented,,zobun,wazut,kizbal,,
3097,unfamiliar,ADJ,14,"Once upon a time, in the bustling city of San Francisco, lived four best friends - Sara the butterfly, Benny the bumbleb",urdun,invented,,lanthrez,dezfrak,lukin,,
3099,yeah,INTJ,14,"In a bustling town called Dataville, lived two best friends, Sammy the Software Engineer and Alex the Application Develo",trangrol,invented,,ingol,hashkvan,zekwa,,
